Indicadores municipales de sostenibilidad: Deuda viva del Ayuntamiento por habitante (?);;;;;;;;;;;;;;;;;;;;;
"";;;;;;;;;;;;;;;;;;;;;
Resumen de datos;;;;;;;;;;;;;;;;;;;;;
Entidad;;2022;2021;2020;2019;2018;2017;2016;2015;2014;2013;2012;2011;2010;2009;2008;2007;2006;2005;2004;2003
Araba/Álava;;280,62;271,01;276,74;266,31;295,22;323,97;346,43;363,24;374,87;412,43;450,96;466,56;457,38;357,97;220,12;182,31;183,30;184,60;194,02;186,08
Bizkaia;;47,88;46,29;56,38;65,03;78,77;86,87;100,15;105,06;125,52;139,57;152,86;158,20;164,38;136,64;141,23;147,33;170,16;191,73;200,92;195,06
CAE;;116,88;119,91;145,18;154,50;166,03;179,16;200,44;214,77;240,25;261,87;282,48;296,73;303,19;277,12;249,23;232,34;244,89;255,38;262,00;261,83
Gipuzkoa;;150,82;167,22;226,06;245,94;246,02;260,53;294,49;323,25;363,69;391,34;416,97;445,85;460,86;471,53;440,33;394,96;396,01;391,06;391,90;404,24
"";;;;;;;;;;;;;;;;;;;;;
Detalle por comarcas;;;;;;;;;;;;;;;;;;;;;
Código comarca;Comarca;2022;2021;2020;2019;2018;2017;2016;2015;2014;2013;2012;2011;2010;2009;2008;2007;2006;2005;2004;2003
01100;Arabako Ibarrak / Valles Alaveses;109,04;80,97;112,68;141,91;167,03;210,22;271,80;292,94;325,78;339,08;320,51;326,44;336,07;74,22;90,52;96,11;90,31;111,41;13,69;15,20
01200;Arabako Lautada / Llanada Alavesa;342,37;330,81;336,22;320,88;354,74;387,77;411,61;426,70;434,97;476,35;522,31;535,84;520,87;397,14;229,56;183,48;181,58;174,47;190,70;185,99
01300;Arabako Mendialdea / Montaña Alavesa;51,42;66,37;86,44;110,36;130,41;143,10;111,01;131,78;148,44;155,85;187,41;152,49;124,73;37,71;44,51;51,71;58,86;85,08;140,77;63,05
48100;Arratia Nerbioi / Arratia-Nervión;47,08;123,64;161,00;163,58;191,03;198,73;168,36;188,72;215,69;250,85;276,99;312,61;350,86;385,96;396,10;410,98;461,26;538,94;366,12;171,53
20200;Bidasoa Beherea / Bajo Bidasoa;159,09;127,86;158,83;191,38;224,18;256,71;302,86;351,17;399,75;448,00;493,17;550,14;540,07;531,33;447,94;404,98;315,49;227,70;250,90;109,90
48200;Bilbo Handia / Gran Bilbao;40,55;35,43;45,51;54,78;67,84;73,51;84,54;82,25;99,61;108,42;120,10;125,84;130,32;106,35;112,99;128,33;159,10;191,48;207,96;206,55
20100;Deba Beherea / Bajo Deba;55,60;64,58;80,85;93,47;95,54;121,65;153,93;192,11;240,93;279,72;325,06;334,35;304,37;336,60;305,64;328,98;351,80;331,93;352,15;383,43
20300;Debagoiena / Alto Deba;239,54;255,19;271,43;316,85;179,10;232,54;263,67;310,67;381,07;437,89;510,16;599,69;495,78;516,94;467,25;490,37;524,52;494,39;441,63;471,34
20400;Donostialdea / Donostia-San Sebastián;161,88;184,14;293,43;299,46;300,63;295,14;329,11;335,19;380,15;389,80;395,54;410,54;451,80;454,71;448,94;374,75;385,47;422,29;432,44;467,83
48300;Durangaldea / Duranguesado;102,91;115,66;125,05;123,96;136,28;148,31;167,99;186,21;209,65;223,29;261,84;294,81;323,35;238,02;244,91;255,52;234,09;197,70;182,75;190,31
48400;Enkartazioak / Encartaciones;31,44;36,49;24,79;34,91;52,58;68,52;82,52;104,31;134,32;190,55;224,85;221,18;119,98;128,47;118,74;143,42;163,35;148,86;184,54;196,98
01400;Errioxa Arabarra / Rioja Alavesa;67,32;78,37;96,61;121,91;150,75;189,58;234,62;314,03;398,93;481,32;495,53;585,95;628,10;676,86;603,55;549,82;573,44;648,66;548,98;573,85
48500;Gernika-Bermeo;104,28;120,14;121,11;142,82;163,10;182,75;202,75;244,39;279,34;314,41;234,73;242,00;291,53;227,21;215,97;161,22;176,54;137,67;155,37;178,18
20500;Goierri;135,80;154,02;115,12;163,25;176,58;177,17;195,83;235,24;235,29;259,06;246,82;239,73;274,90;286,76;316,81;315,06;361,53;325,91;282,41;314,95
01500;Gorbeia Inguruak / Estribaciones del Gorbea;0,00;0,00;0,00;0,00;0,00;0,00;9,19;20,52;32,97;45,78;52,00;56,65;62,12;133,09;25,05;36,15;47,46;71,55;66,70;84,92
01600;Kantauri Arabarra / Cantábrica Alavesa;0,00;0,00;0,00;0,00;3,51;7,01;13,78;23,40;33,82;45,75;57,80;69,84;82,12;95,05;107,42;110,97;124,36;152,63;165,47;123,21
48600;Markina-Ondarroa;107,32;47,29;66,87;83,56;111,66;126,53;154,20;188,38;231,41;298,63;353,25;378,62;354,10;327,55;311,74;300,89;271,99;301,45;258,05;171,94
48700;Plentzia-Mungia;1,72;2,76;17,57;21,56;27,45;48,77;91,64;124,42;157,84;179,21;214,88;148,19;173,57;173,87;171,89;63,01;57,88;47,59;58,44;38,16
20600;Tolosaldea / Tolosa;129,30;165,45;211,67;254,20;297,40;334,91;355,91;400,19;451,50;479,71;532,12;574,14;548,09;579,08;575,98;603,03;518,72;352,69;317,45;248,05
20700;Urola-Kostaldea / Urola Costa;117,60;148,80;180,56;192,55;228,05;267,49;315,06;379,42;390,88;446,31;502,47;552,86;621,35;648,54;499,95;382,69;405,39;466,45;496,33;573,10
"";;;;;;;;;;;;;;;;;;;;;
Detalle por municipios;;;;;;;;;;;;;;;;;;;;;
Código municipio;Municipio;2022;2021;2020;2019;2018;2017;2016;2015;2014;2013;2012;2011;2010;2009;2008;2007;2006;2005;2004;2003
48001;Abadiño;0,00;0,00;2,34;74,30;113,55;160,57;177,65;246,26;295,76;355,83;414,04;466,96;531,45;581,35;497,41;551,24;607,53;319,03;356,11;384,87
20001;Abaltzisketa;121,15;179,09;228,01;0,00;0,00;0,00;0,00;11,73;11,54;11,54;102,38;125,26;148,83;170,94;191,07;208,77;222,67;228,07;262,95;289,26
48002;Abanto y Ciérvana-Abanto Zierbena;241,00;57,36;102,94;146,55;191,71;233,91;241,70;286,37;328,06;381,44;422,25;506,66;537,86;411,44;419,68;422,58;270,27;136,35;28,57;54,61
20002;Aduna;0,00;0,00;0,00;0,00;0,00;0,00;129,34;225,66;327,75;425,87;507,95;567,53;620,30;706,84;754,79;1.958,58;2.065,17;2.397,65;1.978,24;1.463,07
20016;Aia;0,00;0,00;0,00;0,00;0,00;0,00;0,00;0,00;0,00;0,00;0,00;0,00;0,00;0,00;0,00;0,00;0,00;0,79;4,63;12,37
20003;Aizarnazabal;400,92;468,77;524,95;594,22;667,34;732,90;797,95;883,09;951,09;1.021,61;1.096,69;1.185,29;1.305,58;1.450,65;0,00;0,00;17,92;54,94;91,22;155,32
48911;Ajangiz;0,00;0,00;0,00;0,00;0,00;0,00;0,00;0,00;0,00;0,00;0,00;0,00;0,00;0,00;0,00;0,00;0,00;0,00;0,00;0,00
20004;Albiztur;208,75;256,62;297,27;350,35;389,95;422,95;0,00;0,00;184,34;196,08;0,00;0,00;0,00;0,00;0,00;0,00;0,00;0,00;0,00;0,00
20005;Alegia;0,00;0,05;313,20;367,18;429,25;462,45;79,11;94,71;109,50;124,39;124,47;153,64;168,43;199,33;236,55;260,89;284,99;104,01;189,04;237,36
01001;Alegría-Dulantzi;415,84;184,18;229,70;296,44;377,57;456,45;253,00;333,08;398,69;464,29;553,76;627,74;735,32;632,82;615,27;500,71;528,59;551,15;604,35;13,76
20006;Alkiza;585,21;680,27;0,00;0,00;0,00;0,00;0,00;0,00;0,00;0,00;0,00;0,00;0,00;0,00;0,00;0,00;0,00;0,00;0,00;0,00
48912;Alonsotegi;0,00;137,27;290,90;356,98;413,47;739,52;741,61;1.034,00;1.221,45;1.300,19;1.399,74;958,51;1.023,87;1.072,13;627,44;651,08;24,07;43,55;71,52;98,73
20906;Altzaga;0,00;0,00;0,00;0,00;0,00;0,00;0,00;0,00;0,00;0,00;66,67;83,18;109,60;256,38;331,43;417,83;494,82;584,48;656,06;725,06
20007;Altzo;0,00;0,00;0,00;0,00;0,00;0,00;0,00;0,00;0,00;0,00;0,00;0,00;0,00;0,00;0,00;0,00;0,00;0,00;0,00;0,00
20008;Amezketa;0,08;0,08;27,98;56,30;85,62;125,75;167,82;209,59;545,49;597,60;660,51;723,82;776,87;790,51;459,25;472,11;496,97;156,68;157,99;159,17
48003;Amorebieta-Etxano;32,54;47,41;68,48;89,26;111,26;133,86;157,01;180,80;204,22;228,03;281,02;304,78;317,70;0,00;0,00;0,00;0,00;0,00;0,21;2,64
48004;Amoroto;73,19;0,00;0,00;0,00;0,00;0,00;0,00;0,00;0,00;0,00;0,00;0,00;0,00;0,00;0,00;0,00;0,00;0,00;0,00;0,00
01002;Amurrio;0,00;0,00;0,00;0,00;11,71;23,55;43,23;70,65;105,74;141,06;177,45;213,20;250,14;284,81;317,67;354,14;397,13;438,44;479,98;372,51
20009;Andoain;287,46;323,70;356,41;393,42;434,39;384,13;355,66;187,37;218,61;257,13;303,78;330,57;341,74;283,88;88,80;103,32;120,38;149,37;110,24;138,99
20010;Anoeta;171,68;257,45;340,59;441,98;528,06;632,20;724,52;805,95;911,49;1.034,48;1.090,23;1.206,03;1.337,61;1.419,61;1.512,78;1.609,74;1.695,49;1.705,18;1.703,23;0,00
20011;Antzuola;0,00;0,00;0,00;365,18;448,45;532,06;619,96;702,64;779,16;883,22;1.032,89;1.189,34;1.297,88;1.387,42;260,55;293,57;322,63;405,07;357,73;284,08
48005;Arakaldo;0,00;0,00;0,00;0,00;0,00;0,00;0,00;0,00;0,00;0,00;0,00;0,00;0,00;0,00;0,00;0,00;0,00;0,00;0,00;0,00
20012;Arama;0,00;0,00;0,00;0,00;0,00;0,00;0,00;0,00;0,00;0,00;0,00;0,00;0,00;0,00;0,00;0,00;0,00;0,00;0,00;0,00
01003;Aramaio;0,00;0,00;0,00;0,00;0,00;0,00;52,83;118,02;186,97;252,32;269,35;278,68;2,32;2,31;29,50;67,56;102,89;204,22;134,78;171,46
48006;Arantzazu;0,00;0,00;0,00;0,00;0,00;0,00;0,00;0,00;0,00;0,00;0,00;0,00;0,00;0,00;12,24;24,48;36,97;49,63;0,00;34,87
48093;Areatza;116,30;136,28;159,25;188,91;217,60;242,56;273,01;305,15;344,86;412,00;501,01;545,21;609,71;541,44;582,24;628,01;686,97;727,44;444,67;222,57
20013;Aretxabaleta;0,00;0,00;116,12;233,49;349,35;474,77;592,69;709,80;829,41;961,95;1.115,27;1.259,08;584,49;248,99;7,65;17,55;28,42;41,72;55,95;89,09
01006;Armiñón;0,00;0,00;0,00;0,00;0,00;0,00;0,00;0,00;0,00;0,00;0,00;0,00;0,00;0,00;0,00;0,00;0,00;0,00;0,00;0,00
01037;Arraia-Maeztu;168,78;223,45;277,76;359,11;416,52;455,80;262,50;292,48;326,73;340,14;359,10;384,67;421,16;0,00;0,00;0,00;0,00;0,00;0,00;0,00
48009;Arrankudiaga;0,00;281,71;652,39;35,42;58,78;118,92;179,21;240,88;149,51;201,51;285,16;330,38;385,31;392,80;399,69;0,00;28,72;66,52;104,59;142,59
20055;Arrasate/Mondragón;0,00;0,04;0,24;1,13;15,55;59,51;74,05;107,44;151,34;199,99;259,05;324,61;234,34;297,96;346,89;397,07;450,55;452,25;259,84;330,64
48914;Arratzu;0,00;0,00;0,00;0,00;0,00;0,00;0,00;0,00;0,00;0,00;0,00;0,00;0,00;0,00;0,00;0,00;0,00;0,00;0,00;0,00
01008;Arratzua-Ubarrundia;0,00;0,00;0,00;0,00;0,00;0,00;0,00;0,00;0,00;0,00;0,00;0,00;0,00;0,00;0,00;0,00;0,00;0,00;0,00;0,00
48010;Arrieta;0,00;0,00;0,00;0,00;0,00;18,21;54,64;89,93;123,67;158,45;203,70;237,23;557,62;0,00;13,73;41,28;725,86;149,68;206,86;137,71
48011;Arrigorriaga;189,29;221,92;250,51;281,39;314,78;344,65;375,01;446,86;480,68;512,05;595,27;610,51;634,23;471,67;378,87;0,00;0,00;2,22;2,48;2,73
48023;Artea;0,00;0,00;0,00;0,00;0,00;0,00;0,00;0,00;0,00;0,00;0,00;0,00;0,00;0,00;7,06;39,64;91,35;141,50;189,57;239,98
48008;Artzentales;0,00;0,00;0,00;0,00;0,00;30,19;59,73;87,34;118,20;148,41;175,50;193,86;227,33;257,77;285,31;308,47;343,56;74,55;99,22;126,56
01004;Artziniega;0,00;0,00;0,00;0,00;0,00;0,00;0,00;0,00;0,00;0,00;0,00;0,00;0,00;0,00;0,00;0,00;7,40;112,66;38,32;54,81
01009;Asparrena;0,00;0,00;0,00;105,18;173,20;236,78;473,48;685,27;852,50;917,68;1.107,94;1.166,56;1.246,92;1.339,80;1.389,09;87,58;114,14;146,41;203,88;169,99
20014;Asteasu;132,51;184,18;237,90;293,83;361,32;474,17;564,07;627,84;680,17;811,60;968,36;883,80;470,51;532,33;581,14;619,61;675,64;1.453,48;1.517,17;1.563,73
20903;Astigarraga;0,00;0,00;0,00;0,00;31,13;49,74;72,88;94,91;121,14;153,21;197,54;251,81;366,81;411,42;479,10;553,73;513,78;589,15;710,31;791,78
20015;Ataun;0,15;42,64;83,41;121,82;162,06;204,49;313,38;337,79;375,57;398,43;65,15;75,56;0,00;0,00;0,00;0,00;0,00;0,00;21,44;42,68
48091;Atxondo;95,97;125,65;155,63;197,84;235,40;236,48;237,64;345,73;447,92;538,35;622,60;684,91;749,31;404,12;213,85;231,99;255,35;277,51;312,39;53,36
48070;Aulesti;145,35;165,19;192,13;218,75;254,85;335,08;0,00;0,00;48,67;365,55;529,47;136,67;291,74;364,48;427,53;489,35;552,17;615,89;704,03;733,17
01010;Ayala/Aiara;0,00;0,00;0,00;0,00;0,00;0,00;0,00;0,00;0,00;0,00;0,00;0,00;0,00;0,00;0,00;0,00;0,00;82,02;169,93;0,00
20017;Azkoitia;370,64;428,90;380,57;285,88;341,15;359,03;361,60;424,65;492,04;575,69;681,77;797,86;917,92;1.120,02;498,66;451,71;538,08;642,42;624,06;669,84
20018;Azpeitia;75,60;90,87;105,77;128,78;152,69;176,83;200,87;245,54;298,64;354,22;382,33;412,67;473,92;570,01;664,98;403,23;451,42;382,66;422,60;473,01
01049;Añana;388,93;431,57;482,47;514,08;535,54;597,42;643,16;713,45;771,02;779,05;876,39;879,71;928,66;945,21;987,85;1.036,30;1.055,33;1.362,32;369,87;394,04
48012;Bakio;0,00;0,00;281,60;342,77;400,31;679,84;1.391,57;1.870,99;2.349,18;2.455,44;2.588,47;794,47;915,14;1.113,37;1.176,70;328,74;461,71;596,10;727,38;3,60
20904;Baliarrain;0,00;0,00;0,00;0,00;0,00;0,00;30,94;162,16;285,66;461,61;607,02;1.556,86;954,50;1.120,60;1.378,06;1.679,68;2.009,25;2.103,11;2.240,32;2.230,18
48090;Balmaseda;0,00;0,02;34,60;75,41;117,82;160,14;201,32;242,99;315,89;451,15;491,42;531,69;47,29;25,25;38,85;50,66;79,73;122,37;161,86;147,54
48013;Barakaldo;30,47;1,63;44,10;53,43;63,21;47,55;70,75;89,05;116,32;116,64;149,17;181,59;216,94;265,99;316,25;378,18;426,40;576,56;555,55;344,79
48014;Barrika;0,00;0,00;0,00;0,00;0,00;0,00;0,00;0,00;0,00;0,00;0,00;0,00;0,00;0,00;0,00;19,98;39,42;59,16;78,51;99,75
01013;Barrundia;0,00;0,00;0,00;0,00;0,00;0,00;0,00;0,00;0,00;0,00;0,00;0,00;0,00;0,00;0,00;0,00;0,00;0,00;0,00;0,00
48015;Basauri;60,02;105,24;135,03;163,75;195,10;115,83;138,21;167,03;198,49;207,66;229,05;161,83;173,14;82,80;94,40;113,13;133,81;149,02;119,71;70,55
01011;Baños de Ebro/Mañueta;0,00;29,07;60,00;92,76;145,11;205,24;234,55;293,08;346,01;383,41;461,54;519,12;556,17;594,85;631,36;622,09;299,51;310,63;43,43;46,70
20019;Beasain;0,00;0,00;0,00;160,88;193,77;225,94;240,62;281,14;307,56;348,59;387,53;423,18;506,48;541,46;587,21;608,94;668,23;373,09;191,77;238,90
48092;Bedia;0,00;0,00;0,00;0,00;0,00;0,00;0,00;0,00;0,00;0,00;0,00;4,42;24,76;45,04;63,99;79,82;97,06;114,88;142,10;175,92
20020;Beizama;118,83;175,12;206,82;350,02;403,32;385,93;392,06;769,21;867,83;946,77;1.020,18;1.005,31;600,76;0,00;0,00;0,00;0,00;0,00;0,00;0,00
20021;Belauntza;0,00;0,00;0,00;0,00;0,00;0,00;0,00;225,11;277,22;320,18;363,17;397,94;444,52;484,57;559,13;578,20;445,15;479,12;341,41;374,24
48016;Berango;0,00;32,65;66,12;101,35;135,79;174,73;214,05;254,81;296,76;339,66;379,90;392,66;406,21;54,09;61,15;64,70;66,78;0,00;0,00;1,41
01014;Berantevilla;0,00;0,00;0,00;0,00;0,00;0,00;0,00;0,00;0,00;0,00;0,00;0,00;0,00;0,00;0,00;0,00;0,00;0,00;0,00;0,00
20022;Berastegi;248,76;311,01;377,99;451,64;515,91;576,69;634,88;694,59;765,13;842,31;902,66;974,56;57,73;72,80;88,73;103,72;122,28;137,71;154,74;171,99
20074;Bergara;337,54;385,17;332,38;390,01;402,18;457,45;454,71;465,59;553,10;552,24;587,26;689,47;758,70;896,22;884,40;887,13;888,33;890,14;904,16;912,50
48017;Bermeo;130,84;151,49;175,31;197,44;221,34;249,92;266,68;310,95;341,82;378,59;189,58;237,30;307,14;142,59;167,53;181,61;200,69;110,20;130,68;161,50
01016;Bernedo;5,30;10,79;34,49;58,24;82,47;101,94;121,53;146,78;158,98;171,69;221,65;234,34;0,00;0,00;0,00;0,00;0,00;0,00;0,00;0,00
48018;Berriatua;83,91;116,56;146,70;176,21;207,72;236,93;258,09;303,29;373,67;481,50;557,42;601,97;482,09;248,29;279,86;0,00;0,00;0,00;0,00;2,87
48019;Berriz;114,89;137,70;160,46;177,53;162,34;180,27;200,37;0,00;0,00;6,73;42,74;111,90;111,65;179,25;266,07;341,92;398,59;458,99;515,46;535,42
20023;Berrobi;86,94;107,37;179,65;248,31;318,84;387,91;454,85;539,53;607,30;700,10;839,12;951,38;887,21;651,20;799,45;824,60;867,95;262,99;304,74;352,58
20024;Bidania-Goiatz;53,30;96,98;137,90;172,48;213,63;260,25;301,42;360,69;432,15;552,88;680,40;785,03;898,94;996,32;1.123,91;653,33;707,72;757,99;447,76;149,04
48020;Bilbao;0,00;0,00;0,00;0,00;0,00;0,00;0,00;0,00;0,00;0,00;0,00;0,00;3,74;11,16;30,85;64,36;102,67;145,72;188,87;254,25
48021;Busturia;0,00;26,21;52,03;77,87;102,72;123,36;143,42;164,56;181,08;198,51;211,98;0,00;0,00;0,00;0,00;0,00;1,62;8,01;14,29;22,25
01017;Campezo/Kanpezu;0,00;0,00;0,00;0,00;0,00;0,00;0,00;0,00;0,00;0,00;39,28;61,14;83,89;107,55;127,98;148,97;169,42;188,85;331,27;117,52
20029;Deba;186,58;186,34;162,79;121,63;181,97;242,01;301,22;360,74;424,42;484,57;549,60;611,97;681,34;765,09;838,02;873,73;941,12;255,06;320,09;386,25
48901;Derio;0,00;0,00;0,00;0,00;0,00;0,00;0,00;0,00;0,00;0,00;250,93;500,50;514,84;0,00;0,00;0,00;0,00;0,00;2,23;12,66
48026;Dima;25,13;93,07;158,68;231,25;301,09;366,99;448,04;584,15;761,45;917,40;528,12;525,46;609,72;718,23;809,19;917,53;424,45;517,03;601,11;681,68
20069;Donostia / San Sebastián;202,12;227,18;404,58;391,56;380,92;370,13;418,75;429,12;490,09;476,59;462,23;455,53;492,17;481,50;459,13;304,07;347,10;394,26;403,88;474,05
48027;Durango;173,43;174,26;172,36;173,57;192,48;211,63;231,48;248,94;267,99;273,47;273,76;274,15;277,55;152,62;128,71;162,90;0,00;0,00;0,00;0,00
48028;Ea;875,75;902,35;0,00;143,54;141,51;2,30;44,05;84,48;124,15;217,10;386,42;405,48;609,23;0,00;0,00;2,93;10,08;17,27;24,49;32,77
20030;Eibar;47,46;73,23;98,33;115,69;81,37;103,12;128,83;154,49;202,63;232,46;238,17;210,73;79,73;97,82;89,88;117,14;127,09;170,08;217,09;260,59
48031;Elantxobe;0,00;0,00;0,00;0,00;0,00;0,00;0,00;0,00;0,00;0,00;0,00;27,02;82,89;143,63;120,40;149,84;174,21;204,80;241,29;259,65
01021;Elburgo/Burgelu;0,00;0,00;0,00;0,00;0,00;0,00;0,00;0,00;0,00;0,00;0,00;0,00;0,00;0,00;0,00;0,00;0,00;0,00;0,00;0,00
01022;Elciego;0,00;0,00;0,00;0,00;13,88;26,94;49,16;98,40;143,39;184,20;239,59;290,51;340,33;390,15;324,42;350,09;427,50;538,98;254,54;329,57
20031;Elduain;0,00;0,00;12,50;37,04;60,00;86,42;111,11;135,80;159,18;187,50;212,50;245,69;270,39;292,37;320,51;370,46;0,00;0,00;0,00;0,00
20033;Elgeta;369,57;384,24;393,44;412,95;432,88;455,31;478,11;565,90;682,35;825,87;939,56;1.072,27;1.184,74;1.105,33;1.183,73;696,33;1.228,80;657,91;773,89;722,46
20032;Elgoibar;0,00;0,00;0,00;0,00;5,04;7,54;10,06;12,51;14,92;17,40;64,04;111,39;154,71;138,29;13,20;40,02;73,43;111,47;148,89;198,21
48032;Elorrio;65,95;83,86;100,80;119,01;137,02;155,82;174,32;211,48;210,10;99,81;157,85;251,72;306,06;359,49;414,37;472,01;531,16;309,11;65,98;84,20
01023;Elvillar/Bilar;241,15;263,12;289,52;319,57;352,37;385,14;415,40;497,23;500,10;507,43;547,49;590,83;370,28;384,78;436,90;287,95;334,58;345,87;375,30;446,10
48902;Erandio;114,83;0,00;0,00;0,00;0,00;0,00;0,00;0,00;0,00;0,00;0,00;0,00;0,00;12,30;17,25;22,36;27,21;32,61;37,85;42,95
48033;Ereño;0,00;0,00;0,00;0,00;0,00;0,00;0,00;0,00;0,00;0,00;175,97;192,61;221,88;684,09;0,00;0,00;0,00;0,00;0,00;0,00
48034;Ermua;193,35;200,00;197,55;89,71;55,02;8,07;21,15;32,86;44,25;71,56;116,48;160,72;204,51;250,80;296,47;336,98;382,32;434,29;493,76;497,46
20067;Errenteria;260,96;302,40;345,88;370,19;383,39;331,88;327,30;319,29;310,38;348,65;344,79;408,50;478,94;506,09;562,65;621,23;608,21;610,76;624,89;528,13
20066;Errezil;0,00;0,00;0,00;0,00;0,00;0,00;0,00;234,91;237,65;440,91;592,51;801,48;840,91;960,38;1.035,64;1.082,21;1.117,60;825,33;494,42;210,66
01046;Erriberagoitia/Ribera Alta;195,72;0,00;0,00;0,00;0,00;0,00;0,00;0,00;0,00;0,00;0,00;0,00;0,00;0,00;0,00;0,00;0,00;0,00;1,99;2,01
48079;Errigoiti;0,00;0,00;0,00;92,62;187,54;276,00;471,93;1.206,23;1.401,10;1.433,02;1.578,41;281,47;338,88;11,92;79,46;141,29;206,73;268,32;327,53;383,49
20034;Eskoriatza;101,36;102,11;0,00;0,00;94,38;144,33;194,19;243,62;306,47;368,21;432,86;496,76;558,98;618,10;677,68;708,08;741,67;320,65;157,12;170,30
48029;Etxebarri;0,00;0,00;0,00;0,00;0,00;0,00;0,00;0,00;0,00;0,00;0,00;0,00;0,00;5,64;14,77;26,24;43,02;72,95;102,65;136,00
48030;Etxebarria;0,00;0,00;0,00;0,00;0,00;0,00;0,00;0,00;0,00;0,00;0,00;0,00;0,00;0,00;0,00;0,00;0,00;0,00;0,00;15,69
20035;Ezkio-Itsaso;0,00;0,00;0,00;0,00;0,00;0,00;0,00;0,00;0,00;0,00;0,00;0,00;0,00;22,03;50,92;77,14;103,69;129,53;150,61;170,57
48906;Forua;0,00;0,00;0,00;0,00;47,86;70,54;129,06;279,24;365,08;494,19;636,13;690,64;791,25;651,12;743,48;854,56;793,39;842,29;879,63;921,15
48035;Fruiz;0,00;0,00;0,00;0,00;0,00;0,00;0,00;0,00;0,00;0,00;34,34;49,50;73,17;93,20;116,82;136,91;153,69;170,22;181,36;0,00
20038;Gabiria;0,09;40,52;94,25;151,81;209,84;265,78;318,56;376,86;430,50;481,07;537,07;596,10;644,36;724,57;806,70;894,69;941,18;956,94;978,00;61,43
20037;Gaintza;0,00;0,00;0,00;0,00;0,00;0,00;41,92;150,14;257,36;379,45;621,21;643,26;648,53;758,66;832,27;757,15;810,13;420,98;528,95;639,38
48036;Galdakao;0,00;0,00;0,00;0,00;0,00;0,00;0,00;0,00;0,00;0,00;0,00;0,00;0,00;0,00;0,00;0,00;0,00;0,00;0,00;0,00
48037;Galdames;0,00;0,00;0,00;0,01;0,92;5,56;34,92;39,96;44,54;391,92;489,28;0,00;0,00;0,00;0,00;0,00;0,00;78,04;97,45;118,46
48038;Gamiz-Fika;0,00;0,00;0,00;0,00;0,00;0,00;0,00;0,00;0,00;0,00;0,00;0,00;0,00;0,00;0,00;0,00;0,00;0,00;0,00;0,80
48039;Garai;0,00;0,00;0,00;0,00;0,00;0,00;0,00;0,00;0,00;0,00;0,00;0,00;0,00;0,00;0,00;0,00;0,00;0,00;0,00;0,00
48040;Gatika;40,80;64,28;86,66;111,38;135,14;157,56;179,59;204,28;228,27;251,65;275,95;297,53;331,98;359,31;388,97;89,43;112,53;141,67;169,71;199,34
48041;Gautegiz Arteaga;0,00;0,00;0,00;0,00;14,26;70,98;115,37;172,96;359,84;492,30;793,84;588,34;672,45;683,79;0,00;0,00;0,00;0,00;0,00;0,00
20907;Gaztelu;519,81;552,48;599,99;685,61;693,87;704,99;391,22;531,21;640,81;723,33;847,44;937,95;1.037,11;1.182,08;1.357,98;1.352,08;1.356,95;1.633,90;694,81;698,85
48046;Gernika-Lumo;99,48;115,62;128,66;143,34;158,67;173,99;188,34;206,50;226,30;244,79;207,66;235,46;268,27;289,56;306,11;104,61;117,79;70,83;81,70;106,70
20039;Getaria;134,82;168,71;258,98;313,73;365,58;421,42;478,71;527,60;580,96;639,76;692,47;781,59;895,33;995,71;1.045,63;992,45;481,44;545,29;556,91;460,47
48044;Getxo;0,00;30,51;65,99;86,31;139,60;196,88;234,27;273,75;315,33;355,50;394,97;434,00;452,53;443,17;423,40;396,84;385,64;464,13;505,72;456,22
48047;Gizaburuaga;0,00;0,00;0,00;0,00;0,00;144,92;1.229,50;1.399,45;1.452,59;1.638,45;1.683,07;735,29;0,00;0,00;0,00;0,00;0,00;0,00;0,00;0,00
48042;Gordexola;195,26;205,40;0,00;0,00;0,00;0,00;0,00;0,00;0,00;17,45;35,71;53,43;70,12;88,59;105,62;122,82;143,70;161,17;180,16;197,58
48043;Gorliz;0,00;0,00;0,00;0,00;0,00;0,00;0,00;0,00;0,00;0,00;0,00;0,00;0,00;0,00;0,00;0,00;0,00;0,00;0,00;2,37
48045;Güeñes;90,08;107,63;80,21;82,57;100,10;79,31;41,91;51,34;61,90;72,32;83,57;105,74;129,15;145,05;160,79;186,32;214,63;250,66;292,33;324,18
01056;Harana/Valle de Arana;110,70;129,20;148,00;168,95;188,59;208,22;322,67;441,39;521,98;527,93;584,05;0,00;0,00;0,00;0,00;0,00;0,00;132,35;130,91;25,91
20040;Hernani;0,00;0,00;0,00;35,96;54,34;73,03;73,75;72,96;73,31;73,35;103,41;134,18;164,02;194,71;224,26;252,86;291,50;351,98;411,15;470,59
20041;Hernialde;0,00;0,00;0,00;0,00;0,00;0,00;0,00;0,00;0,00;0,00;0,00;0,00;0,00;0,00;0,00;41,20;82,91;122,91;172,20;214,41
20036;Hondarribia;0,00;0,00;0,00;0,00;0,00;0,00;0,00;0,00;0,00;0,00;0,00;0,00;0,00;0,00;0,00;0,00;0,00;0,00;0,00;0,00
20042;Ibarra;24,64;232,85;249,07;282,42;331,15;389,96;425,21;466,35;497,80;539,96;559,73;580,05;158,96;184,63;210,18;233,84;185,61;206,43;222,15;234,52
48048;Ibarrangelu;0,00;0,00;0,00;0,00;0,00;0,00;0,00;0,00;0,00;0,00;0,00;0,00;0,00;0,00;0,00;0,00;0,00;0,00;0,00;0,00
20043;Idiazabal;95,81;126,17;156,55;183,33;211,91;241,65;270,83;304,34;331,47;358,57;387,10;388,10;0,00;0,00;0,62;12,17;23,48;34,78;45,94;61,69
48094;Igorre;106,28;131,40;157,57;183,84;133,03;152,88;172,70;192,59;209,36;239,63;278,99;364,18;380,47;402,61;425,64;437,65;792,30;1.135,48;611,59;32,72
20044;Ikaztegieta;162,25;240,21;334,43;419,60;490,78;590,80;684,87;784,39;872,48;951,40;1.086,72;1.159,32;1.477,00;756,74;724,14;568,16;0,00;0,00;0,00;0,00
20045;Irun;204,10;164,25;203,48;245,37;287,57;330,56;389,88;451,75;513,73;574,87;631,56;701,15;687,63;675,57;569,08;513,15;399,29;288,21;317,54;139,06
20046;Irura;379,23;0,00;0,00;0,00;0,00;0,00;0,00;0,00;0,00;0,00;0,00;0,00;0,00;7,64;13,07;19,06;26,90;33,36;53,30;97,58
01027;Iruraiz-Gauna;0,00;0,00;0,00;0,00;0,00;0,00;0,00;0,00;0,00;0,00;0,00;0,00;0,00;0,00;0,00;0,00;0,00;0,00;0,00;0,00
01901;Iruña Oka/Iruña de Oca;0,00;0,00;0,00;0,00;0,00;0,00;0,00;0,00;0,00;0,00;0,00;0,00;0,00;0,00;0,00;0,00;0,00;0,00;0,00;0,00
48049;Ispaster;13,09;39,52;89,66;143,36;196,28;253,07;256,82;338,12;430,97;491,63;542,21;606,36;683,82;750,75;758,73;758,73;0,00;0,00;0,00;0,00
20047;Itsasondo;136,82;0,00;0,00;0,00;0,00;0,00;0,00;48,18;141,22;160,79;178,41;176,30;28,70;58,19;88,55;141,75;196,87;249,22;305,47;363,20
48910;Iurreta;0,00;122,63;153,16;181,35;211,52;243,19;272,92;303,01;330,30;356,52;470,92;544,31;623,27;710,32;776,66;835,80;887,44;815,42;331,79;352,15
48050;Izurtza;0,00;0,00;0,00;0,00;0,00;0,00;0,00;0,00;0,00;0,00;0,00;0,00;0,00;0,00;0,00;0,00;22,71;67,40;2,77;47,50
48022;Karrantza Harana/Valle de Carranza;29,70;38,20;0,00;0,00;44,58;154,17;274,63;382,24;484,26;601,28;816,98;744,89;838,29;928,11;721,81;878,37;936,21;613,49;784,57;852,92
48907;Kortezubi;0,00;0,00;0,00;0,00;0,00;0,00;0,00;0,00;0,00;13,15;76,40;176,79;270,01;371,65;478,40;594,51;713,83;842,01;939,08;953,99
01019;Kripan;851,22;909,73;981,44;1.040,82;1.098,99;1.155,97;1.228,02;1.288,17;1.390,35;1.422,24;1.425,90;1.502,32;1.539,01;1.617,22;1.676,65;1.807,67;1.404,10;977,37;990,35;1.135,03
01020;Kuartango;0,00;0,00;0,00;0,00;0,00;0,00;0,00;0,00;0,00;0,00;0,00;0,00;0,00;0,00;0,00;0,00;0,00;0,00;0,00;0,00
01028;Labastida/Bastida;217,47;258,43;302,79;354,32;416,98;464,14;594,71;718,65;654,54;733,25;831,74;1.030,67;1.136,90;985,20;1.034,65;645,95;683,01;952,31;768,59;826,15
01030;Lagrán;0,00;0,00;0,00;0,00;0,00;0,00;0,00;0,00;0,00;0,00;0,00;0,00;0,00;0,00;0,00;0,00;0,00;100,75;174,32;264,20
01031;Laguardia;24,30;24,36;24,67;102,70;113,01;74,92;0,00;106,72;454,36;619,84;292,47;395,26;496,63;611,96;717,59;822,45;942,55;1.031,36;784,61;862,95
01032;Lanciego/Lantziego;155,37;190,98;243,05;276,36;329,21;381,42;424,58;468,01;564,38;661,36;753,67;847,90;943,74;1.017,42;874,86;575,30;519,15;592,91;459,72;297,50
48051;Lanestosa;0,00;0,00;0,00;0,00;0,00;0,00;0,00;0,00;0,00;0,00;0,00;0,00;0,00;0,00;0,00;0,00;0,00;0,00;0,00;0,00
01902;Lantarón;0,00;0,00;0,00;0,00;0,00;0,00;0,00;0,00;0,00;0,00;0,00;0,00;0,00;0,00;0,00;0,00;0,00;0,00;0,00;0,00
01033;Lapuebla de Labarca;0,00;0,00;0,00;0,00;0,00;0,00;10,29;27,18;27,12;44,12;62,86;79,38;76,57;77,19;76,05;0,00;0,00;20,16;7,52;247,21
48052;Larrabetzu;43,14;54,28;64,30;76,82;87,72;98,86;110,53;120,28;131,12;142,63;154,14;167,97;185,32;199,39;213,30;217,71;235,52;15,00;25,33;37,70
20048;Larraul;271,36;300,04;0,00;24,11;40,97;56,85;95,17;151,01;294,58;290,66;345,40;476,20;524,44;623,22;710,18;752,12;857,49;687,50;733,83;742,57
20902;Lasarte-Oria;0,00;0,00;0,00;17,97;36,38;55,00;87,90;120,72;153,59;185,75;218,35;252,42;289,28;338,32;387,20;430,56;219,34;246,01;272,50;298,52
01036;Laudio/Llodio;0,00;0,00;0,00;0,00;0,00;0,00;0,00;0,00;0,00;0,00;0,00;0,00;0,00;0,00;0,00;0,00;0,00;0,00;0,00;0,00
48053;Laukiz;0,00;0,00;0,00;0,00;0,00;0,00;0,00;0,00;0,00;0,00;0,00;0,00;0,00;0,00;0,00;0,00;0,00;0,00;0,92;3,18
20049;Lazkao;0,00;0,00;0,00;0,00;0,00;49,04;115,00;181,01;233,69;233,34;0,00;0,00;255,65;293,86;326,87;330,58;335,94;340,73;343,11;345,59
20050;Leaburu;535,48;665,44;787,74;853,79;912,54;919,56;0,00;34,14;154,85;270,74;400,60;551,43;725,22;859,70;987,19;1.072,29;1.171,52;1.265,70;1.360,03;1.412,81
20051;Legazpi;128,07;138,46;40,85;50,49;60,18;69,87;79,09;88,67;101,17;114,14;133,02;157,23;180,26;213,00;124,05;159,92;207,64;259,94;332,35;418,46
20052;Legorreta;172,77;201,31;224,89;248,70;110,99;73,50;111,51;151,50;190,13;224,12;258,62;299,66;333,77;375,19;410,27;447,95;381,71;410,19;437,60;248,22
01058;Legutio;0,00;0,00;0,00;0,00;0,00;0,00;0,00;0,00;0,00;0,00;0,00;0,00;0,00;0,00;0,00;0,00;0,00;0,00;19,00;49,98
20068;Leintz-Gatzaga;0,00;0,00;0,00;0,00;0,00;0,00;0,00;0,00;0,00;0,00;0,00;0,00;0,00;0,00;0,00;0,00;0,00;0,00;0,00;0,00
48054;Leioa;0,00;0,00;0,00;0,00;0,00;0,00;0,00;0,00;0,00;0,00;0,00;0,00;0,00;0,00;0,00;0,00;0,00;0,00;0,00;2,37
48057;Lekeitio;86,70;106,61;116,07;137,98;183,77;173,67;233,67;291,67;351,84;453,57;557,19;653,93;631,76;555,95;452,31;383,10;317,02;355,85;389,68;335,82
48055;Lemoa;0,00;0,00;0,00;0,00;0,00;0,00;0,00;0,00;0,00;0,15;0,15;0,15;0,16;29,36;59,10;87,88;120,64;153,44;181,99;212,40
48056;Lemoiz;0,00;0,00;0,00;0,00;0,00;0,00;0,00;12,49;12,61;199,61;466,92;574,09;663,92;754,94;837,85;1.255,61;105,44;142,45;28,75;66,28
01034;Leza;0,00;0,00;280,17;305,92;355,50;418,58;447,13;508,82;541,63;636,26;765,92;873,19;1.075,71;1.574,74;1.789,36;1.377,13;708,46;896,33;1.034,43;800,00
48081;Lezama;50,01;59,80;70,65;80,66;92,03;101,49;0,00;0,00;0,00;0,00;0,00;0,00;0,00;0,00;0,00;0,00;0,00;0,00;0,00;0,46
20053;Lezo;5,92;8,37;30,92;100,67;170,76;247,59;322,28;404,37;489,61;574,84;665,28;764,86;858,69;962,63;1.045,83;1.158,89;1.067,24;1.168,80;1.019,69;1.127,92
20054;Lizartza;0,00;0,00;0,00;0,00;0,00;0,00;0,00;72,59;105,65;103,44;137,87;178,40;265,69;479,39;342,02;384,59;435,65;462,67;475,61;266,39
48903;Loiu;0,00;0,00;0,00;0,00;0,00;0,00;0,00;0,00;0,00;0,00;0,00;0,00;0,00;0,00;0,00;0,00;2,49;7,57;12,91;18,46
48058;Mallabia;0,00;0,00;39,03;116,11;196,16;274,86;351,60;431,16;492,66;602,92;720,02;845,06;966,65;1.054,90;1.017,07;1.136,52;1.294,05;369,11;490,79;611,28
48060;Markina-Xemein;294,34;0,00;36,27;72,64;110,30;149,15;185,00;223,54;295,51;356,13;427,50;476,72;541,96;592,22;615,09;683,25;678,13;767,57;404,15;92,27
48061;Maruri-Jatabe;35,85;58,30;111,86;173,49;226,66;285,45;338,57;389,37;479,00;542,06;595,32;625,14;696,95;438,34;513,03;608,96;683,04;231,06;272,31;343,88
48059;Mañaria;178,13;239,64;305,35;362,21;412,22;433,91;431,42;735,34;813,54;1.117,60;1.349,70;1.478,27;1.568,00;1.658,80;2.262,62;310,45;351,02;403,26;909,60;950,07
20901;Mendaro;0,00;0,00;0,00;0,00;0,00;0,00;53,41;120,16;191,98;266,63;340,91;417,16;496,21;579,31;670,27;784,52;927,10;1.126,15;1.187,36;1.086,45
48062;Mendata;0,00;0,00;0,00;0,00;0,00;0,00;0,00;0,00;0,00;0,00;0,00;0,00;0,00;0,00;0,00;0,00;0,00;0,00;0,00;2,91
48063;Mendexa;18,37;54,36;106,35;149,61;191,31;238,30;219,14;297,65;379,01;468,68;424,25;465,77;643,05;291,74;326,35;379,47;419,56;447,75;448,88;0,00
48064;Meñaka;0,00;0,00;0,00;0,00;0,00;0,00;0,00;0,00;0,00;0,00;0,00;0,00;54,75;195,50;287,22;399,14;462,96;0,00;0,00;0,00
01039;Moreda de Álava / Moreda Araba;0,00;0,00;0,00;0,00;0,00;0,00;0,00;134,98;172,85;253,89;334,85;408,66;454,89;503,44;559,52;389,07;429,04;284,96;283,07;254,04
48066;Morga;0,00;0,00;0,00;0,00;0,00;0,00;0,00;74,47;146,61;221,97;288,41;376,11;445,77;510,10;594,00;671,12;740,14;105,36;166,69;225,56
48068;Mundaka;107,97;133,52;195,48;261,16;321,87;388,62;449,65;553,34;657,10;743,06;456,46;497,44;521,72;546,68;203,37;230,03;251,93;269,45;290,76;310,43
48069;Mungia;0,00;0,00;0,00;0,00;1,10;19,58;43,01;66,13;89,98;113,86;137,51;179,55;214,06;241,32;248,94;0,00;0,00;0,00;0,00;2,00
48007;Munitibar-Arbatzegi Gerrikaitz-;289,08;324,03;231,11;0,00;0,00;0,00;0,00;0,00;0,00;76,54;155,46;241,01;329,44;420,75;499,13;601,86;698,93;777,30;777,30;0,00
48908;Murueta;0,00;0,00;0,00;0,00;0,00;0,00;0,00;0,00;0,00;0,00;0,00;0,00;0,00;0,00;0,00;573,13;571,22;2.203,08;2.264,92;2.325,60
48071;Muskiz;0,00;0,00;0,00;0,00;0,00;0,00;0,00;0,00;0,00;0,00;0,00;0,00;0,00;0,00;0,00;0,00;0,00;0,00;0,00;0,00
20057;Mutiloa;0,00;0,00;0,00;0,00;1.257,35;1.500,55;2.164,26;2.896,42;1.244,07;1.400,48;1.587,25;1.814,72;2.017,05;515,63;710,86;871,99;1.103,94;1.370,09;1.555,75;1.743,48
20056;Mutriku;26,38;60,70;102,39;153,72;230,52;321,86;420,76;530,31;680,49;811,00;977,74;1.033,62;1.161,47;1.273,08;1.206,05;1.113,42;1.068,83;1.160,10;968,51;892,08
48067;Muxika;0,00;0,00;0,00;0,00;0,00;0,00;0,00;0,00;71,48;90,63;2,92;16,05;28,78;41,89;54,16;66,59;81,51;92,46;102,63;113,90
48909;Nabarniz;23,09;23,72;84,02;190,50;278,50;368,82;452,04;529,54;666,68;914,00;1.038,50;1.172,32;1.239,59;1.359,21;1.479,65;1.596,15;1.644,56;1.782,39;1.807,35;1.818,79
01041;Navaridas;0,00;0,00;0,00;0,00;0,00;0,00;11,60;127,18;334,10;434,89;262,59;277,24;356,34;442,94;318,84;371,42;432,86;542,76;762,55;911,70
20063;Oiartzun;0,00;6,17;64,88;90,98;136,80;211,44;287,54;374,05;489,25;640,42;717,11;755,12;771,76;789,51;705,99;620,52;544,97;639,31;736,64;681,49
01042;Okondo;0,00;0,00;0,00;0,00;0,00;0,00;26,82;68,25;69,20;118,71;169,27;218,74;269,14;342,76;411,86;183,90;249,71;425,39;371,74;432,06
20058;Olaberria;0,00;0,00;0,00;0,00;0,00;0,00;0,00;0,00;0,00;197,77;561,32;609,50;704,06;691,53;764,44;859,43;995,29;1.098,60;1.173,45;1.220,89
48073;Ondarroa;0,00;0,00;21,93;30,01;38,13;45,62;53,74;61,64;68,85;88,38;91,77;90,87;0,00;0,00;10,08;32,14;53,84;75,20;96,31;119,81
20076;Ordizia;324,53;393,28;446,59;461,77;400,11;389,99;448,86;493,67;397,05;398,59;316,79;323,16;363,92;417,54;531,89;531,04;615,16;609,06;322,23;325,30
20905;Orendain;301,50;341,01;417,00;497,45;574,06;627,86;709,10;755,69;833,67;898,08;1.241,36;1.524,38;1.585,64;0,00;0,00;0,00;0,00;0,00;0,00;0,00
20060;Orexa;1.110,84;1.080,57;1.209,39;1.368,60;1.424,34;1.446,43;0,00;0,00;0,00;0,00;0,00;459,68;517,11;574,09;630,12;672,07;2.314,22;937,50;967,74;1.000,00
20061;Orio;0,00;0,00;0,00;0,00;0,00;0,00;0,00;0,00;0,00;0,00;0,00;0,00;0,00;0,00;0,00;0,00;0,00;0,00;0,00;695,65
20062;Ormaiztegi;0,00;0,00;0,00;298,73;344,12;371,23;86,25;104,29;122,30;139,58;155,74;173,29;186,62;202,65;216,80;230,59;231,45;18,96;75,20;105,23
48075;Orozko;0,00;432,60;507,87;603,19;702,63;557,87;0,00;29,44;58,85;100,37;135,29;157,09;195,89;233,45;266,65;285,13;328,21;373,88;427,99;483,42
48083;Ortuella;99,62;24,16;56,74;89,07;33,46;0,00;50,77;102,31;152,93;204,38;256,52;377,13;460,41;531,62;291,79;339,44;382,40;405,29;122,69;47,83
48072;Otxandio;0,00;0,00;0,00;0,00;0,00;0,00;0,00;0,00;0,00;0,00;0,00;0,00;0,00;0,00;0,00;0,00;6,88;26,29;63,50;30,54
01043;Oyón-Oion;0,00;0,00;0,00;0,00;28,60;108,83;190,89;271,75;353,95;440,07;530,33;624,23;671,07;740,87;421,85;476,53;533,12;601,07;600,34;638,09
20059;Oñati;802,40;823,26;950,99;981,51;52,25;79,79;116,84;182,31;248,68;331,27;416,83;502,08;369,17;354,67;334,50;378,68;384,29;387,58;514,21;518,16
20064;Pasaia;19,73;26,61;44,53;70,35;99,20;128,56;155,06;183,85;214,49;225,42;254,90;250,60;287,41;341,21;393,54;377,30;389,65;295,29;215,13;270,26
01044;Peñacerrada-Urizaharra;0,00;0,00;0,00;0,00;0,00;0,00;0,00;0,00;0,00;0,00;0,00;0,00;0,00;0,00;0,00;0,00;0,00;0,00;12,38;35,45
48077;Plentzia;0,00;0,00;0,00;0,00;13,58;26,86;40,47;53,81;66,91;78,89;91,19;103,00;124,91;150,05;37,61;48,49;61,35;74,98;89,23;103,65
48078;Portugalete;125,78;167,37;177,33;187,42;277,11;292,82;318,61;31,46;93,92;109,32;124,48;139,56;155,63;35,64;45,32;56,05;276,66;107,12;131,55;155,26
01047;Ribera Baja/Erribera Beitia;0,00;0,00;0,00;15,62;24,04;31,79;0,00;0,00;0,00;0,00;331,16;351,10;379,47;0,00;0,00;0,00;0,00;0,00;3,13;3,33
01051;Salvatierra/Agurain;273,71;353,26;432,74;513,01;596,81;723,48;851,83;974,26;1.079,33;1.108,88;1.186,17;639,14;710,40;584,53;381,86;456,82;321,13;380,22;368,27;337,76
01052;Samaniego;151,78;191,34;232,81;326,02;372,36;458,77;531,31;548,95;630,91;713,93;700,30;738,05;346,13;425,65;507,83;562,70;656,81;728,24;773,19;803,46
01053;San Millán/Donemiliaga;0,00;0,00;0,00;0,00;0,00;0,00;0,00;0,00;0,00;0,00;0,00;0,00;0,00;0,00;0,00;0,00;0,00;0,00;0,00;0,00
48082;Santurtzi;227,91;147,30;174,23;219,85;232,28;283,40;314,54;361,43;411,97;438,00;438,61;408,52;258,47;33,31;5,03;5,02;14,90;39,08;58,85;91,57
20070;Segura;331,91;407,43;487,68;544,46;618,62;325,82;408,07;504,52;603,55;668,55;764,21;834,81;889,72;482,18;552,76;233,49;286,07;515,30;558,23;455,21
48084;Sestao;180,80;185,54;74,87;84,29;54,65;62,74;50,20;56,02;62,82;65,85;0,00;0,44;68,59;67,88;67,24;66,80;66,56;59,52;42,86;36,50
48904;Sondika;0,00;0,00;0,00;0,00;0,00;0,00;0,00;0,00;0,00;0,00;0,00;0,00;0,00;0,00;0,00;0,00;0,00;0,00;0,00;0,00
48085;Sopela;0,00;0,00;0,00;0,00;0,00;0,00;0,00;0,00;0,00;0,00;52,29;57,25;57,90;0,00;0,00;0,00;1,12;2,47;12,60;35,86
48086;Sopuerta;0,00;0,00;0,00;0,00;0,00;0,00;0,00;0,00;0,00;0,00;0,00;0,00;0,00;0,00;0,00;0,00;0,00;0,00;0,00;1,29
20065;Soraluze-Placencia de las Armas;169,90;63,75;93,03;141,75;209,41;212,25;235,22;324,77;345,73;377,69;501,27;507,98;584,84;668,02;599,24;669,90;734,29;804,39;775,10;815,09
48076;Sukarrieta;0,00;0,00;0,00;0,00;0,00;0,00;0,00;0,00;0,00;0,00;0,00;0,00;0,00;0,00;0,00;77,40;150,70;226,71;306,82;0,00
20071;Tolosa;111,80;161,72;210,63;262,84;320,96;344,61;392,07;433,17;464,03;465,25;506,89;553,48;603,49;659,94;699,06;724,44;500,63;103,64;15,40;23,30
48087;Trucios-Turtzioz;0,00;0,00;0,00;0,00;0,00;0,00;0,00;0,00;0,00;0,00;0,00;0,00;0,00;0,00;0,00;0,00;0,00;0,00;0,00;3,75
48088;Ubide;19,36;39,39;64,70;116,31;176,02;217,76;143,70;185,01;213,35;241,28;318,21;352,49;501,04;866,95;941,79;991,27;1.063,75;619,35;65,08;159,85
48065;Ugao-Miraballes;0,00;0,00;0,00;0,00;0,00;0,00;0,00;0,00;0,00;0,00;0,00;0,00;0,00;0,00;0,00;0,00;0,00;0,51;0,56;3,23
48089;Urduliz;0,00;0,00;0,00;0,00;0,00;0,00;0,00;0,00;0,00;0,00;0,00;0,00;0,00;0,00;0,00;0,00;0,00;0,00;22,63;45,34
48074;Urduña/Orduña;102,70;128,33;162,69;200,61;292,16;344,62;442,46;432,22;477,28;523,00;641,35;682,18;745,61;811,82;870,08;920,07;972,48;993,09;548,26;18,19
01054;Urkabustaiz;0,00;0,00;0,00;0,00;0,00;0,00;0,00;0,00;0,00;11,50;33,94;54,68;78,55;105,15;136,26;166,52;196,67;232,84;267,55;304,86
20072;Urnieta;76,18;85,97;95,35;104,26;114,09;123,56;132,80;143,10;152,91;165,07;188,32;221,99;257,46;287,50;343,08;413,63;369,47;442,05;498,57;555,25
20077;Urretxu;0,00;0,00;0,00;0,00;8,56;88,83;88,26;153,03;150,66;178,26;206,01;197,69;217,64;217,74;220,46;0,00;0,00;0,00;33,10;94,36
20073;Usurbil;177,26;222,81;264,33;303,91;90,30;130,41;184,73;241,89;296,10;350,93;408,03;460,60;508,52;358,23;413,69;472,84;531,40;585,72;651,42;389,13
01055;Valdegovía/Gaubea;259,79;287,64;449,75;584,93;682,48;884,56;1.250,53;1.483,05;1.656,90;1.693,90;1.120,63;1.101,40;1.073,28;237,68;304,27;309,28;276,54;324,03;0,00;0,00
48080;Valle de Trápaga-Trapagaran;0,00;0,00;0,00;0,00;0,00;0,00;0,00;0,00;0,00;0,00;0,00;0,00;0,00;0,00;0,00;0,35;0,00;9,67;29,02;0,00
20075;Villabona;135,13;163,11;192,83;228,63;270,51;318,71;381,57;393,65;450,17;447,58;516,95;494,47;523,79;549,23;418,45;480,00;546,95;518,60;535,89;542,51
01057;Villabuena de Álava/Eskuernaga;0,00;0,00;20,16;63,40;98,27;136,82;177,75;223,60;252,28;284,64;322,59;349,49;380,44;428,32;467,02;505,95;625,09;239,21;255,55;266,38
01059;Vitoria-Gasteiz;355,86;344,78;348,20;328,38;361,36;392,66;416,36;427,51;432,15;474,59;519,61;544,25;524,69;395,49;220,46;180,35;180,82;171,79;188,40;189,75
01060;Yécora/Iekora;0,00;0,00;0,00;0,00;75,98;161,29;242,90;307,80;383,84;452,95;501,75;532,26;635,98;716,24;775,05;888,29;968,15;1.100,03;853,57;0,00
48095;Zaldibar;56,84;89,91;122,29;170,01;222,15;273,34;325,86;412,85;554,20;601,98;684,55;706,61;787,48;448,44;467,76;0,00;20,42;54,04;87,52;120,70
20078;Zaldibia;486,46;546,91;600,42;603,14;613,50;0,00;0,00;0,00;0,00;51,23;87,23;90,31;126,90;164,60;196,91;300,98;340,39;344,20;374,13;400,96
01061;Zalduondo;0,00;0,00;0,00;0,00;0,00;0,00;0,00;0,00;0,00;0,00;0,00;0,00;0,00;0,00;0,00;0,00;0,00;0,00;26,06;61,69
48096;Zalla;0,00;0,00;0,00;0,00;0,00;0,00;0,00;0,00;0,00;0,00;0,00;0,00;0,00;0,00;0,00;0,00;0,00;0,00;0,00;2,42
01062;Zambrana;352,71;230,08;267,40;301,92;348,71;411,34;474,75;91,42;131,44;154,20;175,03;197,04;211,49;0,00;0,00;0,00;0,00;0,00;0,00;0,00
48905;Zamudio;0,00;0,00;0,00;0,00;0,00;0,00;0,00;0,00;0,00;0,00;0,00;0,00;0,00;0,00;0,00;0,00;0,00;0,00;0,00;1,32
48097;Zaratamo;0,00;0,00;0,00;0,00;0,00;0,00;12,40;76,46;87,46;85,55;85,45;0,00;0,00;0,00;0,00;0,00;0,00;0,00;0,00;1,90
20079;Zarautz;90,51;141,69;194,12;246,59;300,51;380,19;484,01;586,38;691,46;759,35;835,29;900,78;980,11;871,24;678,15;499,51;537,80;668,49;728,18;770,84
48024;Zeanuri;62,17;82,35;38,45;77,47;116,77;157,31;196,95;238,23;276,47;329,84;439,20;519,99;613,14;735,22;399,35;514,31;607,43;580,18;660,96;723,69
48025;Zeberio;0,00;0,00;0,00;0,00;0,00;0,00;10,33;23,59;76,18;50,77;100,63;149,74;198,59;249,71;294,19;323,31;78,27;90,04;117,88;145,57
20025;Zegama;0,00;0,00;0,00;0,00;0,00;0,00;0,00;0,00;0,00;0,00;43,43;87,75;0,00;0,00;0,00;0,00;62,19;93,96;127,66;188,26
20026;Zerain;1.117,13;458,52;527,86;612,61;674,45;728,26;255,91;399,66;545,17;666,63;803,34;943,39;1.110,57;1.285,55;1.452,00;1.602,97;1.744,58;1.933,21;1.618,93;87,22
20027;Zestoa;18,26;30,67;42,43;54,10;66,12;68,49;68,87;128,48;187,50;253,46;316,88;386,19;501,63;579,24;592,27;539,82;593,55;861,81;955,06;967,27
48913;Zierbena;0,00;0,00;0,00;0,00;0,00;0,00;0,00;0,00;0,00;0,00;0,00;0,00;0,00;0,00;0,00;0,00;0,00;0,00;0,00;0,00
01018;Zigoitia;0,00;0,00;0,00;0,00;0,00;0,00;0,00;0,00;0,00;0,00;0,00;0,00;0,00;0,00;0,00;0,00;0,00;0,00;0,00;0,00
48915;Ziortza-Bolibar;677,97;0,00;0,00;60,45;118,68;172,77;230,68;288,96;361,23;437,43;516,48;613,16;699,04;596,18;697,46;767,40;826,33;451,02;404,15;92,27
20028;Zizurkil;178,89;147,09;220,43;248,70;283,65;360,80;448,95;549,35;646,18;743,98;859,92;967,13;1.100,69;1.157,01;980,31;857,27;692,20;411,88;365,39;396,16
01063;Zuia;0,00;0,00;0,00;0,00;0,00;0,00;0,00;0,00;0,00;0,00;0,00;0,00;177,09;413,39;0,00;0,00;0,00;0,00;0,00;0,00
20081;Zumaia;57,96;63,83;185,10;206,88;222,33;258,60;320,63;365,95;0,00;16,46;33,28;0,00;0,00;1,46;8,34;18,49;38,00;67,35;96,78;126,29
20080;Zumarraga;307,30;349,21;64,59;79,16;106,65;106,57;106,68;132,65;147,99;162,01;166,66;4,75;10,94;20,18;69,92;136,96;210,31;294,32;378,27;456,89
