Indicadores municipales de sostenibilidad: Hombres beneficiarios de Renta de Garantía de Ingresos (? hombres);;;;;;;;;;;
"";;;;;;;;;;;
Resumen de datos;;;;;;;;;;;
Entidad;;2023;2022;2021;2020;2019;2018;2017;2016;2015;2014
Araba/Álava;;25,91;23,37;24,02;23,88;22,22;23,42;26,33;29,52;30,17;31,25
Bizkaia;;25,10;22,56;23,80;24,36;23,69;25,62;28,35;30,13;30,47;30,12
CAE;;22,43;20,07;21,06;21,47;20,45;22,01;24,50;26,36;26,52;26,48
Gipuzkoa;;16,62;14,62;15,41;15,84;14,57;15,72;17,59;18,98;18,61;18,54
"";;;;;;;;;;;
Detalle por comarcas;;;;;;;;;;;
Código comarca;Comarca;2023;2022;2021;2020;2019;2018;2017;2016;2015;2014
01100;Arabako Ibarrak / Valles Alaveses;17,21;13,83;14,69;13,46;12,22;11,65;12,33;13,57;13,20;14,35
01200;Arabako Lautada / Llanada Alavesa;27,92;25,23;25,61;25,27;23,58;24,65;28,04;31,86;32,69;33,81
01300;Arabako Mendialdea / Montaña Alavesa;10,09;10,11;10,08;10,18;7,08;8,96;7,75;13,14;14,42;12,52
48100;Arratia Nerbioi / Arratia-Nervión;18,39;17,54;18,29;18,20;16,20;16,39;19,59;20,71;22,55;21,26
20200;Bidasoa Beherea / Bajo Bidasoa;16,59;14,31;15,76;15,84;13,96;14,05;16,14;17,17;17,08;16,35
48200;Bilbo Handia / Gran Bilbao;27,44;24,56;26,02;26,56;25,90;28,07;30,98;32,75;32,79;32,44
20100;Deba Beherea / Bajo Deba;24,43;21,13;22,96;25,46;23,26;24,56;27,11;29,98;29,88;28,24
20300;Debagoiena / Alto Deba;15,54;13,63;13,03;11,69;10,76;13,54;15,88;17,21;16,13;16,52
20400;Donostialdea / Donostia-San Sebastián;17,13;15,22;16,00;16,25;15,08;16,24;18,40;19,54;19,08;19,27
48300;Durangaldea / Duranguesado;16,11;14,82;15,55;15,99;14,65;15,23;18,41;19,87;20,64;19,35
48400;Enkartazioak / Encartaciones;30,25;27,63;28,75;30,26;29,23;33,03;34,26;36,53;36,75;34,87
01400;Errioxa Arabarra / Rioja Alavesa;25,83;24,87;27,98;30,09;26,47;31,98;33,23;31,26;27,83;28,78
48500;Gernika-Bermeo;18,08;16,50;16,36;16,95;17,85;18,95;19,88;21,59;23,85;25,30
20500;Goierri;15,00;13,05;14,19;13,58;12,33;12,89;13,14;14,25;13,41;13,95
01500;Gorbeia Inguruak / Estribaciones del Gorbea;14,18;14,70;15,15;13,56;12,54;13,63;12,80;14,16;10,56;9,91
01600;Kantauri Arabarra / Cantábrica Alavesa;17,19;14,36;16,29;17,51;16,43;17,55;19,39;20,42;22,40;24,13
48600;Markina-Ondarroa;16,24;15,65;16,90;16,21;15,76;19,12;19,18;23,40;27,66;27,42
48700;Plentzia-Mungia;17,05;14,80;15,11;16,29;15,80;16,42;18,98;20,12;19,95;20,74
20600;Tolosaldea / Tolosa;14,44;12,84;13,73;15,07;14,39;15,79;16,99;19,12;20,37;19,46
20700;Urola-Kostaldea / Urola Costa;12,75;11,29;11,45;13,26;12,07;13,13;14,68;16,22;15,69;15,92
"";;;;;;;;;;;
Detalle por municipios;;;;;;;;;;;
Código municipio;Municipio;2023;2022;2021;2020;2019;2018;2017;2016;2015;2014
48001;Abadiño;13,31;11,22;13,37;14,27;13,40;10,96;12,12;15,33;14,42;14,24
20001;Abaltzisketa;0,00;0,00;0,00;0,00;0,00;0,00;0,00;0,00;0,00;0,00
48002;Abanto y Ciérvana-Abanto Zierbena;24,22;22,18;23,61;28,32;26,77;27,76;35,18;37,70;34,28;36,64
20002;Aduna;3,83;0,00;0,00;0,00;0,00;0,00;3,83;7,60;11,95;16,06
20016;Aia;4,50;3,61;3,69;6,55;9,48;11,24;9,33;9,21;9,29;9,31
20003;Aizarnazabal;18,32;13,37;8,00;18,13;15,38;28,42;28,28;22,73;26,32;29,02
48911;Ajangiz;12,40;8,23;4,10;4,07;4,52;4,41;4,35;8,62;8,40;8,66
20004;Albiztur;12,66;12,66;6,58;6,76;13,51;6,62;6,54;6,49;12,35;12,90
20005;Alegia;20,49;21,94;22,34;25,29;27,99;29,64;25,36;28,67;28,67;29,44
01001;Alegría-Dulantzi;28,96;28,78;28,36;28,04;18,58;13,95;17,08;19,72;29,85;21,13
20006;Alkiza;0,00;0,00;23,26;11,63;5,59;11,30;5,46;5,49;11,30;5,43
48912;Alonsotegi;34,64;32,30;33,86;36,34;34,84;39,82;42,87;44,51;41,45;35,35
20906;Altzaga;0,00;0,00;0,00;0,00;0,00;0,00;11,36;11,36;11,90;11,49
20007;Altzo;19,23;28,71;20,30;24,75;25,64;27,03;33,15;39,33;27,03;16,67
20008;Amezketa;19,03;18,95;18,67;18,79;16,70;12,61;4,11;6,19;8,32;8,28
48003;Amorebieta-Etxano;14,10;12,27;13,13;14,16;12,44;13,09;16,49;20,27;21,89;20,79
48004;Amoroto;14,42;14,71;14,78;9,35;9,76;9,85;9,48;9,43;14,08;14,35
01002;Amurrio;18,01;14,97;17,97;19,61;18,31;18,50;21,73;22,74;23,61;26,92
20009;Andoain;17,23;14,62;14,13;13,78;12,94;12,88;16,97;18,53;18,20;19,74
20010;Anoeta;7,38;5,51;8,32;8,28;4,76;9,42;14,59;15,66;17,37;13,83
20011;Antzuola;12,32;10,34;11,31;4,68;3,67;3,66;4,52;5,41;8,95;13,31
48005;Arakaldo;12,66;12,66;25,32;37,04;24,10;36,59;0,00;0,00;0,00;25,32
20012;Arama;0,00;10,87;0,00;0,00;0,00;0,00;0,00;0,00;9,62;0,00
01003;Aramaio;10,97;13,33;7,89;11,60;9,15;7,67;7,59;12,64;12,52;9,91
48006;Arantzazu;13,70;9,17;13,76;18,69;14,93;10,36;15,79;10,36;10,58;15,46
48093;Areatza;24,23;20,30;8,40;11,63;10,00;16,86;23,53;27,44;29,98;21,43
20013;Aretxabaleta;14,29;10,93;8,45;7,29;7,25;8,94;8,81;10,52;11,66;9,33
01006;Armiñón;7,94;8,33;16,81;17,24;18,52;18,52;28,57;26,55;16,95;16,95
01037;Arraia-Maeztu;13,33;9,03;9,13;6,83;2,42;4,93;5,03;19,90;17,41;12,59
48009;Arrankudiaga;9,78;7,89;9,86;10,10;9,92;7,81;5,89;9,84;8,02;2,03
20055;Arrasate/Mondragón;20,85;19,49;19,62;17,86;16,78;20,73;23,33;25,20;22,76;22,37
48914;Arratzu;0,00;0,00;0,00;0,00;5,08;4,98;10,05;5,05;10,20;15,08
01008;Arratzua-Ubarrundia;1,76;1,74;0,00;0,00;0,00;3,57;5,30;3,57;7,26;10,64
48010;Arrieta;20,41;16,95;10,24;10,34;10,60;10,38;7,14;7,17;3,53;3,48
48011;Arrigorriaga;21,30;18,65;16,79;17,40;16,60;15,97;19,86;21,98;24,19;21,66
48023;Artea;13,05;12,95;7,98;10,55;10,70;10,84;13,62;8,22;10,87;15,71
48008;Artzentales;26,60;29,57;19,07;32,17;34,78;44,08;48,13;50,40;51,15;47,37
01004;Artziniega;19,15;16,29;19,65;24,07;22,22;25,08;19,73;23,33;21,76;21,81
01009;Asparrena;17,18;18,47;15,76;18,05;12,27;13,58;17,16;19,88;31,75;32,57
20014;Asteasu;8,82;7,71;7,65;10,24;11,45;12,58;12,67;16,58;17,90;16,19
20903;Astigarraga;7,26;6,80;7,59;9,21;8,64;11,65;13,40;12,16;11,32;7,89
20015;Ataun;10,03;7,87;13,99;13,65;12,15;11,03;13,45;14,46;15,78;13,76
48091;Atxondo;20,65;20,56;11,61;8,73;8,67;8,57;8,38;7,01;11,63;10,23
48070;Aulesti;12,54;15,48;12,42;12,62;12,23;9,15;15,43;12,08;9,20;6,10
01010;Ayala/Aiara;14,42;11,07;9,70;13,63;9,70;12,48;13,84;11,78;13,79;13,99
20017;Azkoitia;19,37;17,63;17,77;18,03;16,96;17,77;20,97;22,54;22,78;20,68
20018;Azpeitia;16,70;13,70;15,13;17,83;15,38;16,19;17,41;19,92;19,48;19,94
01049;Añana;20,20;0,00;9,09;9,43;19,80;9,35;0,00;10,42;10,53;10,64
48012;Bakio;25,79;21,55;17,86;22,94;22,73;28,01;30,70;30,82;25,93;28,96
20904;Baliarrain;11,76;12,20;0,00;23,81;11,11;12,50;12,35;0,00;0,00;0,00
48090;Balmaseda;38,41;36,50;35,31;36,27;33,55;35,39;34,35;38,69;38,42;39,16
48013;Barakaldo;22,02;20,05;22,17;24,10;23,78;25,68;30,30;31,69;31,84;31,19
48014;Barrika;20,71;21,01;18,38;19,51;19,85;17,77;16,33;15,13;14,01;15,44
01013;Barrundia;1,93;1,93;3,81;3,84;3,85;3,77;5,62;5,58;11,34;11,39
48015;Basauri;23,59;21,61;23,56;23,39;20,31;22,46;25,24;27,07;27,38;27,57
01011;Baños de Ebro/Mañueta;10,75;11,05;10,93;17,54;16,22;16,30;5,68;11,30;5,85;5,85
20019;Beasain;13,30;10,21;10,08;11,76;9,96;10,97;10,18;12,83;11,40;11,90
48092;Bedia;22,56;31,54;22,81;17,54;24,74;34,76;27,03;25,05;24,59;22,73
20020;Beizama;0,00;0,00;12,66;12,66;0,00;0,00;11,90;11,76;0,00;0,00
20021;Belauntza;0,00;0,00;0,00;0,00;7,04;7,46;0,00;21,58;14,18;20,69
48016;Berango;9,01;7,31;7,39;9,96;10,22;8,53;9,18;12,44;9,85;10,77
01014;Berantevilla;0,00;0,00;3,75;7,55;7,66;7,60;11,49;15,50;7,97;16,00
20022;Berastegi;1,80;0,00;0,00;3,70;1,85;0,00;0,00;1,84;1,81;5,52
20074;Bergara;13,53;12,42;11,56;10,94;8,95;12,71;16,60;16,86;15,99;16,28
48017;Bermeo;25,74;23,48;23,50;24,99;25,04;26,84;26,77;27,05;29,72;30,70
01016;Bernedo;6,10;12,12;12,16;9,32;0,00;9,68;12,82;6,39;9,68;12,50
48018;Berriatua;5,96;3,04;6,03;7,49;7,31;23,43;21,90;25,37;36,81;27,36
48019;Berriz;11,82;10,18;12,78;12,30;13,23;14,90;22,56;22,52;21,55;22,06
20023;Berrobi;30,72;19,29;25,89;32,05;25,24;28,66;31,65;28,30;28,66;16,08
20024;Bidania-Goiatz;14,76;14,60;17,86;21,28;17,30;13,79;14,13;10,53;10,95;10,79
48020;Bilbao;36,92;33,16;35,02;35,02;33,68;37,01;40,45;42,60;42,22;41,39
48021;Busturia;20,94;20,88;17,11;16,01;19,95;21,46;17,09;20,46;25,55;26,44
01017;Campezo/Kanpezu;13,51;11,82;15,08;11,95;5,29;5,29;1,75;5,36;7,18;8,90
20029;Deba;7,55;7,18;9,06;10,04;9,89;14,64;13,55;14,60;13,23;14,33
48901;Derio;9,36;7,28;7,25;9,33;10,72;13,09;12,27;12,36;9,80;11,26
48026;Dima;11,55;11,72;18,62;13,21;11,07;15,15;16,37;14,91;15,94;12,13
20069;Donostia / San Sebastián;16,57;15,01;15,73;15,99;14,66;15,85;17,88;18,56;17,18;18,01
48027;Durango;15,10;12,75;15,07;15,58;14,12;14,91;17,20;18,36;18,94;17,85
48028;Ea;35,48;29,21;29,02;27,03;29,35;20,13;20,55;16,13;16,20;18,43
20030;Eibar;31,01;28,76;29,03;30,66;27,85;28,90;33,54;35,25;32,66;29,13
48031;Elantxobe;0,00;11,63;17,54;23,53;21,74;16,39;33,52;27,62;27,47;37,23
01021;Elburgo/Burgelu;5,71;5,83;0,00;0,00;0,00;2,93;0,00;2,92;0,00;9,04
01022;Elciego;12,07;9,82;17,79;15,53;9,90;17,75;17,41;21,36;19,69;23,64
20031;Elduain;0,00;0,00;8,26;16,53;16,26;15,87;7,94;7,94;8,00;7,81
20033;Elgeta;7,16;8,98;5,36;8,68;6,75;6,64;11,76;16,86;17,79;26,93
20032;Elgoibar;19,15;14,60;16,26;19,85;16,97;19,14;21,43;23,06;26,91;27,55
48032;Elorrio;8,36;8,85;9,12;8,70;9,85;11,72;11,75;10,90;12,58;8,53
01023;Elvillar/Bilar;19,48;6,29;12,50;11,90;5,85;11,70;16,76;11,24;17,75;11,83
48902;Erandio;20,04;18,09;20,59;23,65;21,94;24,16;25,61;25,13;31,68;29,27
48033;Ereño;12,66;12,66;0,00;0,00;0,00;0,00;0,00;7,46;7,09;7,41
48034;Ermua;22,62;22,32;21,16;22,20;19,00;19,33;25,26;25,73;28,11;24,20
20067;Errenteria;19,57;17,24;18,93;20,00;18,69;19,95;22,27;24,10;25,26;24,42
20066;Errezil;12,20;9,26;6,33;3,12;2,92;5,83;8,62;8,65;8,90;21,60
01046;Erriberagoitia/Ribera Alta;13,65;13,83;12,12;10,22;2,08;4,16;4,23;4,28;8,71;6,28
48079;Errigoiti;10,68;7,07;3,58;7,35;11,36;7,52;14,71;10,95;10,68;10,87
20034;Eskoriatza;16,81;12,29;15,78;11,49;12,65;14,67;16,95;19,74;14,88;17,66
48029;Etxebarri;9,40;8,50;9,13;10,08;8,95;11,32;12,11;12,74;12,98;15,14
48030;Etxebarria;26,16;23,05;30,90;25,14;19,23;30,30;33,99;28,65;37,57;36,52
20035;Ezkio-Itsaso;9,23;9,09;5,92;5,90;11,59;11,43;8,77;8,96;6,10;9,12
48906;Forua;6,47;8,87;13,30;24,23;31,60;24,55;19,78;26,37;27,78;29,29
48035;Fruiz;18,45;14,93;11,28;18,66;14,55;22,22;18,66;18,38;7,30;7,27
20038;Gabiria;3,22;3,34;0,00;3,32;3,40;0,00;0,00;0,00;0,00;0,00
20037;Gaintza;0,00;0,00;0,00;0,00;0,00;0,00;14,08;14,29;0,00;0,00
48036;Galdakao;9,30;6,10;7,14;7,85;7,55;7,52;9,39;9,40;9,78;10,67
48037;Galdames;27,52;22,57;20,27;22,42;22,83;30,09;34,48;32,41;29,82;25,29
48038;Gamiz-Fika;21,83;14,41;13,01;14,51;16,59;24,32;25,88;13,60;20,99;21,15
48039;Garai;6,10;6,33;6,25;12,50;12,90;6,33;6,41;6,49;6,45;6,37
48040;Gatika;8,53;7,43;7,31;8,37;6,09;10,87;14,49;13,24;13,30;11,98
48041;Gautegiz Arteaga;10,85;8,71;11,16;13,61;18,39;11,36;11,31;13,79;13,86;13,79
20907;Gaztelu;0,00;0,00;0,00;0,00;0,00;0,00;0,00;0,00;0,00;0,00
48046;Gernika-Lumo;14,42;12,80;12,12;11,80;13,03;14,97;16,73;20,61;22,98;24,26
20039;Getaria;7,44;7,59;8,33;12,61;9,89;13,31;16,88;14,31;10,65;15,84
48044;Getxo;16,30;14,44;14,02;13,49;13,80;13,80;13,99;14,49;16,86;16,70
48047;Gizaburuaga;26,32;9,01;9,62;0,00;9,43;18,02;8,62;17,54;26,32;35,71
48042;Gordexola;11,49;12,60;15,84;19,10;17,90;20,07;19,32;19,25;22,78;23,95
48043;Gorliz;18,16;15,80;16,81;17,21;16,25;15,87;20,79;23,91;22,95;23,42
48045;Güeñes;25,39;24,31;29,17;27,07;28,27;34,33;35,54;39,67;38,19;36,63
01056;Harana/Valle de Arana;0,00;0,00;0,00;7,46;14,81;21,90;21,13;34,72;35,46;27,78
20040;Hernani;20,23;16,91;16,54;16,34;16,38;17,38;20,91;21,05;22,30;21,57
20041;Hernialde;0,00;0,00;0,00;0,00;0,00;0,00;6,25;6,41;6,21;18,07
20036;Hondarribia;8,75;7,24;7,70;9,49;7,84;8,96;10,64;11,21;11,08;11,87
20042;Ibarra;13,49;10,50;13,33;13,50;12,26;11,40;15,72;16,75;19,22;18,34
48048;Ibarrangelu;11,08;13,70;14,12;11,43;9,40;9,38;12,27;12,12;12,16;15,43
20043;Idiazabal;5,98;5,98;6,73;9,24;5,85;4,15;4,16;5,85;7,61;8,42
48094;Igorre;18,89;20,27;21,03;18,28;14,65;13,85;20,00;20,67;20,65;22,42
20044;Ikaztegieta;23,72;24,79;24,10;16,19;27,67;27,13;19,69;19,76;20,08;23,81
20045;Irun;18,83;16,34;18,09;17,65;15,72;15,51;17,75;18,91;18,83;17,65
20046;Irura;16,72;14,64;9,28;11,42;6,31;12,79;17,04;21,67;18,64;13,76
01027;Iruraiz-Gauna;6,15;6,21;6,23;0,00;0,00;0,00;0,00;0,00;0,00;0,00
01901;Iruña Oka/Iruña de Oca;12,93;11,83;14,24;14,02;13,43;12,14;10,73;10,94;10,51;9,54
48049;Ispaster;10,70;13,12;15,58;12,66;17,68;17,77;20,67;18,28;20,83;13,51
20047;Itsasondo;46,65;32,35;30,03;32,26;19,34;27,93;23,32;23,95;24,46;20,90
48910;Iurreta;21,53;21,73;22,08;22,18;17,43;17,85;26,68;24,89;25,92;29,09
48050;Izurtza;19,23;6,58;29,63;31,85;27,32;27,47;28,09;25,00;27,59;20,41
48022;Karrantza Harana/Valle de Carranza;40,70;37,59;39,15;37,47;39,38;42,39;44,16;46,64;46,58;39,44
48907;Kortezubi;0,00;0,00;0,00;0,00;4,67;9,17;9,17;9,30;9,01;21,83
01019;Kripan;0,00;0,00;0,00;0,00;0,00;0,00;0,00;0,00;0,00;0,00
01020;Kuartango;9,13;4,52;13,10;13,22;13,89;9,52;9,39;4,74;9,62;0,00
01028;Labastida/Bastida;37,56;40,60;32,61;31,36;30,19;31,41;27,06;24,77;24,48;27,06
01030;Lagrán;10,20;20,20;9,80;29,41;21,05;10,99;0,00;10,75;32,97;11,49
01031;Laguardia;10,50;15,38;19,28;15,93;15,85;20,68;22,84;20,73;22,00;16,85
01032;Lanciego/Lantziego;38,96;33,42;34,65;43,37;34,31;47,00;44,20;47,35;36,41;36,21
48051;Lanestosa;35,97;27,78;26,14;39,22;32,89;38,71;52,98;45,45;59,60;33,33
01902;Lantarón;17,54;12,48;9,01;9,17;9,47;9,38;5,68;11,41;9,75;15,27
01033;Lapuebla de Labarca;33,86;38,20;39,82;33,71;33,19;37,36;37,53;30,37;13,10;13,13
48052;Larrabetzu;17,84;13,65;12,75;12,61;8,08;10,10;17,17;16,23;19,06;14,04
20048;Larraul;6,94;6,85;27,03;13,33;0,00;0,00;0,00;0,00;0,00;0,00
20902;Lasarte-Oria;13,90;11,77;12,27;11,21;10,41;9,87;12,42;16,56;18,45;17,60
01036;Laudio/Llodio;17,60;15,14;16,38;16,81;16,59;17,69;19,69;20,70;23,37;24,78
48053;Laukiz;3,32;8,39;5,01;6,69;7,02;8,80;10,66;5,32;6,83;3,49
20049;Lazkao;7,87;6,21;9,03;5,88;3,19;3,60;6,95;4,03;6,96;8,91
20050;Leaburu;25,13;14,78;10,31;20,51;20,10;10,31;15,79;26,74;26,88;31,25
20051;Legazpi;15,42;11,28;12,46;12,37;11,08;12,23;11,72;12,13;10,25;11,38
20052;Legorreta;15,71;12,95;17,33;10,57;7,79;9,15;12,87;11,58;5,29;11,90
01058;Legutio;24,16;27,33;28,30;23,99;22,94;26,57;28,91;26,70;17,58;14,46
20068;Leintz-Gatzaga;0,00;0,00;0,00;15,15;7,81;7,52;7,35;15,04;7,30;7,19
48054;Leioa;18,73;17,91;17,85;18,03;17,30;17,78;18,59;20,51;21,52;22,72
48057;Lekeitio;12,24;13,41;14,45;13,20;14,83;16,21;14,61;16,85;18,33;19,98
48055;Lemoa;21,89;21,06;16,68;16,88;18,69;20,93;24,04;26,91;22,78;22,19
48056;Lemoiz;22,44;17,09;11,41;15,87;14,86;15,06;13,47;19,52;16,57;21,51
01034;Leza;18,35;26,55;27,03;27,27;27,03;28,57;47,17;27,27;38,10;18,02
48081;Lezama;6,76;5,92;7,54;8,45;6,79;9,51;11,15;10,40;10,42;9,57
20053;Lezo;12,80;11,11;11,71;12,27;12,12;12,46;12,65;16,61;17,44;18,60
20054;Lizartza;5,57;11,40;11,63;11,63;8,72;8,77;5,88;5,87;5,83;11,17
48903;Loiu;11,37;10,09;10,85;8,47;7,64;5,00;7,71;7,91;7,04;10,43
48058;Mallabia;11,97;8,53;13,40;13,51;9,87;10,02;11,80;18,49;13,58;18,12
48060;Markina-Xemein;17,21;15,34;19,13;20,65;18,37;23,20;25,09;34,82;39,79;39,86
48061;Maruri-Jatabe;1,87;0,00;1,98;0,00;2,15;4,22;10,66;6,32;8,25;8,26
48059;Mañaria;13,94;10,87;7,30;11,41;11,58;11,41;14,81;10,95;10,91;10,87
20901;Mendaro;17,48;13,49;19,69;18,61;15,96;13,10;15,71;19,46;20,19;17,37
48062;Mendata;0,00;4,98;4,83;14,71;4,61;0,00;4,72;4,72;0,00;4,98
48063;Mendexa;8,47;8,55;8,47;13,04;8,55;8,33;20,66;37,50;33,33;36,89
48064;Meñaka;10,13;7,63;7,73;10,39;10,96;10,90;16,30;13,59;7,98;19,02
01039;Moreda de Álava / Moreda Araba;21,13;21,58;14,18;21,74;14,18;20,98;20,27;13,79;7,19;14,18
48066;Morga;13,95;23,15;9,26;9,48;10,15;10,10;9,80;14,78;9,39;9,09
48068;Mundaka;10,07;9,91;11,01;6,66;8,03;14,76;17,32;17,22;22,75;27,81
48069;Mungia;19,96;16,18;17,54;19,78;18,74;20,45;22,61;24,62;23,85;23,99
48007;Munitibar-Arbatzegi Gerrikaitz-;23,08;24,00;19,76;15,38;11,58;31,13;24,29;40,16;27,78;28,00
48908;Murueta;6,25;5,88;11,98;12,50;0,00;0,00;0,00;0,00;0,00;6,62
48071;Muskiz;19,31;17,77;19,83;22,28;24,90;25,06;30,47;31,16;30,39;31,10
20057;Mutiloa;0,00;0,00;0,00;0,00;7,25;7,30;0,00;7,09;7,35;0,00
20056;Mutriku;15,29;12,19;14,49;16,83;19,78;18,87;20,22;27,26;30,77;30,44
48067;Muxika;11,04;7,54;11,69;11,57;11,70;10,62;17,17;16,60;17,83;16,30
48909;Nabarniz;15,62;15,87;25,00;24,79;18,18;17,54;8,55;8,33;8,00;8,62
01041;Navaridas;7,58;7,75;0,00;0,00;0,00;8,40;0,00;6,58;6,45;6,41
20063;Oiartzun;12,68;10,02;11,57;10,33;8,49;8,48;8,64;9,46;10,15;12,27
01042;Okondo;8,12;3,24;11,36;9,71;6,18;7,92;8,03;12,84;19,54;18,30
20058;Olaberria;8,15;6,22;8,30;8,18;6,32;6,37;8,55;10,62;8,06;14,29
48073;Ondarroa;20,22;19,61;19,16;18,65;17,13;19,10;19,02;22,58;29,80;29,26
20076;Ordizia;21,73;20,21;21,07;18,66;16,70;19,99;17,28;19,15;17,16;18,12
20905;Orendain;0,00;0,00;0,00;0,00;0,00;10,10;0,00;10,42;20,00;20,62
20060;Orexa;0,00;0,00;0,00;0,00;0,00;0,00;0,00;0,00;0,00;0,00
20061;Orio;13,14;12,98;13,41;16,32;14,23;15,42;17,51;18,35;15,79;16,21
20062;Ormaiztegi;15,75;14,52;19,39;11,27;17,32;23,26;19,55;19,70;16,82;18,40
48075;Orozko;12,37;13,27;13,95;17,80;15,37;14,76;14,75;16,25;19,22;20,75
48083;Ortuella;23,48;18,99;17,51;16,15;21,11;24,75;27,83;30,85;30,85;33,60
48072;Otxandio;20,56;15,02;14,84;18,92;14,64;13,39;22,83;18,10;21,47;18,52
01043;Oyón-Oion;33,11;28,82;38,91;44,73;40,11;48,51;55,77;53,17;50,17;53,42
20059;Oñati;10,11;7,77;5,83;5,38;4,98;6,07;7,35;7,85;8,26;9,38
20064;Pasaia;28,34;26,61;28,14;28,43;26,93;32,85;34,17;36,06;34,93;32,59
01044;Peñacerrada-Urizaharra;5,24;5,29;0,00;5,41;23,81;18,29;18,40;18,52;12,27;11,98
48077;Plentzia;14,70;16,66;17,91;17,28;19,61;21,11;26,56;25,40;25,82;27,49
48078;Portugalete;23,77;20,74;21,89;23,60;21,82;23,58;26,38;28,07;26,42;29,31
01047;Ribera Baja/Erribera Beitia;19,37;12,14;11,96;13,30;8,26;7,33;9,57;8,47;11,22;16,25
01051;Salvatierra/Agurain;23,27;25,33;24,13;28,07;18,18;18,60;18,45;28,07;46,49;44,07
01052;Samaniego;13,79;6,58;13,33;20,83;0,00;0,00;0,00;0,00;0,00;0,00
01053;San Millán/Donemiliaga;2,56;5,06;7,52;7,46;7,33;11,99;12,05;7,19;7,21;4,83
48082;Santurtzi;31,14;28,66;32,13;32,33;32,62;34,88;35,40;37,60;36,67;36,55
20070;Segura;5,30;4,05;4,04;8,09;6,48;6,48;11,94;15,83;16,97;15,71
48084;Sestao;38,75;34,52;35,65;36,82;40,75;43,21;49,39;56,13;53,01;50,52
48904;Sondika;13,73;14,47;15,26;13,36;13,38;15,89;13,53;13,57;16,86;13,51
48085;Sopela;16,74;14,19;15,05;14,70;14,39;11,57;13,36;16,03;17,40;18,02
48086;Sopuerta;18,04;17,58;19,53;22,38;19,97;21,33;23,94;22,73;20,90;26,09
20065;Soraluze-Placencia de las Armas;34,99;24,48;34,03;43,05;37,41;38,93;35,41;45,68;46,96;46,31
48076;Sukarrieta;21,28;15,54;20,00;20,73;23,81;23,81;16,95;21,86;27,03;21,39
20071;Tolosa;14,11;12,72;12,24;13,83;14,59;17,00;17,72;20,67;22,72;22,06
48087;Trucios-Turtzioz;37,31;36,90;26,22;26,82;26,62;30,53;22,30;22,64;34,22;33,09
48088;Ubide;0,00;0,00;10,64;21,51;10,00;10,53;29,41;30,00;41,67;31,25
48065;Ugao-Miraballes;17,61;16,73;15,37;16,92;16,86;16,25;17,02;22,28;24,26;19,87
48089;Urduliz;10,46;10,87;11,61;12,12;9,61;9,56;12,46;14,50;16,38;17,25
48074;Urduña/Orduña;26,98;26,74;30,18;28,44;26,16;25,78;29,86;32,21;34,84;34,21
01054;Urkabustaiz;24,17;21,88;27,70;27,74;26,14;29,02;20,46;23,04;16,51;15,49
20072;Urnieta;14,49;12,33;13,29;13,25;11,94;9,10;11,06;12,92;10,03;9,73
20077;Urretxu;13,43;14,03;14,64;13,07;13,17;12,05;17,38;17,84;15,06;16,74
20073;Usurbil;14,52;11,31;12,57;14,25;12,19;12,16;14,97;14,67;17,42;16,16
01055;Valdegovía/Gaubea;28,85;27,07;31,75;24,59;24,10;25,30;27,30;30,46;23,77;20,51
48080;Valle de Trápaga-Trapagaran;18,89;15,89;18,06;17,85;18,61;22,23;28,10;27,89;27,53;24,97
20075;Villabona;21,13;20,10;23,06;26,04;21,12;23,50;27,22;29,46;30,00;25,24
01057;Villabuena de Álava/Eskuernaga;12,74;6,62;19,23;13,33;13,89;13,16;6,54;13,16;13,51;24,84
01059;Vitoria-Gasteiz;28,77;25,83;26,27;25,82;24,39;25,56;29,17;33,01;33,25;34,59
01060;Yécora/Iekora;39,74;36,50;14,93;42,25;34,01;35,46;28,78;21,74;0,00;6,85
48095;Zaldibar;21,83;23,09;23,76;21,78;20,21;18,89;19,39;22,14;22,21;24,44
20078;Zaldibia;18,02;13,59;17,61;11,95;10,74;14,53;18,05;20,73;23,11;13,29
01061;Zalduondo;9,09;9,01;9,35;9,35;9,52;9,80;9,71;18,87;18,52;18,02
48096;Zalla;31,16;25,12;26,76;30,35;27,99;32,23;34,96;36,38;37,38;33,12
01062;Zambrana;16,67;21,65;13,04;8,62;21,65;17,09;17,78;13,22;17,94;18,02
48905;Zamudio;16,54;14,92;15,67;16,20;14,54;17,81;20,48;20,41;18,06;16,82
48097;Zaratamo;7,53;8,86;8,85;7,48;9,99;14,93;18,80;20,00;22,96;20,18
20079;Zarautz;7,89;6,35;6,00;7,02;6,00;6,26;7,18;8,88;8,64;10,77
48024;Zeanuri;9,77;9,76;9,65;8,12;4,61;7,63;12,46;6,24;6,34;6,34
48025;Zeberio;28,20;20,68;24,39;16,45;20,33;18,73;21,11;24,71;30,02;26,82
20025;Zegama;8,65;7,47;7,54;7,45;7,61;4,98;6,17;7,40;11,08;13,60
20026;Zerain;7,58;7,69;0,00;0,00;0,00;0,00;0,00;0,00;8,40;8,33
20027;Zestoa;21,78;21,51;19,50;23,27;22,59;24,46;25,25;29,85;29,52;23,04
48913;Zierbena;13,87;13,91;17,72;16,07;14,87;12,67;11,32;15,13;17,59;11,21
01018;Zigoitia;4,00;3,05;4,03;0,00;1,09;2,17;2,15;3,19;2,09;7,23
48915;Ziortza-Bolibar;21,55;13,51;17,70;8,81;17,09;12,61;8,13;8,23;4,10;8,06
20028;Zizurkil;19,22;13,04;16,32;17,62;20,42;17,86;18,13;17,38;22,51;22,97
01063;Zuia;9,40;9,54;9,63;8,11;6,57;6,56;7,36;9,01;7,24;5,56
20081;Zumaia;8,98;8,85;9,09;10,49;10,90;12,35;13,83;14,92;14,50;12,86
20080;Zumarraga;21,54;20,58;23,22;22,52;21,94;19,85;18,76;19,60;18,36;18,37
