Indicadores municipales de sostenibilidad: Ingresos municipales por operaciones corrientes;;;;;;;;;;;;;;;;;;;;;;
"";;;;;;;;;;;;;;;;;;;;;;
Resumen de datos;;;;;;;;;;;;;;;;;;;;;;
Entidad;;2022;2021;2020;2019;2018;2017;2016;2015;2014;2013;2012;2011;2010;2009;2008;2007;2006;2005;2004;2003;2002
Araba/Álava;;1.597,43;1.417,45;1.305,84;1.410,84;1.368,63;1.334,05;1.341,80;1.364,90;1.255,92;1.290,19;1.285,19;1.382,75;1.305,35;1.321,02;1.436,10;1.342,39;1.270,25;1.174,03;1.047,50;985,72;931,06
Bizkaia;;1.546,61;1.357,81;1.287,81;1.394,98;1.316,52;1.217,06;1.206,21;1.210,11;1.209,33;1.139,13;1.155,11;1.211,31;1.172,81;1.227,20;1.360,18;1.318,61;1.181,17;998,03;954,53;880,52;881,62
CAE;;1.577,27;1.423,61;1.315,27;1.417,57;1.358,02;1.279,84;1.268,10;1.266,73;1.236,97;1.186,75;1.191,89;1.223,76;1.216,84;1.220,09;1.328,35;1.298,04;1.185,30;1.041,06;990,26;930,31;894,49
Gipuzkoa;;1.616,70;1.531,10;1.363,34;1.456,66;1.419,38;1.355,48;1.333,73;1.313,08;1.272,94;1.217,15;1.209,49;1.171,84;1.249,03;1.162,88;1.227,60;1.244,26;1.154,55;1.053,48;1.024,11;988,44;900,14
"";;;;;;;;;;;;;;;;;;;;;;
Detalle por comarcas;;;;;;;;;;;;;;;;;;;;;;
Código comarca;Comarca;2022;2021;2020;2019;2018;2017;2016;2015;2014;2013;2012;2011;2010;2009;2008;2007;2006;2005;2004;2003;2002
01100;Arabako Ibarrak / Valles Alaveses;1.638,51;1.352,92;1.392,92;1.473,79;1.398,93;1.359,94;1.295,91;1.301,94;1.248,17;1.337,20;1.300,01;1.311,95;1.233,97;1.241,95;1.322,64;1.288,82;1.358,65;1.243,31;1.034,01;1.032,63;981,77
01200;Arabako Lautada / Llanada Alavesa;1.640,92;1.453,97;1.336,50;1.432,79;1.403,61;1.376,28;1.367,54;1.393,18;1.278,28;1.311,49;1.323,46;1.423,30;1.338,69;1.348,42;1.467,86;1.352,25;1.286,31;1.187,33;1.045,07;965,33;931,87
01300;Arabako Mendialdea / Montaña Alavesa;1.233,58;1.036,17;1.083,38;1.167,66;1.129,16;1.095,93;1.181,98;1.103,39;1.070,41;1.089,96;1.019,69;1.021,02;990,97;967,80;1.009,27;930,25;828,80;814,35;751,97;644,19;628,31
48100;Arratia Nerbioi / Arratia-Nervión;1.525,26;1.308,19;1.213,26;1.311,92;1.280,86;1.176,61;1.151,26;1.203,14;1.185,91;1.154,86;1.138,32;1.248,77;1.075,45;1.203,02;1.374,12;1.298,08;1.167,54;972,21;891,32;825,48;777,72
20200;Bidasoa Beherea / Bajo Bidasoa;1.413,85;1.341,34;1.219,75;1.309,52;1.282,34;1.212,06;1.200,88;1.180,30;1.132,73;1.069,55;1.058,83;1.024,74;1.125,13;1.007,82;1.101,41;1.100,39;1.032,50;939,60;896,34;844,37;792,62
48200;Bilbo Handia / Gran Bilbao;1.588,43;1.395,31;1.325,91;1.435,85;1.349,73;1.241,43;1.230,96;1.232,17;1.235,45;1.163,15;1.173,50;1.222,91;1.195,00;1.249,63;1.381,55;1.341,85;1.197,01;1.006,44;964,07;890,72;901,94
20100;Deba Beherea / Bajo Deba;1.422,60;1.396,10;1.256,09;1.273,75;1.255,60;1.176,43;1.145,74;1.133,37;1.094,48;1.102,96;1.062,30;1.024,76;1.103,89;1.009,75;1.085,40;1.131,39;1.069,57;984,56;966,03;953,53;876,43
20300;Debagoiena / Alto Deba;1.670,76;1.567,64;1.385,19;1.488,29;1.470,33;1.394,43;1.396,91;1.395,71;1.327,99;1.271,04;1.241,75;1.204,92;1.289,27;1.220,08;1.306,50;1.344,25;1.246,28;1.119,30;1.113,42;997,35;908,90
20400;Donostialdea / Donostia-San Sebastián;1.729,97;1.654,15;1.481,14;1.568,14;1.518,59;1.453,79;1.430,72;1.399,76;1.364,16;1.301,29;1.310,62;1.255,75;1.351,26;1.239,84;1.295,94;1.313,09;1.182,75;1.078,51;1.062,77;1.043,55;941,25
48300;Durangaldea / Duranguesado;1.444,64;1.278,29;1.222,55;1.284,58;1.215,17;1.155,01;1.151,85;1.154,12;1.150,79;1.086,62;1.118,56;1.148,48;1.146,56;1.178,02;1.317,25;1.238,79;1.160,02;970,53;895,86;852,39;866,58
48400;Enkartazioak / Encartaciones;1.358,99;1.127,26;1.097,52;1.221,20;1.196,56;1.130,12;1.137,42;1.160,69;1.151,32;1.027,13;1.026,41;1.171,15;1.023,48;1.172,44;1.312,60;1.289,63;1.128,76;989,03;935,00;766,98;792,91
01400;Errioxa Arabarra / Rioja Alavesa;1.428,37;1.362,35;1.217,38;1.427,30;1.309,36;1.276,85;1.238,19;1.237,40;1.128,38;1.158,16;1.114,20;1.214,48;1.231,00;1.175,95;1.308,45;1.269,61;1.212,64;1.123,87;1.107,49;1.095,53;1.044,20
48500;Gernika-Bermeo;1.417,24;1.262,49;1.117,20;1.235,70;1.186,30;1.109,01;1.111,40;1.108,51;1.099,39;1.020,63;1.086,27;1.133,30;1.067,54;1.169,95;1.263,31;1.257,04;1.073,26;1.046,85;923,68;947,09;807,49
20500;Goierri;1.542,68;1.426,26;1.253,51;1.349,62;1.330,61;1.256,91;1.229,68;1.229,68;1.198,65;1.136,12;1.116,63;1.079,41;1.097,82;1.103,31;1.128,00;1.133,04;1.124,64;1.027,68;976,30;945,76;871,27
01500;Gorbeia Inguruak / Estribaciones del Gorbea;1.521,46;1.400,88;1.313,63;1.475,91;1.393,27;1.331,47;1.341,01;1.378,45;1.245,69;1.251,21;1.200,53;1.275,51;1.240,58;1.262,64;1.362,56;1.315,22;1.305,23;1.138,94;1.081,77;1.076,08;936,22
01600;Kantauri Arabarra / Cantábrica Alavesa;1.364,01;1.205,77;1.102,37;1.231,53;1.133,66;1.053,18;1.205,36;1.226,25;1.152,90;1.196,73;1.102,43;1.211,83;1.141,73;1.228,85;1.323,47;1.349,31;1.192,09;1.125,92;1.067,53;1.100,42;909,31
48600;Markina-Ondarroa;1.423,77;1.266,00;1.211,78;1.261,46;1.200,56;1.141,00;1.109,76;1.119,35;1.088,60;1.046,48;1.090,24;1.127,99;1.027,52;1.141,74;1.318,43;1.238,99;1.117,49;935,71;891,81;796,36;758,95
48700;Plentzia-Mungia;1.380,29;1.209,13;1.141,72;1.293,95;1.233,18;1.144,50;1.108,03;1.126,48;1.098,69;1.057,40;1.100,70;1.251,70;1.150,12;1.081,36;1.209,47;1.193,99;1.114,78;909,41;1.000,06;833,09;780,61
20600;Tolosaldea / Tolosa;1.544,34;1.409,72;1.231,02;1.325,67;1.306,60;1.227,51;1.225,02;1.220,76;1.201,15;1.141,01;1.124,49;1.115,37;1.155,24;1.118,45;1.244,06;1.198,44;1.186,39;1.082,02;999,26;961,36;894,97
20700;Urola-Kostaldea / Urola Costa;1.541,28;1.433,30;1.246,15;1.414,22;1.361,65;1.348,20;1.300,22;1.272,33;1.220,38;1.164,39;1.144,53;1.158,81;1.201,51;1.135,14;1.178,81;1.222,58;1.151,18;1.063,47;1.011,52;966,93;866,76
"";;;;;;;;;;;;;;;;;;;;;;
Detalle por municipios;;;;;;;;;;;;;;;;;;;;;;
Código municipio;Municipio;2022;2021;2020;2019;2018;2017;2016;2015;2014;2013;2012;2011;2010;2009;2008;2007;2006;2005;2004;2003;2002
48001;Abadiño;1.541,24;1.433,83;1.308,34;1.371,77;1.383,82;1.329,88;1.239,51;1.273,63;1.171,99;1.128,67;1.181,82;1.326,84;1.008,46;1.263,07;1.405,18;1.242,28;1.115,31;1.080,57;896,48;898,79;979,87
20001;Abaltzisketa;1.523,18;1.533,67;1.204,90;1.318,64;1.327,54;1.336,68;1.286,24;1.278,38;1.190,29;1.194,87;1.350,82;1.113,08;1.448,01;1.394,49;1.271,84;1.345,48;1.058,48;1.213,54;1.107,66;999,83;1.101,25
48002;Abanto y Ciérvana-Abanto Zierbena;1.737,66;1.334,22;1.279,77;1.295,54;1.305,61;1.250,48;1.129,08;1.162,57;1.164,30;1.166,25;1.137,01;1.046,07;1.138,21;1.487,79;1.499,42;1.503,96;1.274,34;995,20;936,49;760,18;981,58
20002;Aduna;2.347,93;1.998,62;1.973,65;2.402,31;2.392,03;1.904,08;3.217,80;2.401,11;2.211,40;1.833,95;1.838,75;1.851,11;1.632,85;2.858,86;3.059,35;2.020,48;2.122,57;1.903,87;1.688,38;1.877,37;1.657,61
20016;Aia;1.374,36;1.170,95;1.066,76;1.229,77;1.170,52;1.195,84;1.163,43;1.183,53;1.118,51;1.076,73;1.145,42;1.072,93;1.173,05;1.104,91;1.247,09;1.335,76;1.182,14;1.228,64;932,97;922,16;984,79
20003;Aizarnazabal;2.038,11;1.893,24;1.563,91;1.673,99;1.550,75;1.591,67;1.626,53;1.639,97;1.846,17;1.669,47;1.552,88;1.482,84;1.487,75;1.301,93;1.559,11;1.668,29;1.365,96;1.573,78;1.186,61;1.126,81;1.011,31
48911;Ajangiz;1.709,17;1.517,94;1.437,39;1.695,84;1.512,60;1.465,92;1.458,29;1.631,72;1.567,49;1.555,76;1.544,94;1.945,55;2.374,06;2.024,00;1.784,55;1.426,48;1.260,38;1.076,43;1.109,54;987,23;905,85
20004;Albiztur;1.720,30;1.879,85;1.402,39;1.712,29;1.793,49;1.603,83;1.342,58;1.365,96;2.298,28;1.325,22;1.335,04;1.286,70;1.274,96;1.024,42;1.202,40;2.315,07;2.371,14;1.741,01;1.052,28;1.000,69;1.193,27
20005;Alegia;1.412,64;1.399,37;1.119,40;1.214,35;1.253,26;1.142,56;1.069,19;1.112,24;1.022,97;958,16;972,88;969,33;965,52;1.075,64;1.012,23;1.032,11;1.003,21;817,82;772,61;764,61;791,33
01001;Alegría-Dulantzi;1.239,91;1.111,53;1.018,30;1.185,29;1.149,66;1.036,06;1.058,91;1.056,80;993,63;1.007,00;916,79;985,45;1.103,55;1.033,84;1.139,19;1.232,67;1.096,78;1.058,35;1.047,11;985,20;993,15
20006;Alkiza;1.557,45;1.526,42;1.288,49;1.413,32;1.452,06;1.240,52;1.227,49;1.210,36;1.200,29;1.030,89;987,40;978,67;1.079,10;915,15;999,87;1.082,50;1.047,44;1.141,39;952,46;1.145,15;827,05
48912;Alonsotegi;1.402,59;1.294,58;1.220,73;1.339,36;1.356,44;1.213,81;1.142,81;1.373,34;1.163,82;1.152,83;1.082,55;1.094,83;827,68;1.129,22;1.263,62;1.184,70;1.033,90;850,81;825,14;696,29;729,42
20906;Altzaga;2.092,40;2.058,74;1.497,82;1.669,16;1.518,23;1.395,13;1.511,29;1.470,40;1.434,08;1.479,31;1.359,66;1.300,05;1.629,34;1.400,92;1.707,73;1.886,23;1.666,39;1.425,78;1.610,92;1.282,24;1.698,41
20007;Altzo;1.926,59;2.165,07;1.913,17;1.958,47;1.765,27;1.712,91;1.572,15;1.722,97;1.397,76;1.263,36;1.245,57;1.249,09;1.521,36;1.387,73;1.652,82;1.350,19;1.412,40;1.439,71;1.160,29;1.373,12;1.558,67
20008;Amezketa;1.853,57;1.485,30;1.246,81;1.366,32;1.421,03;1.292,69;1.346,87;1.332,23;1.224,71;1.152,99;1.035,29;1.031,91;1.007,67;1.055,56;1.066,00;1.014,71;856,75;820,30;754,71;733,37;694,73
48003;Amorebieta-Etxano;1.647,14;1.470,40;1.417,00;1.411,26;1.332,85;1.268,26;1.262,78;1.281,27;1.264,12;1.192,37;1.198,71;1.273,66;1.272,75;1.312,83;1.523,31;1.353,72;1.370,86;1.070,39;1.001,60;850,01;976,05
48004;Amoroto;1.717,81;1.435,30;1.380,22;1.453,98;1.391,75;1.276,47;1.275,46;1.335,15;1.339,02;1.227,21;1.373,53;1.348,10;1.061,29;1.301,00;1.558,93;1.470,73;1.269,08;988,06;1.028,17;882,48;892,80
01002;Amurrio;1.437,22;1.256,69;1.102,38;1.249,13;1.122,87;1.039,22;1.165,82;1.156,16;1.063,53;1.128,41;1.122,90;1.222,98;1.109,94;1.207,39;1.195,48;1.236,18;1.083,86;1.144,72;1.089,50;1.312,87;813,65
20009;Andoain;1.726,12;1.452,64;1.468,09;1.534,74;1.454,01;1.561,39;1.559,97;1.521,89;1.443,30;1.361,73;1.325,24;1.309,53;1.355,70;1.279,40;1.331,43;1.336,38;994,63;998,32;946,96;904,85;883,89
20010;Anoeta;1.414,66;1.299,83;1.184,44;1.333,94;1.322,02;1.132,25;1.054,72;1.082,15;1.100,53;1.010,92;1.028,39;1.133,92;1.067,64;909,00;1.012,18;1.031,04;960,40;864,13;767,69;935,72;734,39
20011;Antzuola;1.442,92;1.432,48;1.169,51;1.357,47;1.215,43;1.189,32;1.207,90;1.220,17;1.140,43;1.099,73;1.074,18;1.079,04;1.049,93;1.002,03;931,26;964,77;1.000,99;887,35;943,07;836,93;1.002,15
48005;Arakaldo;2.564,61;3.177,29;1.690,36;1.853,44;1.732,89;1.574,72;1.752,93;1.667,98;2.039,13;1.901,87;2.134,69;2.994,94;2.036,33;3.577,12;3.807,79;3.530,04;4.402,53;2.911,48;2.707,61;2.725,21;2.469,59
20012;Arama;2.226,80;2.287,29;1.790,02;2.057,46;1.930,89;1.735,94;1.670,18;1.871,48;2.208,32;1.924,07;1.747,08;1.862,45;1.771,34;1.591,85;2.019,95;2.001,44;1.787,86;1.942,33;2.859,63;1.845,87;1.733,54
01003;Aramaio;1.373,04;1.222,73;1.091,97;1.282,38;1.273,95;1.183,18;1.230,07;1.150,36;1.119,94;1.146,54;1.021,99;1.111,36;1.054,02;1.124,28;1.146,29;1.111,92;997,51;1.032,15;936,25;965,17;803,97
48006;Arantzazu;1.321,47;1.075,06;1.099,59;1.339,93;1.242,90;1.095,64;1.093,99;1.175,38;1.095,43;1.084,05;1.054,56;1.196,96;1.081,93;1.455,94;1.662,11;2.037,99;1.717,16;1.065,70;977,03;956,68;1.019,82
48093;Areatza;1.314,78;1.093,89;1.199,99;1.219,79;1.266,87;1.079,63;1.302,14;1.152,31;1.198,91;1.026,91;1.058,56;1.163,99;847,93;1.127,05;1.286,88;1.252,60;1.069,95;871,34;934,42;751,40;731,21
20013;Aretxabaleta;1.630,41;1.516,78;1.344,58;1.432,29;1.447,04;1.393,85;1.388,03;1.272,29;1.239,64;1.219,89;1.156,73;1.088,90;1.190,62;1.042,77;1.142,49;1.493,52;1.080,59;956,95;886,90;1.002,76;819,38
01006;Armiñón;976,28;919,35;851,42;970,17;919,85;930,34;898,01;943,36;998,13;917,39;838,23;986,56;228,88;248,79;279,13;287,91;1.710,78;904,80;980,20;1.005,33;996,81
01037;Arraia-Maeztu;1.098,45;973,60;875,86;1.021,79;944,28;931,42;1.130,19;961,11;981,15;1.012,68;970,02;906,99;781,49;882,52;890,38;825,26;757,66;700,18;622,96;685,76;564,54
48009;Arrankudiaga;1.910,23;1.812,34;1.492,51;1.570,38;1.463,55;1.420,48;1.372,40;1.395,77;1.543,99;1.420,93;1.358,76;1.465,02;1.337,28;1.439,34;1.542,12;1.424,56;1.391,41;1.401,52;1.053,73;1.236,91;872,03
20055;Arrasate/Mondragón;1.721,09;1.624,04;1.421,71;1.511,32;1.466,90;1.407,91;1.409,94;1.482,12;1.338,36;1.247,46;1.219,37;1.175,72;1.266,33;1.193,06;1.304,44;1.321,44;1.255,83;1.102,60;1.084,42;925,05;835,81
48914;Arratzu;1.557,99;1.472,68;1.244,14;1.872,69;1.283,69;1.199,34;1.218,89;1.286,83;1.289,51;1.361,92;1.372,68;1.326,61;1.041,84;1.348,38;1.859,31;1.548,47;1.352,03;1.274,97;993,31;946,24;957,39
01008;Arratzua-Ubarrundia;1.409,55;1.198,01;1.228,04;1.230,88;1.150,34;1.114,31;1.164,90;1.101,58;1.120,86;1.149,80;1.065,83;1.180,36;1.146,83;1.282,65;1.279,80;1.266,91;908,90;832,37;1.013,79;715,34;721,28
48010;Arrieta;1.554,93;1.336,10;1.259,67;1.329,53;1.319,59;1.225,64;1.206,05;1.208,80;1.320,51;1.136,31;1.222,12;1.195,50;1.169,17;1.262,91;1.473,67;1.345,45;1.154,00;916,85;937,65;925,45;760,52
48011;Arrigorriaga;1.374,18;1.149,23;1.129,06;1.213,84;1.170,78;1.085,76;1.060,92;1.089,16;1.080,18;962,42;978,75;990,62;1.010,99;1.048,39;1.197,65;1.109,03;1.005,12;793,34;741,80;702,47;708,03
48023;Artea;1.998,86;1.470,50;1.329,88;1.496,97;1.638,97;1.320,05;1.288,77;1.285,37;1.268,85;1.198,18;1.316,99;1.314,65;1.037,27;1.164,61;1.708,00;1.475,10;1.846,86;905,25;1.418,32;1.093,72;816,07
48008;Artzentales;1.925,35;1.486,96;1.616,39;1.689,79;1.531,88;1.388,71;1.496,83;1.428,15;1.727,61;1.415,26;1.303,65;1.277,64;1.300,71;1.248,45;1.580,35;1.416,04;1.594,75;1.015,20;1.128,61;1.016,35;969,62
01004;Artziniega;1.200,94;1.172,35;1.018,58;1.071,93;1.014,57;988,43;1.034,72;986,48;985,42;950,36;859,07;1.049,43;1.041,24;1.050,00;1.125,23;1.073,95;1.152,72;913,58;818,34;809,23;820,99
01009;Asparrena;2.000,23;1.762,48;1.804,33;1.871,82;1.826,29;1.678,97;1.587,92;1.757,29;1.509,22;1.524,26;1.489,27;1.430,75;1.389,87;1.368,99;1.555,16;1.407,68;1.286,16;1.263,77;1.060,64;1.088,81;1.165,82
20014;Asteasu;1.999,24;1.517,59;1.366,32;1.456,10;1.498,30;1.430,41;1.405,78;1.422,50;1.379,17;1.331,60;1.343,62;1.159,34;1.227,41;1.536,09;1.284,91;1.492,13;1.366,50;1.181,97;959,34;945,46;925,97
20903;Astigarraga;1.384,43;1.479,76;1.303,48;1.316,66;1.560,25;1.370,12;1.288,22;1.267,52;1.151,73;1.115,35;1.253,18;1.238,24;1.353,53;1.176,73;1.354,36;1.248,45;1.252,24;1.346,75;1.217,69;1.155,45;1.089,29
20015;Ataun;1.201,74;1.314,66;973,93;976,21;1.028,35;969,12;951,76;1.041,75;1.020,78;881,90;848,06;801,54;870,14;902,81;971,84;993,54;889,79;870,74;758,98;782,40;651,75
48091;Atxondo;1.623,35;1.282,22;1.202,22;1.306,81;1.265,21;1.128,97;1.134,66;1.731,80;1.114,99;1.284,11;1.107,77;1.130,29;950,64;1.048,74;1.314,53;1.037,55;1.037,15;915,96;878,95;883,75;812,63
48070;Aulesti;1.691,09;1.382,71;1.313,58;1.414,31;1.325,07;1.237,92;1.267,97;1.451,95;1.404,79;1.351,36;1.278,32;1.251,18;971,64;1.983,38;1.614,53;1.557,80;1.398,84;1.196,98;963,97;857,42;808,78
01010;Ayala/Aiara;934,40;849,50;761,96;801,82;766,02;747,59;722,01;720,88;924,34;708,75;689,79;789,91;697,35;730,98;817,25;765,75;724,37;668,93;587,43;531,51;484,03
20017;Azkoitia;1.403,59;1.297,23;1.160,15;1.312,41;1.221,36;1.130,75;1.111,43;1.120,48;1.133,42;1.085,83;1.019,60;972,14;1.035,62;1.028,30;1.095,97;1.157,75;1.101,22;1.052,80;957,17;964,85;869,03
20018;Azpeitia;1.486,02;1.442,43;1.262,68;1.343,53;1.312,12;1.305,14;1.220,68;1.227,18;1.146,63;1.121,30;1.184,66;1.207,66;1.270,43;1.230,03;1.286,79;1.397,87;1.212,50;1.113,91;1.044,14;1.087,25;952,33
01049;Añana;2.143,38;1.755,64;1.621,46;2.212,39;1.579,09;1.577,48;1.574,95;1.568,07;1.445,98;1.637,35;1.570,05;1.473,21;1.363,84;1.306,39;1.450,98;1.299,01;1.154,41;1.285,92;1.134,51;961,56;924,56
48012;Bakio;1.686,61;1.693,62;1.568,43;1.728,23;1.687,31;1.619,50;1.739,90;1.775,55;1.627,82;1.521,27;1.223,31;1.371,14;1.589,27;1.636,60;1.593,74;2.287,93;3.311,76;2.608,73;1.999,91;1.897,73;1.896,47
20904;Baliarrain;1.823,74;1.674,72;1.356,84;1.515,66;1.612,79;1.599,05;1.575,72;1.713,35;1.651,01;2.124,32;1.978,50;1.769,70;2.268,21;2.027,28;2.347,96;2.334,57;1.989,38;1.946,60;1.808,77;2.428,11;1.928,11
48090;Balmaseda;1.145,68;973,20;1.073,53;1.193,11;1.269,54;1.250,17;1.179,27;1.173,92;1.129,55;995,70;987,17;1.089,86;1.144,89;1.192,03;1.302,51;1.379,67;1.151,75;1.123,20;1.158,69;700,10;749,87
48013;Barakaldo;1.401,79;1.212,59;1.172,79;1.301,13;1.182,52;1.052,40;1.037,58;1.066,52;1.048,87;972,52;989,22;1.018,75;1.039,24;923,36;1.227,69;1.174,44;1.012,17;833,68;834,06;775,29;882,55
48014;Barrika;1.161,45;1.015,27;1.004,52;1.091,94;1.068,56;1.007,92;954,60;979,64;930,19;890,25;969,35;1.010,39;998,87;974,75;1.195,74;1.014,98;981,24;845,94;879,20;732,41;830,60
01013;Barrundia;1.365,92;1.125,09;1.041,21;1.035,20;948,22;922,18;848,38;989,99;924,87;882,16;815,12;899,49;829,93;839,81;843,75;850,94;913,94;814,80;791,58;695,29;650,61
48015;Basauri;1.430,32;1.313,93;1.157,85;1.286,02;1.245,79;1.178,34;1.079,65;1.111,18;1.108,81;1.079,69;1.061,23;1.039,02;1.107,11;1.120,56;1.188,19;1.169,15;1.033,25;843,99;822,11;793,62;730,36
01011;Baños de Ebro/Mañueta;1.156,71;1.191,59;993,33;1.056,31;1.002,05;1.008,97;1.130,89;1.119,18;931,21;930,61;933,03;994,28;990,59;1.120,57;1.057,97;969,90;930,53;842,62;951,35;844,18;788,40
20019;Beasain;1.444,62;1.405,08;1.176,70;1.243,94;1.278,86;1.185,42;1.162,38;1.221,40;1.103,63;1.111,66;1.014,50;969,25;1.038,76;1.023,77;1.048,08;1.039,67;993,85;1.001,08;935,59;925,28;830,54
48092;Bedia;1.361,93;1.164,42;1.438,10;1.268,39;1.311,11;1.453,69;1.403,48;1.438,47;1.234,46;1.102,50;1.465,92;1.333,39;1.351,63;1.433,58;1.722,27;1.456,44;1.559,99;1.354,89;1.103,28;1.000,06;855,79
20020;Beizama;2.449,07;2.276,83;1.965,60;2.115,76;2.231,91;2.113,01;1.972,02;2.480,13;2.799,37;2.327,60;2.586,72;1.876,58;2.140,09;2.000,94;2.710,10;2.506,61;2.316,05;1.723,19;1.743,83;2.038,10;1.489,52
20021;Belauntza;1.613,30;1.333,09;1.534,70;1.576,02;1.690,67;1.604,65;1.586,53;1.408,22;1.390,96;1.234,02;1.203,39;1.098,38;1.252,19;1.299,43;1.378,48;1.384,65;1.412,25;1.143,32;1.214,12;1.453,20;1.289,78
48016;Berango;1.259,32;1.365,53;1.010,28;1.048,22;993,36;954,90;872,38;931,05;896,30;801,52;819,13;966,55;695,41;918,28;1.067,41;968,90;856,70;702,19;684,19;703,93;625,02
01014;Berantevilla;1.401,01;1.176,66;1.189,49;1.112,94;1.213,69;1.090,23;1.179,58;1.075,67;1.191,82;1.103,84;1.191,46;968,28;1.141,56;866,52;875,66;877,51;956,44;760,22;788,31;810,78;810,78
20022;Berastegi;1.504,83;1.382,87;1.139,06;1.217,57;1.304,59;1.250,95;1.176,98;1.196,46;1.166,60;1.172,22;1.064,24;756,23;1.040,47;1.003,93;1.355,77;888,85;903,32;862,42;760,60;755,34;703,51
20074;Bergara;1.680,10;1.553,50;1.376,71;1.475,83;1.464,15;1.369,41;1.376,80;1.343,80;1.338,80;1.265,47;1.290,91;1.221,68;1.341,58;1.293,49;1.333,80;1.263,84;1.163,95;1.092,70;1.037,33;973,37;928,85
48017;Bermeo;1.490,94;1.363,64;1.057,22;1.166,26;1.102,27;1.054,18;1.071,19;1.020,32;1.031,07;974,69;1.068,93;1.088,52;917,74;1.103,48;1.241,30;1.223,86;1.058,76;1.087,61;799,97;1.011,03;756,59
01016;Bernedo;1.061,42;972,72;996,21;1.099,36;967,23;927,44;966,87;1.023,66;902,05;915,41;842,23;834,83;845,82;912,10;942,50;804,35;791,30;737,62;862,52;622,66;656,17
48018;Berriatua;1.865,75;1.573,79;1.485,37;1.495,23;1.432,49;1.238,72;1.234,63;1.257,51;1.223,43;1.171,09;1.155,07;1.256,33;1.011,04;1.062,97;1.192,95;1.049,97;1.047,96;916,62;890,71;1.042,80;1.128,87
48019;Berriz;1.401,46;1.269,87;1.259,24;1.324,65;1.260,58;1.152,99;1.277,88;1.183,25;1.201,89;1.080,97;1.120,07;1.193,68;1.234,49;1.120,31;1.341,13;1.205,94;1.227,01;1.035,83;1.048,82;844,20;827,66
20023;Berrobi;1.156,11;1.108,87;964,46;981,49;911,90;935,94;852,77;916,92;1.026,34;1.156,93;1.117,18;687,59;973,13;1.217,18;1.192,60;1.012,12;924,35;871,52;1.323,05;2.219,07;774,92
20024;Bidania-Goiatz;1.432,13;1.401,27;1.173,13;1.270,67;1.211,26;1.200,58;1.255,20;1.205,77;1.284,11;1.189,00;1.301,97;1.210,83;1.276,83;1.129,49;1.284,93;1.298,23;1.160,33;1.027,89;909,38;1.151,05;746,87
48020;Bilbao;1.838,47;1.596,81;1.523,35;1.663,31;1.543,76;1.418,45;1.431,26;1.410,10;1.414,44;1.311,95;1.278,58;1.376,86;1.330,46;1.402,37;1.552,02;1.525,15;1.364,79;1.179,21;1.103,65;1.038,36;1.014,40
48021;Busturia;1.275,32;1.090,02;1.031,22;1.150,12;1.054,82;913,72;939,96;972,61;976,51;894,30;971,67;976,00;738,10;929,11;1.252,78;991,52;868,93;686,68;867,47;830,15;719,29
01017;Campezo/Kanpezu;1.306,09;1.059,60;1.073,74;1.225,72;1.252,17;1.201,45;1.290,60;1.173,67;1.181,47;1.230,70;1.065,11;1.070,80;1.166,85;985,91;1.081,36;944,20;725,29;802,21;722,07;535,41;615,99
20029;Deba;1.693,75;1.653,88;1.450,16;1.489,70;1.505,16;1.465,87;1.369,81;1.361,98;1.309,99;1.277,91;1.229,61;1.150,26;1.244,21;1.192,80;1.239,80;1.247,58;1.315,26;1.226,51;1.077,26;1.098,13;942,59
48901;Derio;1.491,84;1.588,15;1.342,55;1.347,35;1.356,79;1.152,22;1.249,62;1.198,67;1.128,50;1.100,05;1.117,93;1.205,86;1.236,25;1.192,35;1.470,05;1.411,21;1.370,45;1.192,73;961,76;798,39;858,98
48026;Dima;1.291,33;1.032,95;1.154,77;1.219,02;1.113,44;1.064,71;1.005,69;1.061,52;1.062,01;1.054,54;1.317,86;1.325,89;1.266,39;1.391,59;1.550,06;1.430,13;1.023,56;1.507,81;1.129,58;888,62;710,55
20069;Donostia / San Sebastián;1.868,26;1.796,08;1.598,34;1.700,28;1.630,84;1.549,51;1.529,24;1.489,68;1.465,29;1.395,27;1.410,07;1.347,51;1.431,35;1.321,69;1.359,45;1.375,40;1.249,56;1.105,47;1.043,30;1.042,15;973,95
48027;Durango;1.292,06;1.077,29;1.048,57;1.150,69;1.063,94;1.036,93;1.003,04;950,17;982,83;937,99;967,25;915,81;947,14;990,88;1.061,76;1.030,90;961,12;794,30;727,80;708,04;683,36
48028;Ea;1.510,44;1.768,94;1.315,05;1.253,49;1.318,03;1.138,14;1.091,14;1.239,35;1.110,34;1.025,30;990,92;1.223,32;891,09;1.001,72;1.178,83;960,00;914,67;844,25;829,20;812,86;766,16
20030;Eibar;1.333,16;1.313,48;1.201,17;1.185,63;1.159,61;1.082,44;1.092,81;1.076,32;1.037,53;1.081,65;1.039,81;1.002,91;1.117,65;994,82;1.065,14;1.157,01;1.072,26;950,46;981,62;922,96;847,03
48031;Elantxobe;1.424,06;1.301,21;1.254,16;1.374,88;1.309,68;1.217,22;1.176,08;1.106,74;1.086,94;1.095,98;1.272,60;1.255,90;1.551,44;964,82;1.307,88;1.365,69;1.072,84;874,03;1.047,29;830,88;896,80
01021;Elburgo/Burgelu;1.227,83;970,75;914,39;992,37;989,84;958,22;944,95;928,65;1.026,54;926,84;875,66;900,68;994,06;945,11;1.183,36;1.378,54;1.000,86;959,45;976,73;850,78;800,84
01022;Elciego;1.446,67;1.592,25;1.412,61;1.571,61;1.521,15;1.409,78;1.461,34;1.406,79;1.287,62;1.380,16;1.312,04;1.586,99;1.303,65;1.378,82;1.451,33;1.495,45;1.454,74;1.253,75;1.232,65;1.540,77;1.111,38
20031;Elduain;2.251,74;1.799,10;1.456,39;1.486,68;1.386,28;1.299,41;1.609,65;1.281,49;1.189,10;1.311,58;1.333,81;966,21;1.110,77;1.381,42;1.487,99;1.197,44;1.149,13;1.193,46;1.156,89;1.095,92;1.000,30
20033;Elgeta;1.674,07;1.705,68;1.346,50;1.417,85;1.415,57;1.374,85;1.339,71;1.400,32;1.480,27;1.356,25;1.455,78;1.511,23;1.577,00;1.386,17;1.372,31;1.360,29;1.399,66;1.528,83;3.898,89;1.241,29;957,32
20032;Elgoibar;1.497,39;1.453,81;1.339,29;1.373,32;1.388,43;1.281,58;1.184,32;1.187,70;1.144,44;1.122,28;1.098,51;1.092,01;1.069,52;1.000,17;1.090,26;1.090,23;1.062,44;997,07;1.003,04;1.104,53;851,88
48032;Elorrio;1.211,84;1.247,14;1.074,99;1.205,25;1.092,61;1.020,88;1.004,76;1.069,11;1.054,59;980,22;1.131,50;949,17;1.021,48;974,83;1.247,33;1.209,32;1.170,66;886,80;850,42;862,37;810,35
01023;Elvillar/Bilar;1.623,23;1.352,08;1.289,73;1.336,43;1.267,80;1.321,95;1.180,47;1.251,05;1.243,36;1.231,04;1.065,64;1.060,82;1.059,33;961,78;1.219,57;985,33;1.171,72;1.087,36;949,56;856,24;805,08
48902;Erandio;1.531,34;1.385,22;1.300,57;1.504,15;1.380,31;1.348,04;1.311,12;1.288,89;1.273,43;1.208,88;1.267,12;1.272,17;1.231,36;1.301,11;1.267,94;1.357,78;1.198,27;1.041,07;996,55;975,78;884,38
48033;Ereño;3.338,85;1.837,66;1.763,23;1.955,43;1.939,87;2.100,16;1.748,10;1.816,64;1.854,53;1.816,18;2.014,63;1.835,53;1.981,19;2.218,63;1.936,13;1.677,49;2.061,98;3.938,79;1.576,56;1.281,63;1.230,12
48034;Ermua;1.476,33;1.249,15;1.191,65;1.263,47;1.195,74;1.125,22;1.120,34;1.177,24;1.244,25;1.186,12;1.155,48;1.241,05;1.325,94;1.296,30;1.420,72;1.282,26;1.177,77;1.042,96;935,05;841,35;945,88
20067;Errenteria;1.408,77;1.351,00;1.193,17;1.277,41;1.235,38;1.179,76;1.137,07;1.121,67;1.111,81;1.055,81;1.037,77;999,00;1.118,73;1.029,47;1.093,89;1.121,02;1.031,60;977,39;942,24;892,48;782,63
20066;Errezil;1.636,31;1.414,86;1.148,86;1.219,85;1.245,81;1.112,12;1.134,21;1.096,05;1.126,54;1.183,40;1.154,30;1.043,07;1.108,61;1.054,56;1.054,94;1.156,45;1.084,87;965,45;871,16;827,42;724,70
01046;Erriberagoitia/Ribera Alta;1.126,31;936,12;974,74;1.086,61;1.050,00;969,86;967,40;949,10;988,13;741,24;930,12;763,38;786,61;735,45;904,65;805,01;1.415,59;866,30;779,30;629,46;592,94
48079;Errigoiti;1.519,80;1.454,95;1.398,51;1.532,33;1.681,25;1.311,66;1.820,90;1.969,49;2.052,60;1.323,55;1.277,71;1.417,83;3.003,00;1.282,43;1.429,51;1.326,83;1.237,34;923,88;906,25;831,13;871,81
20034;Eskoriatza;1.446,98;1.370,36;1.368,14;1.488,68;1.454,79;1.419,11;1.396,19;1.400,10;1.358,32;1.325,39;1.292,63;1.204,82;1.374,59;1.191,96;1.203,60;1.300,83;1.286,80;1.124,94;1.008,66;1.058,08;1.025,78
48029;Etxebarri;1.243,46;1.142,20;1.036,52;1.151,23;1.067,75;1.041,68;973,27;976,10;987,83;987,21;1.006,43;1.011,49;1.030,29;1.085,75;1.148,69;1.357,13;1.269,60;902,45;851,15;806,19;718,24
48030;Etxebarria;2.029,98;1.668,86;1.552,82;1.678,26;1.604,74;1.483,84;1.585,98;1.685,32;1.558,39;1.521,32;1.489,16;1.652,26;1.179,15;1.525,64;1.683,80;1.623,87;1.228,32;1.081,28;1.148,98;1.039,41;908,79
20035;Ezkio-Itsaso;2.031,14;1.817,69;1.807,75;1.954,45;1.898,25;1.938,33;1.714,35;1.505,93;2.011,72;1.672,82;1.699,13;1.586,06;1.543,33;1.444,52;1.928,97;1.963,60;1.542,87;1.469,14;1.310,32;1.228,68;1.073,42
48906;Forua;1.322,89;1.207,49;1.192,73;1.242,75;1.274,54;1.099,68;1.228,80;1.159,43;1.211,08;1.002,96;1.065,42;1.116,67;1.334,39;1.608,08;1.329,26;1.146,54;990,91;1.031,58;831,95;867,77;776,73
48035;Fruiz;1.569,93;1.203,44;1.215,35;1.322,19;1.230,59;1.129,40;1.180,75;1.134,13;1.111,09;951,41;1.198,54;1.031,43;1.006,69;1.334,93;1.660,66;1.462,34;1.495,66;1.272,68;1.052,72;989,23;922,31
20038;Gabiria;1.244,89;1.346,98;1.076,67;1.231,16;1.148,26;1.129,79;1.067,20;1.123,20;1.084,43;1.057,46;993,69;896,68;1.193,38;987,62;1.081,55;1.373,83;1.237,09;1.014,75;1.197,13;988,09;847,14
20037;Gaintza;2.146,59;2.262,85;1.924,54;1.998,43;1.874,24;1.849,81;1.696,41;1.717,54;1.846,25;2.004,74;1.562,29;1.454,65;1.597,63;1.325,33;1.616,13;1.618,44;1.531,89;1.619,22;1.779,90;2.079,66;1.712,87
48036;Galdakao;1.390,10;1.185,26;1.182,89;1.241,40;1.175,58;1.126,53;1.120,20;1.101,01;1.157,82;1.091,99;1.050,37;1.184,92;1.005,70;1.376,51;1.315,16;1.239,28;1.171,78;922,20;944,69;780,68;734,79
48037;Galdames;1.862,72;1.526,12;1.416,13;1.492,48;1.569,29;1.646,61;1.639,93;1.710,21;1.989,04;1.538,79;1.394,21;1.327,71;1.066,60;1.369,18;1.615,79;1.346,08;1.474,67;1.312,00;1.044,66;1.273,70;877,03
48038;Gamiz-Fika;1.222,68;1.013,04;984,06;1.068,93;990,46;874,85;863,18;847,43;833,88;798,08;822,56;836,19;780,92;853,62;967,93;896,38;920,57;632,73;587,33;615,29;601,50
48039;Garai;1.811,76;2.218,61;3.054,55;1.635,31;1.586,50;1.487,41;1.443,64;1.831,17;1.482,08;1.548,90;1.510,88;1.274,01;1.514,38;1.481,51;1.712,27;1.936,77;1.518,28;1.251,05;1.129,15;1.435,54;1.076,11
48040;Gatika;1.377,31;1.160,20;1.137,33;1.241,77;1.184,43;1.050,76;1.048,28;1.034,73;1.065,21;990,53;1.109,36;1.033,59;947,99;980,47;1.130,72;1.197,00;1.053,21;965,52;1.003,24;956,65;853,54
48041;Gautegiz Arteaga;1.189,05;1.054,61;1.060,94;1.220,23;1.127,91;1.026,00;973,77;1.068,02;1.072,29;1.048,68;1.168,61;1.121,21;808,54;1.038,34;1.099,02;1.061,60;851,93;885,42;774,46;670,38;704,72
20907;Gaztelu;1.542,21;1.550,49;1.500,48;1.535,28;1.478,15;1.235,25;1.303,54;1.268,34;1.251,09;1.187,56;1.284,46;1.270,32;1.245,31;1.047,99;1.303,84;1.247,48;1.114,31;1.051,75;1.245,66;1.045,94;1.263,23
48046;Gernika-Lumo;1.232,14;1.083,17;1.059,52;1.158,20;1.121,90;1.034,36;1.003,38;1.034,65;1.015,87;917,36;928,67;1.023,16;1.030,13;1.090,14;1.108,40;1.220,67;974,67;985,78;991,83;867,63;772,17
20039;Getaria;1.595,72;1.449,58;1.219,43;1.313,22;1.243,72;1.222,48;1.193,03;1.215,35;1.215,37;1.185,65;1.039,05;1.273,01;1.218,50;1.139,94;1.114,70;1.141,66;1.102,86;993,00;915,68;933,69;889,81
48044;Getxo;1.396,54;1.311,69;1.194,00;1.226,41;1.215,00;1.097,86;1.044,89;1.117,83;1.125,61;1.053,86;1.113,41;1.139,78;1.107,18;1.094,52;1.296,54;1.213,10;1.067,99;864,15;834,75;768,91;756,74
48047;Gizaburuaga;2.411,69;2.595,84;1.995,24;1.999,22;2.083,51;2.708,70;1.779,80;1.774,60;1.970,28;1.919,07;1.901,47;2.229,32;1.553,28;1.774,75;2.247,03;2.282,73;2.036,78;1.877,50;2.785,88;2.162,76;2.592,10
48042;Gordexola;1.384,58;1.080,64;1.088,47;1.192,82;1.064,80;1.190,54;1.137,68;1.254,09;1.187,58;1.232,45;1.067,64;1.338,67;901,33;1.238,96;1.301,15;1.415,60;1.343,12;1.413,82;1.298,58;1.107,63;1.202,46
48043;Gorliz;1.408,45;1.208,83;1.198,93;1.297,35;1.303,10;1.131,06;1.120,97;1.160,05;1.132,68;1.085,38;1.115,78;1.207,47;1.147,48;1.137,11;1.375,12;1.316,85;968,62;921,03;808,56;833,23;852,22
48045;Güeñes;1.182,69;992,66;956,41;1.074,12;1.080,65;943,82;1.062,02;1.106,63;1.018,62;945,66;996,18;1.189,99;1.041,06;1.045,98;1.282,96;1.210,07;941,78;797,32;694,28;654,01;646,16
01056;Harana/Valle de Arana;1.325,74;986,64;1.156,92;1.137,67;866,31;930,66;986,13;979,02;930,85;877,49;1.046,10;1.161,52;945,72;935,64;918,20;1.015,14;987,54;816,15;658,22;580,61;424,43
20040;Hernani;1.736,51;1.557,64;1.517,33;1.466,58;1.458,01;1.375,05;1.290,51;1.321,67;1.230,79;1.186,88;1.243,72;1.171,98;1.158,45;1.048,91;1.172,11;1.124,41;1.061,11;982,61;924,49;908,02;771,41
20041;Hernialde;1.389,17;1.401,07;1.252,07;1.361,59;1.269,02;1.216,44;1.209,89;1.174,52;1.141,78;1.047,46;1.031,37;968,46;1.050,38;937,44;816,47;826,28;838,88;846,62;856,12;904,94;824,18
20036;Hondarribia;1.503,41;1.460,73;1.310,09;1.402,14;1.409,01;1.315,65;1.279,41;1.270,72;1.207,16;1.168,31;1.159,83;1.144,70;1.254,56;1.140,13;1.268,72;1.278,83;1.115,88;1.054,93;1.060,10;1.030,77;895,74
20042;Ibarra;1.371,57;1.340,12;1.136,59;1.205,67;1.208,51;1.140,52;1.149,10;1.073,07;1.053,97;1.009,10;1.026,30;952,73;975,74;952,76;1.123,19;1.113,53;973,15;1.046,23;762,17;744,44;689,48
48048;Ibarrangelu;2.216,60;2.092,85;1.795,07;2.583,75;2.266,68;2.235,93;2.075,38;1.997,01;2.087,28;2.149,69;2.288,89;2.395,06;2.459,65;2.269,24;2.600,07;2.384,93;2.256,47;1.942,92;1.679,60;1.539,91;1.614,25
20043;Idiazabal;1.730,50;1.746,82;1.435,90;1.621,00;1.432,97;1.388,41;1.259,26;1.258,74;1.262,16;1.275,57;1.379,69;1.245,60;1.325,85;1.228,58;1.262,18;1.309,22;1.323,98;1.174,00;1.145,91;1.233,54;1.096,29
48094;Igorre;1.305,96;1.047,98;1.043,41;1.169,17;1.180,78;1.102,00;1.077,01;1.068,44;1.068,48;1.192,70;1.061,95;1.073,94;890,15;1.064,30;1.211,85;1.181,47;1.018,97;895,31;770,56;681,39;677,17
20044;Ikaztegieta;1.423,06;1.425,51;1.219,85;1.263,07;1.218,51;1.239,41;1.208,23;1.190,97;1.200,41;1.217,32;1.188,07;1.082,10;1.457,39;1.306,52;1.185,29;1.186,09;1.095,97;1.079,97;1.582,56;1.131,50;949,47
20045;Irun;1.388,42;1.307,58;1.194,31;1.283,34;1.246,21;1.182,28;1.178,35;1.154,45;1.111,57;1.041,69;1.030,80;991,89;1.089,88;971,97;1.056,42;1.052,86;1.010,34;908,96;852,86;794,75;765,01
20046;Irura;1.638,17;1.388,99;1.229,15;1.256,75;1.295,50;1.156,50;1.158,96;1.220,27;1.151,43;1.150,15;1.049,40;1.057,22;1.132,91;1.215,34;1.116,60;1.163,18;1.049,18;1.298,10;1.075,29;1.054,60;827,58
01027;Iruraiz-Gauna;822,29;752,01;655,61;716,64;739,82;778,34;696,45;689,62;666,15;698,53;625,47;665,03;594,00;649,85;709,50;739,44;682,62;631,41;582,72;506,64;479,88
01901;Iruña Oka/Iruña de Oca;1.222,44;1.005,45;1.160,18;958,87;1.027,62;955,50;948,95;1.035,40;949,21;903,15;928,65;1.070,29;1.369,93;1.096,94;1.140,00;1.154,29;1.140,56;1.091,33;1.026,27;870,30;928,45
48049;Ispaster;1.517,53;1.322,44;1.215,55;1.293,59;1.232,04;1.132,94;1.260,94;1.224,82;1.168,14;1.221,58;1.148,74;1.139,39;955,47;1.237,33;1.571,11;1.408,83;1.468,88;968,99;1.236,00;1.103,67;811,64
20047;Itsasondo;1.690,47;1.512,92;1.174,12;1.156,35;1.212,56;1.162,73;1.121,74;1.119,91;1.109,97;1.075,35;1.001,44;944,06;1.084,95;985,55;1.155,44;1.210,90;1.123,98;1.202,38;1.023,93;895,82;821,41
48910;Iurreta;1.715,55;1.405,10;1.523,33;1.548,17;1.378,06;1.378,37;1.438,41;1.355,79;1.352,16;1.246,21;1.306,99;1.935,58;1.446,72;1.640,18;1.593,04;1.719,33;1.373,71;1.127,81;894,42;1.031,41;847,67
48050;Izurtza;2.490,27;2.330,31;1.604,82;2.073,22;2.142,82;1.962,13;2.705,71;2.573,67;2.073,55;2.014,07;2.184,61;2.398,31;3.474,58;1.854,28;2.765,05;2.128,48;2.697,50;1.802,64;2.189,91;2.042,52;1.491,23
48022;Karrantza Harana/Valle de Carranza;1.846,26;1.597,69;1.346,51;1.556,15;1.458,86;1.494,49;1.360,44;1.373,00;1.574,01;1.467,20;1.405,00;1.465,59;1.321,49;1.793,80;1.727,65;1.635,05;1.434,22;1.594,00;996,65;902,80;924,16
48907;Kortezubi;1.518,42;1.276,46;1.245,75;1.380,44;1.320,06;1.210,68;1.230,44;1.222,90;1.132,64;1.147,50;1.259,44;1.403,59;1.116,02;1.388,38;1.499,50;1.380,14;1.425,57;1.114,15;1.220,27;1.167,26;1.093,83
01019;Kripan;1.498,34;1.322,34;1.330,57;1.266,08;1.236,15;1.357,59;1.223,74;1.239,21;1.218,55;1.221,81;1.428,33;1.528,42;1.205,82;1.230,85;1.367,75;1.199,42;1.185,60;1.021,91;983,73;893,44;884,82
01020;Kuartango;1.616,35;2.348,63;1.735,44;1.942,01;2.294,04;2.028,14;1.805,53;1.924,43;1.946,16;2.119,73;2.005,17;1.375,74;2.858,48;2.795,15;1.246,67;1.872,46;745,06;1.026,37;893,70;777,18;666,20
01028;Labastida/Bastida;1.584,99;1.628,62;1.401,10;1.741,46;1.593,76;1.576,31;1.497,03;1.549,86;1.414,76;1.482,51;1.381,24;1.403,88;1.782,24;1.583,44;1.628,28;1.524,11;1.551,09;1.183,80;1.188,59;1.560,45;1.228,91
01030;Lagrán;1.847,47;1.709,70;2.497,04;1.994,92;1.830,63;2.040,92;1.947,44;1.955,50;1.806,04;1.767,63;1.530,28;1.531,72;1.358,43;1.629,78;1.592,17;1.504,24;1.337,15;1.336,11;1.145,66;1.184,78;1.032,40
01031;Laguardia;2.203,12;2.087,85;1.713,40;1.853,76;1.841,99;1.860,51;1.789,15;1.680,25;1.540,77;1.552,55;1.595,36;1.644,44;1.701,05;1.692,82;1.752,51;1.716,01;1.595,08;1.469,81;1.628,05;1.161,08;1.466,64
01032;Lanciego/Lantziego;1.170,67;980,65;985,14;1.123,91;1.039,00;1.029,74;1.002,54;1.017,31;885,81;1.018,43;973,04;1.119,64;988,44;953,71;1.142,86;1.023,47;1.006,72;1.040,79;992,17;918,65;1.129,14
48051;Lanestosa;2.276,61;2.560,66;1.373,25;2.068,39;1.769,84;1.738,22;1.445,90;1.572,48;1.355,66;1.275,51;1.457,96;1.666,66;1.414,50;1.345,58;1.304,38;1.240,80;1.131,73;994,03;1.045,51;957,27;929,42
01902;Lantarón;1.851,62;1.465,21;1.584,26;1.674,56;1.629,84;1.461,42;1.565,26;1.515,35;1.414,91;1.643,34;1.500,27;2.153,79;1.492,81;1.445,81;1.549,20;1.499,60;1.544,92;1.274,13;1.122,88;1.367,17;1.157,29
01033;Lapuebla de Labarca;1.341,77;1.127,65;1.137,42;1.186,65;1.173,41;1.122,22;1.121,35;1.091,62;1.013,60;1.077,92;1.044,32;1.161,16;978,65;1.058,52;1.118,90;966,59;965,36;920,27;954,44;924,93;741,27
48052;Larrabetzu;1.431,01;1.227,25;1.279,84;1.422,71;1.227,59;1.108,15;1.106,14;1.086,19;1.023,69;1.026,24;961,17;1.039,67;999,66;993,27;1.100,56;1.062,25;1.184,69;923,33;1.008,77;1.144,74;806,49
20048;Larraul;1.497,80;1.485,59;1.260,88;1.403,89;1.371,13;1.314,36;1.319,31;1.309,26;1.268,16;1.136,87;1.214,51;1.115,83;1.205,16;1.064,50;1.169,71;1.246,56;1.245,01;1.614,53;1.825,24;1.082,10;977,28
20902;Lasarte-Oria;1.295,33;1.311,69;1.145,62;1.264,23;1.201,03;1.311,60;1.216,56;1.207,80;1.048,03;1.124,41;1.119,05;1.061,48;1.227,46;1.094,58;1.160,33;1.183,47;1.025,41;1.027,59;1.005,72;959,69;896,25
01036;Laudio/Llodio;1.411,06;1.246,03;1.166,51;1.320,45;1.214,90;1.119,67;1.338,81;1.386,21;1.269,97;1.346,68;1.189,11;1.291,99;1.235,26;1.340,32;1.475,75;1.538,36;1.320,29;1.200,13;1.130,25;1.102,20;1.009,84
48053;Laukiz;1.334,00;1.192,80;1.112,41;1.257,95;1.296,45;1.090,18;1.072,54;1.097,60;1.069,33;997,68;984,15;1.133,68;1.111,17;947,40;910,87;954,33;997,05;1.008,33;1.020,40;1.018,88;946,18
20049;Lazkao;1.477,16;1.457,52;1.228,11;1.379,94;1.363,12;1.284,87;1.263,08;1.226,09;1.240,62;1.136,92;1.162,44;1.048,90;1.121,32;1.092,42;1.200,43;1.104,07;1.127,70;985,13;925,09;854,44;825,91
20050;Leaburu;1.625,35;1.601,92;1.241,37;1.330,49;1.389,36;1.358,48;1.301,58;1.274,80;1.263,34;1.233,67;1.345,86;968,96;1.045,02;898,54;1.230,81;1.078,95;1.410,54;895,43;1.021,21;1.406,69;825,47
20051;Legazpi;1.484,97;1.371,83;1.238,94;1.315,42;1.339,08;1.275,37;1.214,61;1.195,34;1.121,66;1.069,20;1.034,27;1.045,08;884,65;1.209,44;1.099,88;1.037,05;956,31;878,53;841,27;765,43;846,74
20052;Legorreta;1.393,04;1.330,39;1.137,65;1.212,49;1.200,90;1.152,96;1.120,95;1.144,57;1.120,87;1.213,83;983,52;916,69;988,42;1.014,83;998,17;1.010,15;1.158,43;959,78;820,05;841,12;851,99
01058;Legutio;1.654,74;1.717,55;1.562,51;1.999,63;1.771,28;1.745,76;1.704,86;2.033,28;1.617,45;1.552,14;1.476,60;1.691,13;1.555,81;1.556,04;1.910,31;1.946,56;1.798,45;1.506,66;1.576,46;1.244,55;1.319,93
20068;Leintz-Gatzaga;2.409,96;2.338,75;1.927,28;2.029,62;2.150,45;1.841,89;1.953,86;2.199,18;1.980,08;1.552,97;1.476,20;1.538,28;1.740,21;1.766,98;1.854,03;1.905,33;1.928,20;1.406,19;1.930,87;1.480,84;1.330,11
48054;Leioa;1.273,48;1.108,30;1.079,83;1.188,19;1.182,54;999,74;1.079,33;1.110,36;1.125,18;1.019,12;1.155,59;1.206,18;1.103,76;1.212,04;1.271,08;1.297,08;1.076,73;878,48;879,17;764,44;749,56
48057;Lekeitio;1.303,17;1.129,81;1.134,65;1.222,08;1.141,95;1.057,21;1.051,87;1.014,42;985,21;914,18;932,50;980,72;978,50;927,57;1.227,96;1.138,88;1.072,00;907,61;909,47;789,38;765,66
48055;Lemoa;1.375,53;1.275,03;1.178,44;1.246,83;1.201,91;1.041,30;1.171,22;1.041,93;1.153,04;941,64;1.066,77;921,70;1.118,62;1.082,07;1.188,52;1.287,12;1.114,18;866,97;998,70;865,28;999,92
48056;Lemoiz;1.312,04;1.247,73;1.255,53;1.296,60;1.280,40;1.200,55;1.189,24;1.168,97;1.157,86;1.355,24;1.376,00;1.278,95;1.403,87;1.238,09;1.342,67;1.281,39;1.061,35;1.216,28;1.377,99;948,73;777,78
01034;Leza;1.683,53;1.583,10;1.322,09;1.473,40;1.674,97;1.333,79;1.432,63;1.404,17;1.416,67;1.477,96;1.285,36;1.458,40;1.896,00;1.346,12;1.565,27;1.311,46;1.323,58;1.422,62;1.214,94;1.123,10;1.009,46
48081;Lezama;1.332,22;1.081,59;1.261,50;1.332,37;1.166,95;1.097,63;1.216,79;1.072,21;998,28;1.031,41;1.021,33;1.051,90;832,77;1.087,82;1.128,77;990,25;842,80;761,45;855,49;692,38;731,30
20053;Lezo;1.671,65;1.534,98;1.388,32;1.474,53;1.430,45;1.332,26;1.371,25;1.374,09;1.295,80;1.255,39;1.202,04;1.145,10;1.300,64;1.365,75;1.268,84;1.348,00;1.153,16;1.034,81;1.012,19;1.075,93;892,87
20054;Lizartza;1.433,69;1.289,48;1.084,09;1.256,88;1.072,74;1.069,51;1.036,75;1.012,46;1.030,71;946,97;1.095,95;867,44;878,12;910,80;936,45;1.173,62;1.112,00;963,73;1.296,27;918,06;735,80
48903;Loiu;2.764,11;2.109,92;1.972,23;1.901,79;1.704,13;1.487,33;1.892,21;1.621,86;1.679,83;1.502,52;1.427,59;1.448,33;1.479,38;1.433,95;1.742,88;1.701,00;1.541,65;1.463,29;1.529,79;1.270,35;2.761,26
48058;Mallabia;1.974,96;1.931,74;1.844,20;2.016,84;2.107,55;1.951,40;1.985,95;1.909,86;1.866,85;1.780,72;1.878,91;1.809,18;2.044,03;1.785,40;1.829,99;2.223,27;1.627,55;1.371,69;1.412,89;1.375,03;1.464,50
48060;Markina-Xemein;1.263,40;1.127,69;1.119,81;1.192,60;1.178,15;1.099,30;1.029,18;997,62;971,96;925,21;1.078,10;1.157,61;894,87;1.188,46;1.141,75;1.287,52;1.056,38;948,23;762,33;663,32;631,89
48061;Maruri-Jatabe;1.653,44;1.479,79;1.376,03;1.529,80;1.597,75;1.485,06;1.352,39;1.298,85;1.249,31;1.200,33;1.177,95;1.251,58;1.120,74;1.826,27;1.852,96;1.355,13;1.277,59;1.063,95;1.072,11;1.090,91;973,16
48059;Mañaria;2.001,03;1.680,50;1.472,56;1.850,62;1.814,56;1.549,12;1.518,97;2.170,51;1.501,78;1.437,73;1.517,42;1.596,09;1.378,32;1.884,15;1.682,86;1.432,79;1.605,85;1.443,06;1.434,66;1.538,54;1.220,21
20901;Mendaro;1.453,50;1.397,89;1.206,90;1.227,51;1.247,81;1.157,46;1.146,01;1.153,34;1.132,12;1.187,18;1.089,80;1.065,97;1.119,36;1.041,46;1.115,84;1.129,49;1.046,40;1.000,68;1.049,55;836,23;1.014,68
48062;Mendata;2.170,16;1.683,32;1.599,37;1.707,76;1.577,17;1.470,46;1.454,48;1.526,79;1.623,14;1.799,37;1.781,62;1.631,29;1.608,52;1.510,56;1.848,42;1.692,83;1.642,68;1.375,82;1.505,35;1.259,08;1.265,80
48063;Mendexa;1.667,72;1.428,87;1.353,15;1.445,84;1.386,70;1.369,62;1.149,60;1.150,82;1.188,45;1.310,72;1.635,31;1.624,99;1.023,29;1.418,24;1.645,97;1.373,34;1.474,33;1.390,57;1.231,50;1.172,97;1.105,39
48064;Meñaka;1.407,38;1.239,59;1.257,18;1.402,33;1.344,83;1.206,85;1.185,26;1.228,43;1.224,35;1.143,93;1.114,82;1.075,66;1.030,72;1.109,78;1.186,08;1.138,41;1.038,47;812,38;725,11;749,01;695,51
01039;Moreda de Álava / Moreda Araba;1.031,60;963,77;925,52;959,32;965,67;834,40;830,41;907,73;875,72;808,70;766,36;883,45;821,64;826,10;760,17;752,57;798,89;773,00;749,38;634,72;595,77
48066;Morga;1.632,88;1.401,20;1.444,58;1.669,95;1.630,17;1.333,26;1.283,32;1.318,60;1.315,00;1.252,54;1.239,42;1.393,90;1.570,20;1.368,77;1.739,08;1.495,52;1.311,90;1.029,28;1.064,72;1.035,16;952,26
48068;Mundaka;1.421,84;1.220,98;1.207,05;1.309,80;1.360,64;1.422,30;1.325,87;1.274,94;1.243,50;1.175,93;1.404,11;1.241,10;1.124,09;1.478,05;1.424,73;1.431,47;1.061,85;888,61;858,37;1.048,83;712,60
48069;Mungia;1.444,02;1.220,81;1.121,65;1.328,72;1.234,80;1.199,03;1.106,05;1.099,29;1.108,11;1.033,11;1.045,48;1.058,08;1.005,45;997,65;1.171,87;1.186,93;970,91;791,63;1.182,43;700,52;754,36
48007;Munitibar-Arbatzegi Gerrikaitz-;2.050,23;1.649,38;1.606,15;1.737,84;1.659,39;1.460,43;1.509,34;1.521,08;1.435,33;1.372,76;1.431,96;1.809,35;1.561,74;1.576,03;2.401,05;2.528,92;1.918,16;1.396,50;1.895,77;1.461,27;1.153,58
48908;Murueta;1.743,74;1.437,84;1.405,51;1.594,11;1.524,89;1.425,83;1.589,64;1.422,45;1.453,07;1.504,40;1.543,64;1.444,50;1.225,29;1.416,88;1.736,29;1.538,28;1.426,54;1.059,56;1.267,76;1.104,40;1.233,78
48071;Muskiz;2.321,46;1.782,58;1.761,75;1.901,22;1.947,64;1.889,57;1.580,73;1.491,89;1.653,68;2.413,07;1.680,69;1.554,77;3.097,51;3.770,13;1.549,58;1.606,23;1.283,47;1.306,54;1.014,18;961,57;1.105,24
20057;Mutiloa;1.554,98;1.738,03;2.320,97;3.858,01;4.037,80;3.292,41;2.116,22;2.187,08;1.912,24;1.727,74;2.030,08;1.984,97;3.046,06;2.332,40;2.235,30;2.212,71;1.953,42;2.188,31;2.921,52;1.193,94;1.366,59
20056;Mutriku;1.438,55;1.505,36;1.255,01;1.358,56;1.278,17;1.190,90;1.148,09;1.117,75;1.047,15;1.024,92;1.011,12;948,35;1.056,75;972,58;1.080,20;1.041,58;921,64;925,32;818,09;831,91;1.005,42
48067;Muxika;1.355,59;1.123,55;1.082,70;1.119,95;1.168,23;1.033,72;1.275,41;1.240,29;1.111,15;945,25;1.084,99;1.109,19;1.064,39;1.066,27;1.182,48;1.185,91;1.018,14;899,93;877,56;740,26;1.000,82
48909;Nabarniz;2.275,83;2.124,48;2.082,45;2.329,72;2.070,32;2.010,20;1.901,17;1.999,62;2.056,03;2.256,46;2.267,79;2.277,04;1.924,96;2.126,43;2.627,32;2.243,64;3.988,36;2.068,31;1.615,78;1.517,40;1.702,34
01041;Navaridas;1.324,36;1.139,78;1.288,74;1.517,62;1.510,27;1.184,99;1.008,89;1.001,10;964,08;1.011,07;924,06;1.111,17;1.088,12;1.264,16;1.157,30;1.213,75;1.003,49;1.054,38;982,29;947,04;871,15
20063;Oiartzun;1.909,05;1.916,53;1.676,67;1.729,13;1.766,59;1.640,22;1.660,83;1.654,11;1.512,55;1.454,05;1.490,90;1.380,44;1.434,63;1.365,94;1.487,49;1.605,74;1.419,03;1.334,84;2.608,76;2.518,44;1.609,26
01042;Okondo;1.308,06;1.066,04;1.082,60;1.013,32;1.058,87;989,28;927,22;954,42;911,77;1.000,31;945,32;1.127,66;1.157,95;1.097,15;1.516,26;1.063,85;1.213,11;1.139,85;1.350,01;905,39;1.095,06
20058;Olaberria;5.285,81;3.424,29;3.347,61;3.300,45;2.766,62;3.284,83;2.959,67;3.253,52;3.285,95;2.765,39;2.721,73;2.335,01;1.803,00;1.814,01;2.117,40;2.067,01;1.958,49;1.770,60;1.571,37;1.623,73;1.714,42
48073;Ondarroa;1.370,47;1.283,15;1.179,77;1.165,13;1.101,12;1.099,15;1.060,43;1.110,54;1.075,82;1.052,07;1.071,84;1.048,80;1.077,17;1.126,27;1.295,90;1.131,44;1.022,64;840,95;822,19;751,31;716,98
20076;Ordizia;1.491,88;1.240,81;1.203,15;1.257,60;1.257,69;1.153,40;1.176,70;1.154,18;1.170,35;1.088,74;1.123,04;1.113,50;1.206,83;1.118,84;1.164,04;1.144,74;1.066,22;1.022,05;1.101,62;971,84;832,73
20905;Orendain;1.428,32;2.211,91;1.357,78;1.454,65;1.575,41;1.412,41;1.480,27;1.495,12;1.596,30;1.500,17;1.607,97;1.604,92;1.643,83;1.716,02;1.890,90;1.541,09;1.510,58;1.543,54;1.391,96;1.292,60;3.690,70
20060;Orexa;2.848,87;2.744,32;2.046,72;2.410,07;2.585,28;1.779,72;2.183,37;1.837,79;2.255,61;1.993,92;1.983,37;1.995,00;1.704,93;1.566,76;2.018,81;1.671,43;1.584,73;4.256,16;2.116,39;1.834,09;1.952,72
20061;Orio;1.516,05;1.431,58;1.227,64;1.312,97;1.278,25;1.282,82;1.217,71;1.185,81;1.145,84;1.070,54;1.085,05;1.106,63;1.048,12;1.290,29;1.122,75;1.145,63;1.243,36;947,83;1.244,06;988,80;910,77
20062;Ormaiztegi;1.373,02;1.440,61;1.147,09;1.495,22;1.479,82;1.074,84;1.052,00;1.031,88;1.028,18;963,27;1.016,37;858,39;899,55;930,64;1.019,21;1.017,63;970,53;925,23;1.002,95;818,21;773,13
48075;Orozko;2.246,53;2.066,25;1.699,74;1.841,32;1.782,21;1.720,90;1.538,46;1.687,73;1.649,25;1.613,93;1.516,57;1.547,76;1.610,07;1.617,90;1.758,57;1.615,62;1.394,42;1.014,99;848,40;865,71;914,95
48083;Ortuella;1.249,06;1.101,88;1.046,80;1.126,42;1.107,70;988,08;992,94;995,07;999,47;945,86;1.012,46;1.166,80;880,45;1.002,84;1.258,25;1.189,22;979,56;817,43;910,03;729,03;811,29
48072;Otxandio;1.557,53;1.269,22;1.175,23;1.377,46;1.264,38;1.266,10;1.203,57;1.269,34;1.128,94;1.149,34;1.152,33;1.076,29;922,77;1.034,96;1.158,41;989,30;1.048,46;813,27;770,04;836,06;714,44
01043;Oyón-Oion;1.134,43;1.081,68;921,49;1.214,28;999,90;985,57;954,77;926,61;855,42;853,28;800,45;912,81;937,07;843,73;1.087,20;1.164,41;1.017,13;1.045,38;960,38;964,28;988,82
20059;Oñati;1.698,25;1.578,77;1.391,21;1.515,41;1.545,36;1.424,86;1.434,38;1.387,79;1.344,89;1.355,65;1.260,30;1.298,56;1.302,36;1.309,24;1.468,36;1.485,87;1.444,02;1.287,08;1.204,10;1.158,17;1.015,55
20064;Pasaia;1.422,91;1.383,27;1.159,21;1.266,93;1.247,81;1.137,91;1.194,41;1.108,00;1.216,87;1.079,27;1.044,11;993,17;1.159,96;989,96;1.107,77;1.112,27;1.021,48;952,54;888,61;848,16;820,88
01044;Peñacerrada-Urizaharra;1.200,38;867,75;895,32;967,84;1.232,39;996,10;997,77;935,77;886,59;874,76;984,97;1.024,79;930,49;833,46;871,04;897,93;950,79;952,54;822,07;726,55;782,11
48077;Plentzia;1.200,79;1.138,58;1.062,03;1.200,98;1.062,24;1.015,97;1.051,97;1.069,60;1.086,14;998,21;1.110,50;1.046,24;987,47;1.053,10;1.252,16;1.065,89;1.119,14;782,25;1.072,47;976,65;798,12
48078;Portugalete;1.220,56;1.060,31;1.077,39;1.129,75;1.046,34;952,76;950,56;959,99;1.008,64;949,99;1.154,93;997,15;957,13;979,28;1.192,80;1.070,39;1.072,27;784,75;761,28;713,98;676,90
01047;Ribera Baja/Erribera Beitia;1.772,57;1.161,74;1.287,46;1.373,84;1.196,03;1.342,75;1.075,89;1.160,51;982,37;1.161,42;1.242,21;1.096,18;971,84;943,67;1.303,59;1.179,52;1.091,71;1.531,91;788,75;988,78;1.047,82
01051;Salvatierra/Agurain;1.502,78;1.283,13;1.210,89;1.323,63;1.316,50;1.159,98;1.171,85;1.160,87;1.142,57;1.166,05;1.067,17;1.126,41;1.148,94;1.128,44;1.390,78;1.249,77;1.157,83;1.094,60;1.409,56;1.003,13;972,69
01052;Samaniego;1.350,62;1.271,38;1.478,44;2.603,88;1.728,54;1.563,13;1.370,23;2.050,55;1.266,73;1.102,13;1.075,04;1.118,48;1.094,22;965,82;1.120,95;1.018,60;1.127,47;938,36;939,54;751,30;735,11
01053;San Millán/Donemiliaga;1.361,22;1.264,39;1.334,70;1.367,22;1.186,22;1.176,59;1.166,75;1.397,81;1.189,75;1.053,80;1.133,73;1.255,98;1.090,48;987,88;1.095,95;1.099,35;993,07;879,29;878,47;608,03;833,04
48082;Santurtzi;1.373,77;1.162,60;1.084,86;1.169,03;1.103,70;1.068,53;1.053,08;1.036,28;1.024,90;996,96;999,00;1.053,41;984,84;1.066,92;1.145,03;1.139,40;979,53;870,49;850,82;756,51;1.022,57
20070;Segura;1.442,64;1.184,69;968,91;1.061,67;1.041,10;1.008,51;981,59;949,56;950,35;898,80;737,35;911,07;914,23;1.267,18;1.047,48;1.053,99;952,77;886,74;861,69;736,33;721,72
48084;Sestao;1.424,80;1.272,34;1.218,04;1.346,26;1.276,85;1.198,17;1.169,35;1.178,93;1.181,44;1.108,85;1.137,89;1.228,16;1.153,99;1.223,10;1.297,71;1.248,20;1.092,36;893,14;898,97;851,05;806,60
48904;Sondika;1.417,32;1.352,97;1.184,48;1.338,72;1.181,19;1.076,95;1.072,50;1.108,21;1.074,83;991,47;1.065,48;1.087,90;1.063,46;1.103,55;1.185,53;1.238,39;1.113,27;900,40;992,05;883,79;925,78
48085;Sopela;1.316,08;1.129,12;1.060,46;1.234,93;1.145,49;1.005,42;1.023,58;1.054,95;1.007,46;970,27;1.027,89;996,81;828,77;1.019,81;1.107,43;970,36;921,78;822,11;771,34;787,26;623,84
48086;Sopuerta;1.320,21;879,19;1.064,73;1.309,67;1.002,58;980,78;1.189,77;946,32;1.065,09;871,30;922,85;968,80;733,53;899,01;1.169,73;1.147,01;1.045,81;731,86;677,91;588,02;649,85
20065;Soraluze-Placencia de las Armas;1.408,98;1.290,98;1.152,95;1.205,13;1.156,74;1.107,56;1.085,29;1.063,37;1.091,09;1.016,37;937,95;888,42;967,90;921,47;993,36;1.021,81;931,50;930,85;759,52;774,19;853,68
48076;Sukarrieta;2.093,83;1.534,98;1.396,22;1.644,49;1.782,85;1.566,42;1.589,39;1.624,84;1.443,30;1.418,42;1.711,57;1.727,38;1.375,71;1.910,40;2.295,31;1.988,66;1.761,24;1.385,88;1.467,92;1.379,19;1.496,94
20071;Tolosa;1.638,21;1.419,05;1.294,18;1.401,74;1.363,95;1.307,70;1.299,42;1.299,19;1.289,38;1.219,59;1.210,34;1.310,30;1.289,93;1.197,19;1.393,96;1.293,28;1.392,17;1.189,23;1.134,36;1.033,25;989,10
48087;Trucios-Turtzioz;2.279,32;2.454,78;1.660,09;1.843,93;1.856,51;1.662,27;1.691,47;1.626,60;1.723,97;1.458,22;1.695,27;1.594,54;1.408,54;2.434,25;1.755,28;1.614,07;2.275,35;1.089,16;1.853,05;1.438,02;1.689,43
48088;Ubide;1.861,57;2.055,85;1.546,77;1.698,29;1.741,79;1.506,55;1.551,86;1.557,44;1.473,31;1.492,14;1.340,89;1.430,89;1.371,27;1.875,40;1.975,13;1.830,71;2.198,05;1.867,43;1.546,93;1.202,13;1.123,64
48065;Ugao-Miraballes;1.246,18;1.098,96;1.057,44;1.124,13;1.133,67;944,93;908,05;961,90;955,35;877,44;901,71;1.253,51;948,04;994,08;1.226,09;1.154,81;937,68;776,47;727,08;664,43;635,69
48089;Urduliz;1.332,80;1.229,65;1.182,58;1.252,98;1.309,43;1.284,14;1.136,89;1.172,50;1.028,87;1.217,59;1.519,65;3.697,47;3.107,85;1.170,88;1.106,03;1.434,96;1.394,42;733,76;693,93;671,39;586,26
48074;Urduña/Orduña;1.420,75;1.188,50;1.128,82;1.143,45;1.117,62;1.079,33;1.025,07;1.087,84;1.114,44;1.003,45;1.029,65;1.175,09;1.032,08;1.153,60;1.267,94;1.220,97;1.119,20;897,38;798,21;833,61;830,59
01054;Urkabustaiz;1.261,23;957,53;940,54;1.002,88;921,85;960,96;911,91;940,35;931,16;934,14;913,11;1.000,90;1.013,69;1.017,69;1.054,66;956,74;1.172,25;807,27;763,78;871,96;714,89
20072;Urnieta;1.760,92;1.679,13;1.445,46;1.548,74;1.550,52;1.423,48;1.436,03;1.378,24;1.389,87;1.301,83;1.294,37;1.217,67;1.515,99;1.208,14;1.277,08;1.366,93;1.231,16;1.124,88;1.033,00;1.014,00;853,56
20077;Urretxu;1.539,52;1.435,01;1.306,17;1.422,27;1.333,11;1.273,11;1.330,39;1.257,54;1.253,20;1.158,40;1.099,50;1.077,44;1.056,59;1.024,52;1.080,20;1.113,27;1.107,75;1.081,09;878,92;843,86;808,56
20073;Usurbil;2.023,74;1.875,70;1.703,91;1.819,34;1.702,01;1.611,69;1.672,75;1.631,50;1.602,31;1.428,77;1.469,08;1.547,11;1.670,02;1.469,61;1.559,25;1.596,78;1.386,06;1.277,49;1.253,83;1.134,92;1.075,06
01055;Valdegovía/Gaubea;1.813,69;1.520,47;1.864,21;1.681,59;1.698,24;1.681,23;1.629,45;1.586,49;1.615,38;1.771,16;1.544,29;1.652,46;1.504,75;1.748,06;1.882,61;1.710,91;1.873,38;1.575,43;1.561,77;1.331,10;1.277,73
48080;Valle de Trápaga-Trapagaran;1.321,78;1.204,27;1.366,70;1.278,88;1.220,82;1.097,06;1.176,78;1.131,83;1.104,47;941,05;1.098,60;1.104,80;1.102,02;1.015,67;1.235,10;1.050,36;1.066,80;991,24;950,32;790,35;830,78
20075;Villabona;1.309,08;1.359,49;1.113,20;1.182,22;1.132,38;1.043,39;1.032,00;1.069,62;1.045,62;1.011,06;964,63;897,05;1.038,68;893,09;1.010,84;1.015,18;929,70;872,11;812,26;772,86;787,78
01057;Villabuena de Álava/Eskuernaga;1.294,38;1.227,27;1.504,11;1.281,02;1.157,85;1.110,11;1.083,18;1.102,53;1.014,10;1.057,71;986,02;1.036,25;1.061,16;1.055,25;1.458,45;1.234,25;1.168,19;1.126,22;920,63;943,75;896,83
01059;Vitoria-Gasteiz;1.658,86;1.472,42;1.347,07;1.447,49;1.417,32;1.395,15;1.386,23;1.410,71;1.292,27;1.328,38;1.344,85;1.446,73;1.351,18;1.365,94;1.483,55;1.360,20;1.298,40;1.196,68;1.041,32;969,08;932,32
01060;Yécora/Iekora;1.333,64;1.127,02;1.019,37;1.169,66;1.136,03;1.192,24;1.065,06;1.057,22;1.047,19;1.072,33;1.085,21;1.100,30;1.128,65;985,07;1.053,30;1.063,69;950,07;943,91;893,43;939,96;806,75
48095;Zaldibar;1.156,79;1.264,26;1.060,92;1.036,61;1.033,14;928,29;1.011,73;948,20;953,80;901,78;892,16;826,86;857,78;956,82;1.112,44;1.203,82;948,89;924,32;907,88;1.342,91;940,77
20078;Zaldibia;1.347,73;1.346,73;1.213,08;1.261,03;1.141,41;1.187,03;1.089,77;1.000,66;1.009,13;974,85;1.004,91;898,99;891,37;1.013,95;941,20;961,01;983,87;886,35;767,96;793,12;744,80
01061;Zalduondo;1.184,82;1.003,99;1.026,65;1.363,90;1.236,22;1.195,70;1.117,20;893,47;918,94;895,11;961,73;806,08;914,23;873,31;935,03;3.086,24;802,09;713,40;650,22;643,21;706,45
48096;Zalla;1.355,32;1.106,29;1.039,91;1.097,65;1.094,57;954,16;944,36;1.048,19;979,42;859,11;864,29;1.089,63;846,50;995,04;1.163,77;1.131,95;974,33;751,44;806,56;719,01;761,77
01062;Zambrana;1.662,83;1.530,37;1.111,47;1.584,60;1.173,57;1.010,38;1.083,28;1.131,68;942,38;1.063,18;857,32;802,80;869,65;874,30;989,50;1.184,05;1.103,07;884,19;831,78;704,97;743,78
48905;Zamudio;2.837,89;3.018,27;2.546,45;2.975,35;2.807,50;2.753,62;2.670,73;2.627,30;2.404,20;2.370,17;2.255,52;2.298,92;2.368,64;2.307,00;2.703,50;2.217,85;2.249,05;1.932,41;1.740,07;1.385,74;1.424,26
48097;Zaratamo;1.450,74;1.355,72;1.399,47;1.418,97;1.396,81;1.354,31;1.391,57;1.353,71;1.342,30;1.236,95;1.153,27;1.271,02;959,84;1.131,14;1.261,70;1.255,35;1.120,40;952,51;983,45;1.022,75;853,15
20079;Zarautz;1.550,28;1.476,23;1.252,36;1.559,49;1.511,48;1.538,66;1.483,26;1.391,47;1.295,81;1.237,92;1.198,86;1.234,45;1.276,53;1.111,07;1.152,01;1.142,42;1.086,58;1.039,54;918,68;876,56;808,06
48024;Zeanuri;1.621,42;1.388,24;1.278,99;1.464,38;1.311,32;1.163,11;1.419,63;1.657,01;1.304,55;1.411,68;1.226,56;1.236,00;1.116,20;1.222,90;1.421,87;1.296,27;1.455,32;1.138,61;1.374,22;1.092,47;1.005,23
48025;Zeberio;1.585,36;1.319,73;1.223,25;1.395,62;1.325,51;1.141,97;1.146,67;1.178,30;1.202,58;1.095,42;1.114,28;1.252,12;990,26;1.211,74;1.413,48;1.403,22;1.120,00;1.027,25;929,41;797,37;763,12
20025;Zegama;1.573,88;1.394,81;1.245,49;1.450,09;1.399,22;1.312,02;1.264,26;1.218,58;1.167,72;1.131,32;1.103,22;1.040,60;1.068,31;967,42;992,94;1.307,60;1.216,25;1.236,88;1.144,76;2.361,08;1.617,92
20026;Zerain;1.577,35;1.583,05;1.290,72;1.389,29;1.497,27;1.402,24;1.375,31;1.422,60;1.414,45;1.491,58;1.284,09;1.556,73;1.444,70;1.267,21;1.591,89;1.380,15;1.288,75;1.243,60;1.164,11;1.113,86;1.086,07
20027;Zestoa;1.828,25;1.568,76;1.410,64;1.476,01;1.474,04;1.393,85;1.351,52;1.295,36;1.231,09;1.274,15;1.226,40;1.224,42;1.214,10;1.216,21;1.222,54;1.331,13;1.335,96;1.085,98;895,04;978,21;868,85
48913;Zierbena;6.227,03;5.078,26;4.349,35;4.166,83;4.279,48;3.804,06;3.312,86;2.986,53;3.284,47;3.290,20;5.471,05;4.932,52;4.446,69;4.005,98;4.626,87;4.310,54;3.466,29;3.191,22;3.106,93;1.684,23;1.660,55
01018;Zigoitia;1.572,66;1.428,43;1.524,22;1.489,83;1.441,70;1.439,07;1.344,31;1.402,13;1.268,81;1.305,34;1.327,18;1.341,62;1.342,09;1.408,11;1.423,74;1.326,98;1.442,31;1.260,34;1.157,47;1.243,24;997,15
48915;Ziortza-Bolibar;1.847,12;1.624,05;1.558,24;1.674,38;1.468,90;1.341,47;1.360,10;1.406,17;1.446,01;1.391,68;1.437,40;1.493,69;1.535,95;1.557,14;2.239,48;1.846,78;2.057,19;;;;
20028;Zizurkil;1.311,57;1.230,94;1.039,72;1.094,99;1.092,81;1.030,60;1.000,65;1.033,57;951,11;879,51;889,21;840,78;910,48;967,05;1.143,47;1.168,22;940,74;928,48;896,50;800,01;713,23
01063;Zuia;1.617,10;1.494,50;1.323,36;1.473,67;1.431,12;1.261,84;1.395,66;1.284,94;1.218,85;1.235,94;1.182,73;1.192,45;1.194,19;1.178,51;1.243,18;1.192,30;1.157,44;1.048,36;955,48;1.025,83;829,65
20081;Zumaia;1.642,70;1.437,69;1.273,95;1.390,70;1.315,12;1.303,77;1.283,28;1.289,25;1.259,62;1.121,21;1.086,49;1.095,92;1.171,74;1.047,93;1.154,63;1.178,31;1.130,68;1.054,00;1.201,18;980,64;804,53
20080;Zumarraga;1.488,94;1.391,92;1.202,14;1.285,28;1.274,78;1.207,56;1.195,60;1.206,34;1.176,26;1.112,10;1.159,42;1.152,28;1.169,50;1.077,17;1.079,72;1.153,92;1.396,37;1.037,82;963,39;949,87;848,41
