Indicadores municipales de sostenibilidad: Inversión neta del Ayuntamiento por habitante (?);;;;;;;;;;;;;;;;;;;;;;
"";;;;;;;;;;;;;;;;;;;;;;
Resumen de datos;;;;;;;;;;;;;;;;;;;;;;
Entidad;;2022;2021;2020;2019;2018;2017;2016;2015;2014;2013;2012;2011;2010;2009;2008;2007;2006;2005;2004;2003;2002
Araba/Álava;;17,89;59,26;102,26;70,03;30,14;66,58;74,85;101,30;43,32;58,08;61,12;112,97;120,98;225,80;258,22;276,51;17,64;74,88;105,57;195,41;168,96
Bizkaia;;99,00;94,21;94,14;161,00;109,38;117,04;88,72;94,79;128,08;73,54;122,61;163,83;192,13;225,73;214,01;197,62;164,90;136,93;186,48;160,49;159,64
CAE;;98,48;99,17;111,34;152,56;89,03;113,02;96,31;99,34;110,93;75,47;105,82;160,37;159,03;243,25;224,79;210,82;165,69;136,88;172,07;184,91;175,82
Gipuzkoa;;134,86;125,42;142,90;176,88;83,45;127,71;118,20;105,77;113,87;86,47;98,75;176,25;121,93;279,96;227,58;203,37;232,49;163,95;177,25;220,60;205,48
"";;;;;;;;;;;;;;;;;;;;;;
Detalle por comarcas;;;;;;;;;;;;;;;;;;;;;;
Código comarca;Comarca;2022;2021;2020;2019;2018;2017;2016;2015;2014;2013;2012;2011;2010;2009;2008;2007;2006;2005;2004;2003;2002
01100;Arabako Ibarrak / Valles Alaveses;-13,29;239,09;218,03;10,98;144,56;166,31;215,29;104,94;145,41;262,16;331,36;-94,18;215,52;227,34;301,99;71,89;-336,72;237,30;351,85;625,56;34,04
01200;Arabako Lautada / Llanada Alavesa;3,54;45,66;86,28;55,69;14,89;49,10;70,48;98,64;17,19;44,26;52,39;114,51;143,82;234,66;277,49;265,87;10,38;53,87;86,31;154,41;163,89
01300;Arabako Mendialdea / Montaña Alavesa;134,66;47,56;386,30;-118,05;67,88;107,60;107,34;76,50;133,43;-115,57;121,74;133,27;119,46;108,54;76,17;201,52;147,50;49,71;156,97;244,48;198,29
48100;Arratia Nerbioi / Arratia-Nervión;48,60;42,08;63,56;199,50;177,20;106,01;91,16;149,28;80,51;125,15;143,26;99,22;27,09;243,42;353,98;131,70;179,82;169,55;212,66;68,98;238,91
20200;Bidasoa Beherea / Bajo Bidasoa;154,00;23,70;125,10;120,97;197,08;110,08;123,04;170,51;182,84;64,25;132,02;247,75;113,58;235,91;227,25;212,06;274,30;160,21;167,72;278,18;162,89
48200;Bilbo Handia / Gran Bilbao;106,92;96,15;96,52;160,06;112,78;132,04;87,09;91,46;123,33;80,35;129,85;165,24;185,17;221,16;206,93;180,61;181,11;138,30;173,20;151,88;148,65
20100;Deba Beherea / Bajo Deba;186,24;118,46;235,61;301,04;112,89;101,48;60,24;125,93;100,59;56,35;89,40;184,21;143,46;250,06;135,09;255,32;135,58;166,40;198,51;367,65;143,13
20300;Debagoiena / Alto Deba;303,39;279,57;264,66;234,53;177,76;187,90;141,75;173,62;154,77;101,27;168,14;225,42;151,91;313,64;345,63;35,12;383,26;216,26;169,23;155,41;271,09
20400;Donostialdea / Donostia-San Sebastián;63,05;121,38;130,59;152,55;-14,98;104,32;120,00;59,91;92,55;81,27;73,79;143,96;95,84;282,41;203,81;187,07;181,77;141,21;160,78;159,34;178,53
48300;Durangaldea / Duranguesado;93,85;62,53;99,53;152,00;132,29;69,92;106,52;87,97;179,24;46,25;70,50;141,77;259,11;310,12;326,52;243,41;184,99;168,34;261,61;358,99;197,23
48400;Enkartazioak / Encartaciones;83,05;133,99;91,54;183,51;122,84;115,94;130,58;128,02;129,98;70,02;162,49;234,83;225,44;323,68;283,31;191,11;-49,61;66,58;216,15;34,38;188,41
01400;Errioxa Arabarra / Rioja Alavesa;151,12;238,01;95,87;267,88;72,72;62,87;56,33;145,66;373,93;225,25;-125,40;536,85;-397,93;115,49;273,87;344,11;221,22;295,42;277,41;528,35;234,72
48500;Gernika-Bermeo;60,01;82,36;81,87;133,68;23,95;84,64;63,49;84,55;105,74;87,45;92,60;109,55;232,72;113,07;315,17;227,31;-52,51;157,19;213,70;92,46;247,45
20500;Goierri;200,25;160,52;118,76;199,86;117,60;151,22;119,70;135,08;140,15;129,55;122,86;165,49;197,10;359,92;255,10;279,66;225,98;162,37;137,06;149,55;209,73
01500;Gorbeia Inguruak / Estribaciones del Gorbea;-17,28;116,60;97,52;128,21;349,61;80,52;127,30;236,67;226,88;137,52;249,28;115,62;181,07;282,55;117,29;381,10;155,04;-150,45;187,47;345,46;227,69
01600;Kantauri Arabarra / Cantábrica Alavesa;88,09;56,46;182,14;125,29;27,02;174,41;73,40;73,42;54,36;64,33;87,68;-8,22;96,22;194,38;155,81;346,71;15,44;182,67;124,50;275,62;188,86
48600;Markina-Ondarroa;127,28;72,72;89,19;260,67;105,51;30,42;160,09;135,06;84,48;58,31;131,62;212,43;213,16;210,97;105,35;378,19;121,22;217,65;165,83;167,68;200,70
48700;Plentzia-Mungia;41,36;137,70;75,87;138,45;52,75;43,47;44,96;105,39;169,70;-9,03;89,53;189,59;191,77;185,96;-10,12;315,32;187,65;21,38;234,20;112,24;127,90
20600;Tolosaldea / Tolosa;187,12;135,05;112,66;171,55;151,54;161,06;174,50;182,34;131,90;55,86;95,31;231,15;208,10;127,85;95,26;211,95;280,26;221,93;222,50;303,85;302,77
20700;Urola-Kostaldea / Urola Costa;157,89;87,02;87,70;182,25;216,81;172,55;90,85;90,43;75,84;122,41;102,25;171,11;79,46;334,04;364,46;297,85;335,78;187,79;261,96;395,36;299,82
"";;;;;;;;;;;;;;;;;;;;;;
Detalle por municipios;;;;;;;;;;;;;;;;;;;;;;
Código municipio;Municipio;2022;2021;2020;2019;2018;2017;2016;2015;2014;2013;2012;2011;2010;2009;2008;2007;2006;2005;2004;2003;2002
48001;Abadiño;491,46;20,26;94,75;295,12;95,42;24,83;56,77;107,02;208,16;-77,28;68,67;185,60;132,32;288,10;-41,66;168,59;393,55;299,07;257,80;286,01;757,47
20001;Abaltzisketa;-155,03;93,92;1.098,50;-61,34;774,57;85,76;170,09;189,64;-7,67;739,42;-198,67;114,96;634,00;597,04;318,44;107,01;342,19;363,81;259,07;341,89;654,81
48002;Abanto y Ciérvana-Abanto Zierbena;182,53;-728,88;97,35;111,46;90,24;94,58;27,99;10,82;61,61;45,64;14,56;191,58;23,41;240,37;242,25;242,98;350,72;116,16;234,57;103,89;102,34
20002;Aduna;225,68;94,83;413,00;674,64;556,57;-325,71;581,73;626,03;291,14;229,40;160,27;161,34;824,21;-907,36;-970,99;317,86;163,35;1.292,63;1.097,89;926,15;512,77
20016;Aia;237,52;66,97;366,26;124,32;302,13;80,01;700,91;461,31;-6,15;163,78;141,43;188,32;186,04;222,03;697,64;154,06;487,61;375,84;24,70;154,65;589,20
20003;Aizarnazabal;241,90;438,52;339,39;74,79;122,75;227,45;506,70;387,32;296,10;159,03;375,03;258,86;43,50;654,02;1.930,48;516,62;441,29;353,10;420,62;560,29;240,08
48911;Ajangiz;197,24;703,49;73,27;41,94;463,01;43,77;483,49;310,06;291,61;226,45;370,14;997,53;1.059,00;943,05;927,76;-51,26;608,97;-218,53;194,57;-265,04;387,23
20004;Albiztur;908,80;22,35;69,63;426,88;350,54;308,04;179,42;825,84;434,41;205,83;40,34;78,06;480,35;-437,88;761,08;1.225,33;1.255,01;1.342,61;105,92;401,44;341,51
20005;Alegia;13,80;29,53;76,23;62,22;347,03;354,77;50,03;158,55;99,79;85,54;15,47;61,53;163,29;135,71;45,59;547,27;-33,66;152,25;25,66;155,39;79,73
01001;Alegría-Dulantzi;-330,68;30,12;69,26;89,31;283,39;77,44;177,79;188,32;66,44;61,60;33,68;-44,21;350,11;64,28;183,95;158,60;280,73;214,50;772,38;-266,11;233,79
20006;Alkiza;-276,75;788,78;293,09;-28,90;195,28;10,50;143,55;234,94;-34,86;21,09;52,74;37,87;528,07;-83,59;410,70;454,97;-177,87;412,04;4,91;78,54;137,04
48912;Alonsotegi;305,80;190,99;25,58;25,48;54,33;17,90;2,09;18,15;-40,24;-3,29;178,06;9,62;-46,75;337,51;-186,60;1.354,55;134,42;-355,50;-83,43;-713,40;409,58
20906;Altzaga;165,18;410,71;106,67;-2,14;1.407,28;-72,53;305,55;396,21;109,13;2,10;498,45;-320,61;361,25;489,01;321,98;591,44;961,50;529,25;-210,51;-245,44;2.157,86
20007;Altzo;292,55;640,94;210,21;243,41;443,67;732,00;301,27;450,74;273,01;201,61;198,77;199,33;201,79;137,84;149,87;336,87;352,39;359,20;333,62;992,51;823,38
20008;Amezketa;602,29;281,34;329,55;144,47;482,82;429,30;390,99;133,25;198,15;236,02;23,21;248,28;197,43;733,79;183,17;236,57;643,56;287,15;110,43;657,41;-21,05
48003;Amorebieta-Etxano;192,74;64,33;191,09;216,44;211,79;-6,80;173,62;59,83;291,92;13,99;107,68;81,17;690,00;626,70;460,95;142,51;299,03;154,98;414,90;409,98;355,97
48004;Amoroto;-283,14;232,35;98,71;133,19;172,79;148,77;122,01;232,19;226,92;68,31;210,80;210,86;207,37;330,66;535,34;306,04;368,35;267,81;346,35;51,49;238,15
01002;Amurrio;94,55;206,49;253,65;77,45;10,95;181,34;34,74;27,59;38,62;94,80;92,44;-91,09;-100,93;146,19;-143,04;231,58;-50,60;322,84;80,93;134,05;169,26
20009;Andoain;84,96;50,68;18,85;121,56;134,72;100,62;188,64;-22,03;10,00;30,80;68,54;58,45;28,57;214,29;27,48;340,86;145,74;146,28;126,13;340,19;-0,87
20010;Anoeta;110,43;271,71;265,59;80,68;78,02;177,69;28,28;-10,77;172,99;-144,03;-146,52;-83,31;86,89;106,76;15,99;16,29;169,37;-80,31;1.690,58;368,85;251,60
20011;Antzuola;166,37;55,91;104,82;177,77;182,24;40,01;187,04;-10,36;154,13;62,47;34,03;89,43;410,19;733,07;497,30;-270,94;-180,68;138,54;134,74;146,59;40,76
48005;Arakaldo;572,53;-181,55;143,97;162,40;-178,63;13,32;143,20;281,62;-177,91;81,47;773,87;833,96;10,50;303,05;1.239,86;2.402,14;589,83;-248,86;3.316,39;6.061,01;-2.394,75
20012;Arama;231,10;424,16;216,63;163,51;1.045,61;283,90;259,10;375,10;692,29;1.017,70;-22,26;2.468,71;-547,44;179,76;-27,83;26,73;1.256,19;831,57;1.269,12;1.474,21;71,65
01003;Aramaio;150,96;214,14;172,73;46,77;178,06;267,56;-37,94;126,49;253,66;127,58;549,94;526,54;-244,36;233,78;-212,43;64,57;-377,24;93,26;68,88;312,64;189,51
48006;Arantzazu;158,05;218,13;107,37;112,25;93,19;301,57;89,32;129,85;230,60;225,39;206,68;294,52;316,26;627,17;1.257,53;-2.580,79;702,51;249,76;194,16;-482,86;272,48
48093;Areatza;221,15;244,32;207,52;289,61;205,17;206,63;247,06;196,11;192,31;126,07;123,99;-31,42;411,36;-65,26;598,45;295,43;163,25;178,07;269,86;431,47;418,98
20013;Aretxabaleta;354,15;90,63;136,92;128,43;60,83;104,69;141,25;136,22;127,42;70,22;546,65;964,89;468,45;375,64;611,17;191,83;232,85;124,08;290,35;388,97;213,20
01006;Armiñón;7,72;81,92;1,48;13,55;38,87;148,87;36,20;0,00;2,16;8,86;791,06;-90,75;666,07;1.122,36;1.259,23;1.298,83;42,37;501,20;542,97;556,89;552,17
01037;Arraia-Maeztu;-17,42;61,95;190,61;-36,37;91,13;45,71;238,13;13,93;19,31;76,97;-46,38;129,92;435,63;47,74;116,38;-3,25;176,55;244,41;44,38;276,72;172,45
48009;Arrankudiaga;-303,87;559,95;1,06;-47,97;120,49;37,55;12,05;87,80;8,40;42,13;62,34;382,77;435,99;507,19;348,15;574,57;338,44;298,46;-557,18;-288,60;91,60
20055;Arrasate/Mondragón;318,96;388,05;242,12;255,15;200,60;194,92;104,72;215,52;84,54;110,04;158,48;221,92;67,93;354,99;366,09;-98,16;385,39;239,52;181,35;175,26;281,92
48914;Arratzu;640,20;311,92;-836,72;48,84;199,32;349,27;375,36;90,75;649,26;-161,90;192,21;890,12;-1.246,80;439,34;605,37;675,56;469,39;685,21;809,79;-405,08;519,94
01008;Arratzua-Ubarrundia;-531,20;35,85;58,76;178,05;17,05;100,55;37,53;145,82;47,28;118,53;10,07;-82,58;1.320,49;759,03;630,03;139,49;-271,73;170,39;106,68;515,65;669,98
48010;Arrieta;83,16;-638,80;-25,40;364,70;-38,50;22,17;28,67;81,25;50,27;69,89;127,07;111,05;363,37;775,96;377,66;659,89;-624,41;279,71;204,22;-576,78;86,79
48011;Arrigorriaga;-4,09;42,68;105,84;332,92;78,57;40,27;21,11;89,44;63,67;11,81;31,58;189,70;289,18;396,15;532,13;202,57;57,83;190,02;-91,87;304,57;242,81
48023;Artea;115,29;-844,42;159,46;142,11;252,32;276,22;105,64;131,31;211,10;93,08;52,08;395,26;682,13;1.034,54;195,38;-2.120,98;54,44;-320,08;696,90;-95,56;-25,24
48008;Artzentales;76,98;116,36;13,04;108,56;116,16;41,51;134,51;61,85;89,02;21,99;79,26;48,22;-150,51;129,15;-57,17;-178,95;895,46;195,28;265,15;562,46;199,52
01004;Artziniega;109,53;230,06;157,84;91,91;91,81;92,17;204,06;110,13;117,61;33,54;24,06;3,05;72,52;47,02;149,19;82,33;-6,36;55,54;38,59;826,41;40,77
01009;Asparrena;101,57;154,63;244,30;89,69;424,14;163,00;117,08;97,58;131,33;185,24;27,48;27,05;-422,23;124,60;1.897,11;153,15;-689,91;121,37;317,82;-141,35;263,80
20014;Asteasu;82,29;378,93;36,03;468,09;-91,31;54,97;60,65;616,57;109,01;77,65;158,76;683,91;1.715,83;407,13;93,44;234,27;289,39;564,67;-837,82;1.813,61;582,06
20903;Astigarraga;248,01;466,53;437,98;372,23;-347,70;-88,18;-18,71;283,43;133,26;118,90;85,76;-311,84;-113,85;-57,71;13,01;333,43;134,60;-18,72;143,59;242,76;237,84
20015;Ataun;317,48;226,89;206,87;105,24;83,26;154,82;83,49;63,04;160,70;358,68;49,34;171,17;498,10;1.215,52;147,61;150,90;115,76;541,99;99,17;458,04;253,31
48091;Atxondo;731,48;-474,88;338,31;325,36;-93,20;94,35;141,66;72,34;93,39;45,75;123,30;21,90;116,61;411,14;540,07;221,41;-18,57;61,80;163,68;44,72;298,55
48070;Aulesti;-69,37;-34,29;345,21;268,02;249,92;284,95;182,34;283,48;19,02;61,12;424,71;95,02;95,58;568,27;439,53;450,48;259,31;113,45;368,53;449,88;637,25
01010;Ayala/Aiara;-56,24;46,36;50,47;66,88;80,35;111,27;25,36;157,88;46,39;86,68;50,02;66,05;49,92;-0,62;221,49;68,12;58,86;91,35;220,80;99,09;16,73
20017;Azkoitia;214,86;125,13;55,71;205,00;115,13;147,15;-54,43;104,07;76,08;31,26;59,24;165,03;-235,17;842,16;396,79;83,50;275,49;-17,53;402,22;591,33;339,49
20018;Azpeitia;298,73;207,02;103,90;189,19;297,57;432,81;130,17;-0,31;99,08;152,52;112,89;270,85;145,80;230,58;454,88;448,64;353,12;382,84;232,04;375,39;354,66
01049;Añana;-11.006,43;-102,91;839,32;473,01;-120,69;124,42;103,93;105,50;76,50;244,52;116,75;41,79;332,65;11,33;94,35;144,80;203,43;-313,43;149,71;1.883,21;45,54
48012;Bakio;49,67;335,40;-216,73;363,07;17,45;47,69;24,83;50,30;33,02;239,51;349,58;91,74;-445,33;280,96;827,58;799,21;1.407,14;994,05;1.115,75;831,16;402,68
20904;Baliarrain;266,97;293,14;170,80;154,85;408,21;475,79;169,05;374,51;71,88;143,85;654,71;5.661,85;-5.613,28;883,76;85,79;4.973,33;-3.367,42;-3.295,00;1.247,18;7.367,74;-1.827,93
48090;Balmaseda;-40,81;74,85;48,25;202,83;109,30;59,20;125,74;44,64;85,84;18,63;116,42;850,60;218,60;425,22;-34,11;531,96;-398,90;111,54;93,77;13,08;103,09
48013;Barakaldo;97,26;112,42;78,86;70,91;22,47;21,61;34,58;39,84;47,10;103,65;32,37;88,26;10,14;-2,87;79,82;86,60;47,96;168,62;108,51;148,00;163,13
48014;Barrika;-134,87;115,55;95,23;2,94;58,97;11,25;181,52;121,37;47,14;99,47;18,33;187,66;80,68;538,10;-415,11;281,32;90,21;16,22;101,68;-101,96;296,68
01013;Barrundia;342,52;98,40;172,04;53,88;112,06;133,40;64,49;131,69;46,53;-40,00;531,30;107,28;223,88;324,42;46,63;8,24;188,82;399,40;-8,85;-23,74;62,63
48015;Basauri;10,11;3,02;67,45;142,25;76,84;-10,29;30,56;83,27;79,93;10,30;207,32;293,02;241,22;-0,33;96,43;12,34;119,44;157,28;110,10;144,83;160,10
01011;Baños de Ebro/Mañueta;8,64;53,43;2,60;1.145,14;-370,52;-110,86;105,99;105,82;53,92;620,61;1.472,78;3.493,05;-5.606,27;180,74;320,78;627,01;245,07;665,13;819,49;872,39;608,78
20019;Beasain;165,96;143,37;40,11;217,81;133,47;141,59;135,25;134,24;199,67;165,56;212,21;118,41;117,30;416,30;200,16;207,61;142,79;263,20;128,91;182,98;350,65
48092;Bedia;-8,60;82,86;305,35;538,26;159,16;320,47;248,35;278,62;224,27;-54,95;330,32;166,47;370,48;240,05;867,85;478,61;663,75;76,46;229,17;343,37;324,01
20020;Beizama;723,51;235,10;162,97;327,52;469,73;145,38;409,25;400,56;412,49;122,78;255,90;190,97;551,92;731,58;2.298,37;632,01;583,96;1.263,29;1.278,42;-190,86;874,51
20021;Belauntza;459,34;23,99;439,18;835,62;185,36;200,84;300,73;254,10;202,96;175,99;45,73;48,07;364,31;196,45;122,94;250,60;255,59;225,81;71,13;259,47;436,57
48016;Berango;-11,22;-51,17;-96,59;217,65;202,55;87,83;-242,97;-149,68;62,85;63,92;110,02;208,62;129,28;270,66;203,72;483,91;274,70;-210,73;-240,26;-215,78;78,63
01014;Berantevilla;229,51;189,75;350,90;208,94;23,96;181,10;190,00;239,68;289,84;21,62;31,26;129,87;244,09;615,88;622,38;623,69;95,98;95,60;99,13;101,96;101,96
20022;Berastegi;426,51;522,36;74,21;253,62;366,90;698,12;262,39;697,26;176,23;69,49;109,96;941,71;205,44;284,34;393,11;-739,05;-751,08;517,45;354,36;442,84;603,45
20074;Bergara;371,52;192,69;234,61;153,16;255,28;178,13;160,34;154,70;153,41;78,18;68,03;73,59;89,86;221,89;332,22;-99,90;383,95;194,44;-170,56;-183,70;216,14
48017;Bermeo;112,52;53,10;89,67;74,49;25,86;-23,32;1,70;89,34;65,95;145,31;-18,44;110,64;157,90;51,65;109,33;49,69;188,54;18,59;241,44;35,22;200,11
01016;Bernedo;131,37;45,55;92,23;256,45;63,58;49,91;6,94;107,19;77,79;86,27;73,38;223,72;365,84;-1,32;-102,89;97,16;404,24;244,26;37,40;1.110,37;75,34
48018;Berriatua;242,21;262,12;273,13;228,40;336,61;57,96;215,63;140,93;195,84;27,25;172,71;321,74;416,66;166,76;273,03;270,60;235,87;816,83;44,20;163,57;453,99
48019;Berriz;150,66;86,92;-56,82;206,46;123,26;166,24;136,81;218,04;141,85;32,42;147,30;218,06;78,04;543,73;313,94;-261,22;88,16;199,37;124,32;472,58;559,50
20023;Berrobi;244,28;84,31;220,46;-14,16;107,43;68,44;221,69;96,62;247,93;134,17;8,12;57,07;286,36;-309,28;447,85;180,15;545,18;304,43;492,97;1.417,18;404,57
20024;Bidania-Goiatz;123,56;261,16;299,70;217,01;119,93;160,72;293,42;374,99;232,86;81,78;86,16;11,95;84,99;146,80;591,67;170,32;180,33;310,43;709,07;729,72;143,72
48020;Bilbao;177,10;171,06;140,98;212,68;175,95;240,31;131,99;130,56;205,32;82,17;158,53;111,74;172,32;361,26;312,10;289,29;212,28;153,32;255,53;184,89;148,92
48021;Busturia;240,73;63,72;102,18;361,13;-141,68;41,60;92,58;141,52;51,03;29,85;263,19;76,46;126,30;176,02;314,92;176,99;27,13;101,19;553,75;-82,65;-248,14
01017;Campezo/Kanpezu;267,15;71,98;696,26;-411,61;-14,13;139,73;68,84;51,82;115,04;-311,68;50,19;50,46;-58,68;222,00;56,12;345,55;63,87;-213,91;270,17;48,87;266,55
20029;Deba;224,16;51,32;198,14;314,72;-373,89;58,03;3,86;184,52;68,03;-21,43;9,59;365,08;54,71;226,84;663,64;-72,73;181,73;-13,25;231,57;405,54;-436,79
48901;Derio;263,04;110,79;37,86;141,85;17,72;90,57;92,63;44,86;29,82;-163,92;-52,92;69,33;785,52;488,79;415,68;-349,13;-480,91;377,85;190,57;-654,50;258,48
48026;Dima;173,07;186,86;235,18;368,48;352,80;262,11;225,01;281,68;173,62;103,06;13,72;35,40;51,57;102,63;531,79;667,49;-177,19;268,31;301,43;354,61;423,62
20069;Donostia / San Sebastián;2,60;123,95;120,88;113,06;-116,29;109,36;156,81;33,65;115,05;106,57;88,62;205,36;131,40;441,31;247,88;137,29;136,68;142,57;65,82;79,99;151,15
48027;Durango;-17,68;-3,93;21,52;27,96;51,66;62,53;74,89;16,88;101,86;48,61;45,99;127,26;47,77;221,25;269,23;630,07;182,33;155,67;179,02;154,95;173,99
48028;Ea;785,37;243,33;208,54;214,67;197,26;267,83;337,65;13,84;74,85;88,41;861,67;106,23;419,27;740,02;59,52;259,45;424,46;642,70;-110,82;-283,73;-9,12
20030;Eibar;254,73;55,80;262,31;348,81;147,25;154,84;68,75;85,05;154,01;91,30;148,13;228,45;157,45;236,81;108,58;449,96;113,51;119,91;130,64;373,57;205,26
48031;Elantxobe;86,84;-60,83;394,63;203,98;10,22;127,84;122,41;-10,46;-13,32;44,96;21,11;33,10;106,64;121,54;0,19;69,98;54,25;-341,45;-17,40;289,35;-1,34
01021;Elburgo/Burgelu;-91,00;53,87;73,25;59,18;40,35;57,38;141,26;199,68;143,12;-49,75;209,11;207,78;-100,20;1.190,73;971,69;-825,58;22,19;-182,06;1.082,39;-9,57;-291,45
01022;Elciego;266,69;82,27;273,50;204,88;52,49;176,24;43,03;147,02;62,50;32,39;72,64;16,76;366,89;-66,51;141,73;33,81;317,02;840,08;25,64;855,66;338,37
20031;Elduain;1.413,74;523,74;299,67;148,73;271,26;243,21;407,18;189,50;177,31;42,37;43,08;54,18;166,01;7,56;62,80;763,76;857,76;280,16;786,77;-105,11;102,72
20033;Elgeta;344,99;176,47;111,19;262,69;157,09;64,82;58,17;26,56;101,19;340,21;18,36;353,69;73,70;16,39;442,59;-480,57;590,05;299,69;2.693,89;47,27;86,70
20032;Elgoibar;108,74;266,77;276,75;339,61;258,54;30,14;80,19;155,70;28,59;28,68;25,60;112,53;187,91;340,58;1,71;92,96;158,36;269,87;285,31;106,92;116,34
48032;Elorrio;-70,79;95,51;105,75;149,14;158,61;126,80;111,40;163,69;299,31;117,55;147,10;205,59;188,42;322,33;352,78;129,74;234,90;3,34;185,79;496,95;124,01
01023;Elvillar/Bilar;20,45;-48,81;15,41;109,58;111,60;-52,97;85,12;111,07;71,89;77,99;26,34;373,82;231,89;-111,91;325,60;183,36;13,11;61,56;104,01;1.426,90;86,62
48902;Erandio;60,61;23,36;40,10;92,71;79,79;105,85;60,67;62,47;29,69;96,54;108,73;62,99;129,25;148,36;36,87;291,21;232,56;210,56;98,52;43,19;202,04
48033;Ereño;-167,36;566,52;386,38;385,37;487,23;708,49;106,20;328,38;204,21;221,72;154,91;54,10;1.870,50;-173,01;-15,57;109,66;1.462,99;1.254,35;344,25;473,86;1.203,52
48034;Ermua;116,55;81,49;139,84;78,85;113,61;33,63;93,98;140,64;144,69;25,31;89,61;86,31;231,61;68,13;153,92;77,60;146,02;169,04;279,45;586,67;-334,42
20067;Errenteria;112,71;68,73;145,97;134,88;187,06;71,02;66,87;115,55;78,33;45,28;50,51;16,59;72,35;40,59;93,28;218,46;216,88;153,88;166,41;146,83;146,38
20066;Errezil;325,36;305,88;288,74;285,68;269,50;246,39;213,29;130,44;38,61;175,78;141,63;122,53;532,79;145,55;257,33;156,72;320,39;400,45;294,87;169,09;151,42
01046;Erriberagoitia/Ribera Alta;299,69;78,64;48,22;34,84;81,59;194,97;170,35;234,52;174,18;-45,69;22,81;21,29;-24,56;65,42;17,06;164,36;332,19;283,67;34,14;140,08;-42,17
48079;Errigoiti;-321,94;52,92;154,63;516,39;124,31;182,34;-138,26;250,41;0,00;0,00;327,21;1.157,37;1.896,63;39,91;63,06;90,17;-592,71;307,12;108,54;495,91;-18,31
20034;Eskoriatza;160,27;170,85;75,78;225,69;136,83;184,09;112,50;150,45;240,73;228,35;80,18;268,56;-13,39;162,84;148,86;496,29;242,45;197,26;207,29;694,42;302,69
48029;Etxebarri;166,28;84,70;89,72;125,93;138,71;80,64;84,56;177,56;74,74;42,30;20,18;118,81;42,00;226,29;195,34;190,29;142,09;-229,99;455,86;567,53;176,07
48030;Etxebarria;113,29;350,35;39,99;497,62;504,21;445,04;578,81;584,35;299,87;252,60;464,74;417,97;420,23;437,18;715,57;-203,86;472,39;542,30;78,82;71,18;626,45
20035;Ezkio-Itsaso;3,13;981,00;598,16;-96,38;190,13;-20,84;778,55;359,73;534,50;236,60;163,09;-630,80;157,74;611,44;350,07;356,36;202,47;197,34;188,21;-531,18;356,57
48906;Forua;443,55;252,95;136,31;183,52;156,26;252,93;141,18;124,95;128,63;39,96;67,98;306,36;37,49;-7,07;661,70;-197,83;21,41;142,47;174,08;524,49;590,98
48035;Fruiz;190,26;134,13;-45,54;287,73;71,41;182,04;7,99;214,61;15,36;63,51;-19,54;-16,90;361,84;190,23;210,73;401,25;184,68;63,55;75,26;-602,78;99,17
20038;Gabiria;-64,16;79,04;861,35;-172,52;-64,99;-229,01;103,05;135,75;92,97;103,61;43,14;212,00;129,94;318,23;293,11;-70,61;-80,19;93,64;936,65;-290,18;201,28
20037;Gaintza;55,93;193,12;140,90;163,52;205,22;8,52;171,07;86,56;-54,17;499,21;-852,30;-118,87;313,76;160,14;536,86;194,83;1.460,14;-617,68;925,39;1.644,90;320,58
48036;Galdakao;247,21;101,12;77,21;29,35;59,59;66,91;78,49;138,30;118,00;8,88;70,04;179,10;449,35;809,11;494,53;294,89;256,07;278,81;234,11;96,81;61,05
48037;Galdames;327,64;69,28;216,49;259,03;113,71;77,49;115,58;196,02;120,19;39,96;286,79;65,45;-225,23;4,54;458,67;205,77;221,42;284,23;337,27;-315,64;230,52
48038;Gamiz-Fika;109,29;112,69;141,45;193,72;376,66;30,27;-18,01;463,46;307,15;129,09;72,37;163,09;119,03;111,26;287,91;733,52;127,90;88,13;100,57;75,13;298,43
48039;Garai;-43,39;233,56;53,92;737,24;582,90;286,58;88,98;151,68;431,90;265,30;557,85;284,90;448,89;620,02;958,84;1.232,65;553,21;589,86;441,13;57,24;208,70
48040;Gatika;213,44;151,25;105,28;207,25;34,59;58,70;38,77;57,51;-24,65;115,63;325,70;-337,05;151,70;24,58;258,86;250,36;428,74;1,37;-296,94;-165,26;71,73
48041;Gautegiz Arteaga;6,11;177,69;131,84;104,99;174,37;147,82;29,62;54,91;89,14;117,87;248,62;302,40;766,45;140,53;839,24;1.017,45;-941,96;-279,43;106,85;221,47;92,33
20907;Gaztelu;302,02;106,21;0,00;16,91;41,57;0,00;37,23;50,07;66,98;-85,68;-311,96;240,17;-472,51;64,96;562,08;-574,64;413,51;593,16;262,76;208,68;1.429,31
48046;Gernika-Lumo;-4,86;41,09;91,86;120,34;-42,01;108,82;51,64;35,51;110,14;29,88;99,65;-66,88;219,32;53,20;439,41;376,41;-391,09;194,93;197,95;111,07;271,90
20039;Getaria;311,76;78,45;205,09;15,96;176,15;146,90;117,10;161,83;-331,31;150,99;-5,17;312,16;-333,48;185,15;285,39;292,30;99,41;127,63;212,64;297,89;279,42
48044;Getxo;31,48;85,17;112,46;210,21;191,10;142,07;122,66;168,99;123,27;56,78;91,81;156,67;281,73;92,80;150,17;87,56;162,62;105,19;190,54;174,71;131,51
48047;Gizaburuaga;-1.372,10;417,23;518,48;82,68;186,52;306,07;349,71;395,25;324,57;299,12;1.196,93;1.511,83;509,85;329,18;750,12;1.006,45;816,61;756,21;835,26;36,10;1.282,22
48042;Gordexola;159,08;288,75;436,58;78,28;4,27;65,25;137,79;284,92;149,02;23,95;4,80;-44,34;391,49;444,89;-453,95;180,62;-308,95;334,38;-84,50;-232,01;391,35
48043;Gorliz;-46,77;133,67;156,24;273,08;75,19;-94,89;67,40;176,44;18,59;75,09;254,31;551,34;449,20;77,11;508,65;-27,64;-706,30;-313,93;-21,23;-11,21;203,40
48045;Güeñes;63,74;162,59;50,69;82,02;71,89;126,58;21,07;49,34;38,29;38,94;211,30;-5,71;292,21;209,16;504,28;8,07;117,63;-73,75;185,71;242,69;186,81
01056;Harana/Valle de Arana;-400,07;15,28;375,65;-235,41;0,00;2,50;0,00;10,52;-27,23;-13,45;-0,36;282,29;45,57;-161,90;-262,23;32,34;31,47;54,06;9,05;-141,93;13,59
20040;Hernani;122,68;82,46;111,85;147,54;105,27;183,16;49,18;125,60;59,64;46,81;23,18;70,70;155,01;252,38;65,92;146,57;339,01;103,03;71,41;158,72;167,19
20041;Hernialde;918,39;341,67;593,27;-189,92;-275,10;346,35;269,46;187,48;78,54;55,23;34,02;126,27;558,29;239,67;18,01;18,22;18,50;18,67;-33,47;261,74;439,06
20036;Hondarribia;344,16;55,35;-4,03;185,85;192,32;99,33;98,07;77,79;184,30;307,66;410,01;318,55;432,26;73,45;164,23;-8,65;234,72;127,64;121,63;260,17;275,35
20042;Ibarra;299,48;63,39;65,29;91,59;112,71;121,68;107,09;160,47;84,44;27,42;464,53;269,18;-67,60;246,15;71,39;451,39;114,56;-83,69;166,73;169,71;336,64
48048;Ibarrangelu;199,65;-51,76;-29,61;471,09;157,93;72,61;237,61;219,00;150,21;318,02;247,87;75,95;158,82;527,21;517,63;676,70;226,18;1.158,88;117,02;-305,07;-712,02
20043;Idiazabal;92,28;21,06;25,49;16,49;67,09;206,06;67,44;67,99;157,04;90,20;38,86;619,33;623,56;782,57;148,48;276,10;101,18;211,16;182,07;564,08;-290,11
48094;Igorre;13,28;46,71;105,88;316,65;188,90;192,24;186,82;228,24;146,21;78,85;575,81;32,19;188,40;458,52;354,94;-146,41;165,07;405,23;534,01;278,68;175,22
20044;Ikaztegieta;227,00;154,51;270,55;14,63;137,39;114,20;20,72;-5,98;27,29;104,34;-21,33;-237,19;1.051,12;169,52;177,99;731,64;-168,46;882,02;-95,05;-380,35;142,82
20045;Irun;100,04;14,75;161,47;102,64;198,43;113,18;130,20;197,00;182,42;-4,36;54,86;228,37;26,80;279,93;244,19;270,84;284,82;168,87;179,96;282,96;132,78
20046;Irura;529,31;111,76;150,32;105,74;296,13;85,39;145,39;160,00;134,35;208,38;-17,52;157,85;167,95;72,65;109,46;132,25;156,83;220,16;185,62;512,32;190,74
01027;Iruraiz-Gauna;-100,37;24,56;11,35;61,66;14,15;46,47;26,10;18,05;16,05;40,98;30,79;84,52;37,18;172,24;336,29;243,08;209,49;125,08;130,44;349,59;-421,00
01901;Iruña Oka/Iruña de Oca;-260,91;141,04;661,59;94,12;110,05;55,82;260,61;179,99;198,99;-12,73;302,99;213,69;23,15;952,80;806,97;-736,87;-825,44;5,38;-177,76;405,33;316,46
48049;Ispaster;85,66;22,73;161,78;581,36;243,36;17,86;454,11;236,94;172,84;120,99;209,66;84,25;-69,21;326,80;154,78;1.119,94;245,46;249,95;145,79;-236,05;64,14
20047;Itsasondo;144,67;590,16;325,37;-11,48;391,14;112,21;115,30;122,06;49,27;66,20;381,38;52,35;666,03;-84,35;118,25;539,91;89,99;916,77;-382,24;-201,45;625,26
48910;Iurreta;-154,60;133,13;-53,15;202,24;283,30;283,19;-68,05;-72,55;290,61;-143,51;-287,09;363,79;476,71;430,75;413,90;-363,84;-209,38;476,27;289,06;394,80;345,81
48050;Izurtza;-244,00;601,60;72,14;883,80;248,86;-87,78;706,30;825,46;24,85;486,98;-36,96;531,36;1.083,18;-94,14;293,17;375,64;329,46;44,83;1.026,04;-815,36;288,08
48022;Karrantza Harana/Valle de Carranza;220,38;175,84;206,45;236,59;272,96;148,36;188,69;156,87;162,11;73,46;104,28;96,78;320,93;10,07;662,10;-39,87;-512,20;-289,65;449,48;-591,68;77,79
48907;Kortezubi;204,11;166,55;116,32;222,00;237,59;265,23;126,64;244,63;287,72;127,00;122,57;640,47;357,73;257,10;583,40;381,23;568,39;428,14;145,61;435,13;1.464,48
01019;Kripan;-788,99;198,91;68,80;166,31;108,35;7,06;64,64;51,90;118,51;105,28;1,97;-53,36;-954,34;708,64;-202,65;816,48;658,15;207,59;11,87;560,31;107,68
01020;Kuartango;164,05;1.269,95;1.448,99;-1.440,21;400,37;116,00;816,97;84,55;186,67;412,94;689,92;789,49;447,78;-761,04;2.231,39;1.288,25;-1.785,72;-1.609,78;54,37;179,60;49,80
01028;Labastida/Bastida;163,50;248,37;70,63;306,89;290,57;-81,89;15,59;375,44;336,24;1.565,55;-944,99;1.445,51;-778,54;13,37;-36,38;155,60;264,22;232,12;215,93;176,74;253,30
01030;Lagrán;-285,98;99,45;107,79;219,79;245,84;208,18;89,28;177,82;425,82;129,53;105,34;169,11;-244,80;274,21;968,76;339,94;-348,72;294,36;331,80;-86,42;342,21
01031;Laguardia;211,97;310,00;270,04;155,25;362,81;-201,18;86,23;71,76;999,68;-233,58;-812,70;-9,99;365,44;355,56;110,02;545,70;-724,71;927,63;-265,17;267,07;288,52
01032;Lanciego/Lantziego;17,63;-48,45;99,27;103,09;65,81;31,20;61,38;117,58;516,71;534,08;1.261,59;3.228,39;-2.895,05;82,38;223,18;581,68;31,83;258,29;428,23;623,32;579,35
48051;Lanestosa;-188,06;274,64;23,84;520,38;334,08;13,04;117,42;191,12;141,29;130,49;295,31;5,07;-64,95;401,37;166,51;101,62;143,21;132,73;286,60;-6,62;337,16
01902;Lantarón;766,85;300,84;339,86;346,79;188,49;361,43;280,46;260,94;213,32;1.476,82;1.500,05;-1.545,07;306,33;296,73;400,29;701,96;-643,23;543,84;533,79;556,56;261,14
01033;Lapuebla de Labarca;188,71;1.029,75;-957,16;166,82;46,07;241,02;68,11;122,17;170,78;87,73;88,31;-555,39;524,16;28,55;537,43;74,13;771,76;57,15;-136,29;398,44;97,42
48052;Larrabetzu;43,54;-59,05;323,54;268,75;75,78;153,04;171,17;61,74;84,93;42,45;169,81;-69,05;-515,57;88,25;206,47;504,80;552,27;2,90;186,04;833,04;586,34
20048;Larraul;137,63;206,61;20,63;342,23;97,28;51,06;153,27;126,97;150,18;67,12;-0,24;164,62;197,76;36,72;103,05;-344,99;1.641,79;368,31;160,65;98,55;513,86
20902;Lasarte-Oria;110,08;82,44;113,81;497,69;53,22;50,26;62,91;39,01;59,89;64,26;25,40;172,00;-28,91;-108,60;269,31;353,54;133,58;133,86;199,04;171,08;297,10
01036;Laudio/Llodio;83,26;-45,82;178,60;147,00;27,38;155,88;95,58;85,88;56,36;50,94;84,15;42,42;216,44;279,65;274,26;475,04;60,93;144,29;150,91;332,37;222,51
48053;Laukiz;105,54;37,45;276,21;167,07;69,04;117,35;72,84;130,75;111,60;14,84;8,54;77,79;297,38;106,26;125,17;131,14;137,01;138,56;43,44;-197,15;461,64
20049;Lazkao;128,89;204,45;63,44;166,03;-391,68;233,14;112,78;110,12;143,88;23,56;75,41;123,02;-12,34;288,49;471,16;599,98;745,35;277,25;94,05;316,53;323,84
20050;Leaburu;784,59;-136,79;690,11;78,74;680,39;126,15;297,82;279,63;144,35;73,55;6,78;28,71;383,04;188,72;102,98;28,30;694,28;-290,62;184,19;500,11;1.371,15
20051;Legazpi;205,83;109,49;169,76;182,30;201,35;259,49;116,51;207,70;157,98;61,76;-29,51;141,42;120,03;775,63;127,47;222,77;56,49;126,69;57,27;47,90;136,74
20052;Legorreta;107,68;3,74;72,83;300,91;330,50;84,47;169,34;486,78;42,15;4,91;7,59;77,60;54,90;135,21;508,07;179,58;-6,21;345,10;352,80;562,91;-96,12
01058;Legutio;136,74;85,20;-106,41;213,52;171,98;238,46;59,32;312,01;197,29;120,22;-25,61;61,24;45,44;493,22;169,01;172,21;-557,37;-11,30;66,93;91,25;469,81
20068;Leintz-Gatzaga;407,35;161,06;289,28;189,54;529,13;-60,99;308,97;470,82;178,90;152,24;115,75;-5,24;231,22;234,78;366,80;376,95;381,47;193,40;210,88;354,65;307,23
48054;Leioa;12,62;69,91;77,83;144,93;63,27;47,34;112,45;8,20;66,55;86,66;129,88;234,77;171,28;-27,08;269,18;53,71;87,12;-88,43;-106,07;-136,84;150,82
48057;Lekeitio;31,83;24,44;41,41;287,11;86,09;38,41;-6,61;21,90;47,71;8,21;74,32;226,26;197,90;220,62;209,07;230,29;25,68;-10,15;156,94;221,64;289,42
48055;Lemoa;266,05;433,40;186,39;459,15;309,28;189,92;130,15;153,23;105,78;298,13;98,43;187,01;30,13;373,60;279,54;-188,90;-452,08;-129,47;164,78;176,48;422,81
48056;Lemoiz;145,15;191,95;-91,42;258,08;106,28;198,19;97,77;63,95;108,03;-18,77;66,75;994,97;-626,40;-1.190,32;-1.061,08;1.806,32;282,38;-29,02;543,47;-54,56;-289,39
01034;Leza;162,06;-78,97;185,86;37,80;451,75;-253,97;0,85;158,27;89,12;128,46;-807,14;-2,01;-1.190,28;-2.245,21;-360,91;1.216,05;227,52;331,73;1.326,75;521,68;175,73
48081;Lezama;165,99;28,16;151,30;-15,09;329,77;-10,80;120,09;66,74;-330,30;64,46;369,03;410,97;106,33;-35,00;417,88;-139,94;245,06;271,02;295,96;29,27;540,00
20053;Lezo;243,48;69,52;16,02;186,52;165,17;201,37;86,10;103,28;92,67;21,57;90,87;40,37;70,81;-341,32;365,67;20,09;97,02;210,25;137,08;160,67;84,86
20054;Lizartza;496,90;123,69;173,98;83,22;111,57;0,00;11,57;13,62;105,83;0,00;0,00;5,15;-191,48;346,59;22,47;458,02;203,58;-20,97;928,11;366,57;124,85
48903;Loiu;272,08;459,40;60,15;233,83;194,75;263,24;242,25;302,70;347,84;243,98;185,04;176,67;432,93;380,30;281,26;252,60;630,60;-4,54;773,35;756,94;452,35
48058;Mallabia;-151,79;126,62;548,79;31,44;451,20;61,39;272,15;323,72;235,07;73,63;47,86;333,28;293,87;271,00;1.183,79;439,05;955,42;468,45;31,49;844,85;469,22
48060;Markina-Xemein;478,57;48,64;77,55;326,13;25,75;-4,18;80,41;164,11;91,59;46,34;40,12;-32,68;-145,60;144,45;40,81;719,95;-40,97;418,57;227,40;69,01;-80,59
48061;Maruri-Jatabe;-102,64;140,67;17,83;226,04;30,96;92,92;95,40;33,47;1.351,23;-1.414,31;26,35;85,02;995,57;988,15;152,01;-88,80;303,84;278,88;104,04;512,19;-334,80
48059;Mañaria;195,16;916,05;197,99;447,70;16,07;208,33;355,97;123,33;164,80;110,92;191,51;272,16;1.130,39;-2.119,84;2.523,07;201,78;-62,64;181,78;417,37;1.096,46;-71,27
20901;Mendaro;389,69;127,27;80,42;292,30;221,24;107,27;114,07;93,66;122,98;68,98;193,07;98,74;55,62;395,46;43,34;96,89;225,07;469,10;473,48;903,15;94,68
48062;Mendata;644,68;89,04;262,22;67,60;164,74;133,49;366,66;237,76;43,03;-140,34;202,51;492,04;348,51;129,29;833,22;621,83;223,32;450,21;235,51;-359,26;305,15
48063;Mendexa;-16,14;55,67;110,85;99,32;212,58;356,94;15,71;41,16;-11,18;88,68;312,37;226,91;589,89;213,06;339,30;68,14;362,06;357,37;750,90;631,76;274,82
48064;Meñaka;-70,34;104,77;276,13;58,42;416,08;262,99;194,60;260,07;54,58;12,87;0,00;0,00;-116,52;265,82;465,98;72,50;498,03;-86,09;233,45;-166,42;155,71
01039;Moreda de Álava / Moreda Araba;695,33;34,66;149,39;75,94;172,21;100,93;-123,00;53,81;954,31;-895,45;555,46;416,85;-896,67;104,27;86,88;86,01;348,04;477,04;106,47;123,13;213,98
48066;Morga;-373,36;690,53;-774,16;283,59;218,43;279,86;81,81;340,62;38,58;257,66;212,33;216,92;243,55;540,21;448,54;94,43;-198,38;32,75;470,04;12,36;227,48
48068;Mundaka;-565,34;66,40;75,31;95,36;-28,55;187,14;31,54;37,76;37,99;11,18;46,18;131,06;148,58;317,66;453,66;188,63;128,31;322,13;-11,74;220,13;253,62
48069;Mungia;168,76;154,91;-4,39;56,72;114,77;126,64;47,92;75,37;159,94;38,27;18,31;85,66;94,92;131,79;227,97;378,39;314,66;-140,64;305,04;272,57;148,57
48007;Munitibar-Arbatzegi Gerrikaitz-;304,01;39,41;708,36;94,95;343,51;210,74;64,63;161,52;75,57;50,97;-81,10;328,50;74,41;502,42;578,51;1.066,61;579,42;281,93;1.530,85;623,66;364,66
48908;Murueta;-54,33;367,82;140,82;561,60;370,18;347,56;391,12;182,65;472,91;377,83;-16,01;842,77;574,27;635,06;471,76;202,15;-1.266,71;114,41;1.204,60;1.992,36;2.300,61
48071;Muskiz;14,34;89,27;196,36;465,77;239,48;235,73;293,57;363,67;515,32;402,62;128,08;89,03;31,89;72,60;436,09;248,03;96,19;347,87;37,84;-103,58;289,61
20057;Mutiloa;518,89;725,60;392,89;65,41;871,94;386,84;388,87;2.095,88;572,44;309,88;309,75;718,09;2.999,70;102,81;-659,22;2.083,14;1.573,74;1.140,61;492,69;-66,78;551,45
20056;Mutriku;126,97;215,14;140,97;48,91;88,74;65,53;51,58;156,02;-37,84;47,28;17,14;19,76;-34,76;368,79;28,90;178,53;191,97;169,29;278,88;576,54;372,79
48067;Muxika;160,43;138,46;89,64;221,79;143,68;331,37;259,40;179,12;379,91;89,11;54,65;312,48;101,06;112,66;448,16;259,83;266,35;238,82;70,87;273,71;292,46
48909;Nabarniz;1,00;255,87;-131,90;648,31;-51,42;149,59;230,91;433,30;178,84;-9,27;839,85;1.118,64;819,05;323,38;1.046,93;517,37;123,17;1.528,14;98,45;-121,24;2.909,11
01041;Navaridas;193,53;-38,62;83,72;-188,59;-51,21;231,87;10,70;6,22;48,90;311,30;-299,79;156,50;63,46;162,39;382,17;164,29;454,50;112,13;-56,57;588,33;182,62
20063;Oiartzun;599,54;324,60;231,32;187,17;277,57;196,08;144,92;121,98;76,93;2,28;107,82;176,72;46,12;329,49;309,68;570,50;408,38;353,31;1.808,58;1.856,44;758,91
01042;Okondo;426,61;53,24;-25,46;398,65;-72,92;139,43;-24,90;14,76;81,72;2,37;299,78;-297,53;40,63;-59,60;784,74;342,36;-239,65;-5,97;-48,59;143,14;390,50
20058;Olaberria;846,41;568,74;921,38;1.956,24;951,82;1.269,74;1.758,32;-693,96;433,21;535,07;305,50;446,98;274,31;1.395,72;2.166,66;-572,45;-489,01;105,55;533,50;112,67;1.010,01
48073;Ondarroa;58,19;60,96;40,44;191,59;43,64;-67,90;308,66;141,93;67,60;77,97;121,65;288,10;374,80;157,46;-151,48;259,34;157,92;159,91;46,08;167,14;182,71
20076;Ordizia;126,57;-122,79;265,76;190,87;107,77;22,82;63,04;94,33;76,22;143,88;108,77;109,20;107,40;303,63;97,57;268,20;243,89;172,29;304,88;235,40;139,38
20905;Orendain;86,75;760,00;160,54;171,40;127,62;74,93;97,42;125,80;302,01;85,97;-817,65;711,81;784,01;-20,51;-43,76;-419,14;615,69;342,93;433,26;505,56;175,51
20060;Orexa;333,13;320,91;234,41;638,96;121,81;1.562,80;403,47;144,41;474,71;0,00;0,00;295,83;465,31;67,28;299,83;64,10;162,10;3.114,94;294,60;1.260,40;308,26
20061;Orio;381,06;191,54;265,60;-254,87;181,43;128,37;76,63;121,88;-9,60;313,18;353,67;33,70;-24,22;-544,98;221,75;656,07;748,34;-653,92;660,55;516,71;576,57
20062;Ormaiztegi;40,21;327,31;-24,34;161,20;681,74;47,51;47,93;290,44;33,29;45,66;52,98;108,12;142,48;135,81;157,88;91,69;337,62;39,84;107,37;61,64;98,42
48075;Orozko;-0,93;37,74;-64,51;220,69;151,57;108,33;199,31;322,48;36,15;-3,34;69,83;147,26;74,00;-266,51;459,53;321,21;217,84;-40,54;89,97;345,58;591,90
48083;Ortuella;120,34;32,84;92,09;122,54;128,74;44,22;46,85;105,15;42,18;1,88;17,27;200,76;587,10;159,69;-289,49;133,83;173,18;421,25;246,19;397,27;235,99
48072;Otxandio;189,02;37,29;-58,57;312,94;585,61;79,82;36,49;176,96;162,09;84,44;44,83;126,66;118,63;-200,31;704,58;653,57;-275,30;154,79;1.000,43;-534,59;7,46
01043;Oyón-Oion;124,66;109,22;305,06;358,49;-167,81;210,76;30,87;90,95;395,56;-37,71;-204,06;145,33;104,26;270,29;506,96;280,12;464,62;-135,68;629,55;423,41;123,92
20059;Oñati;226,67;397,39;539,60;379,87;111,46;286,41;195,74;193,10;284,42;70,30;161,82;-16,08;223,99;319,13;192,40;279,35;546,25;268,12;296,26;258,20;406,31
20064;Pasaia;-324,75;17,01;-2,69;44,21;-5,80;67,51;-4,68;34,50;11,94;45,69;63,17;24,75;-6,94;68,44;64,22;88,08;202,50;178,48;172,84;107,16;196,42
01044;Peñacerrada-Urizaharra;675,26;-73,73;467,11;-28,04;275,07;283,84;209,35;266,46;568,76;-490,95;1.052,77;110,69;-152,59;218,96;204,83;484,20;382,09;3,47;313,35;-130,42;405,99
48077;Plentzia;9,25;137,21;-194,10;60,68;25,49;113,65;98,58;146,41;53,50;23,58;77,50;140,01;154,17;115,29;256,62;491,61;206,15;55,90;63,11;30,10;168,05
48078;Portugalete;-10,09;11,71;32,39;21,50;21,35;7,96;42,21;-53,32;-2,03;204,27;371,95;483,99;102,85;62,49;-15,30;-184,83;354,47;88,49;106,63;225,48;69,20
01047;Ribera Baja/Erribera Beitia;223,55;192,67;77,17;58,73;147,17;307,10;105,12;68,62;113,54;-110,91;99,36;266,38;377,62;350,22;-275,38;-998,89;-831,34;496,72;227,40;1.135,62;112,86
01051;Salvatierra/Agurain;353,50;134,60;105,15;241,69;285,13;51,78;52,35;63,66;77,95;76,47;228,13;352,08;379,56;463,62;387,27;520,61;165,31;349,18;511,64;656,40;417,78
01052;Samaniego;131,09;607,49;253,31;488,73;372,49;467,76;223,03;640,68;163,47;185,43;106,10;51,34;148,65;204,92;-43,50;346,00;201,06;414,46;257,53;1.257,55;-46,39
01053;San Millán/Donemiliaga;-16,41;68,88;333,79;-39,07;-20,02;19,92;-172,03;120,73;-50,75;34,76;821,67;-193,91;-658,46;-621,83;-25,03;-40,36;411,29;39,81;231,38;348,92;149,97
48082;Santurtzi;55,18;-4,41;16,75;107,11;8,15;-11,84;-30,37;19,92;20,80;3,01;60,01;234,37;293,44;57,11;79,67;99,63;94,28;149,19;76,05;65,05;88,28
20070;Segura;132,97;186,25;-78,09;514,15;27,16;59,93;33,07;50,94;107,00;44,01;76,75;81,86;512,32;441,23;492,85;158,06;222,05;103,69;281,71;148,18;189,81
48084;Sestao;-6,57;-21,66;29,09;138,48;-129,05;31,15;26,43;58,48;25,72;116,97;13,35;104,80;264,79;106,07;74,89;172,24;138,35;74,71;108,55;87,72;63,46
48904;Sondika;-28,59;31,20;23,79;57,39;24,32;57,11;-83,21;36,62;256,60;234,00;70,57;14,49;146,70;107,45;109,97;-21,12;177,48;107,10;249,33;110,59;91,56
48085;Sopela;135,46;104,49;31,74;111,48;12,55;106,58;0,88;70,09;103,19;78,84;-84,26;156,33;137,97;252,35;19,62;-39,93;61,63;130,66;287,81;-35,41;80,24
48086;Sopuerta;177,88;166,16;91,22;164,66;157,66;209,26;177,25;143,64;146,43;99,29;-2,28;-10,53;58,56;500,58;473,88;437,79;42,85;212,03;-165,84;-239,30;77,02
20065;Soraluze-Placencia de las Armas;-152,02;76,18;190,84;183,08;93,97;48,40;4,09;217,96;160,00;7,17;18,92;89,19;309,32;-103,98;147,62;-30,41;57,86;314,80;183,95;499,54;270,03
48076;Sukarrieta;-558,55;45,58;40,06;35,43;88,29;58,18;119,49;23,38;170,34;326,38;716,27;614,32;814,09;-11,62;-521,30;364,49;-199,71;655,46;-190,39;198,17;266,90
20071;Tolosa;135,63;81,02;57,33;156,72;108,03;160,10;192,22;164,24;139,38;21,79;120,62;350,16;214,89;55,01;-66,43;240,18;640,81;265,77;118,38;80,77;350,56
48087;Trucios-Turtzioz;787,42;357,53;75,12;369,55;463,43;241,36;293,58;60,06;283,58;9,05;49,09;-189,80;679,91;166,93;302,53;788,21;474,91;-610,39;357,39;480,73;434,49
48088;Ubide;-64,18;14,16;59,04;530,04;274,93;441,06;273,10;598,27;169,56;58,09;-39,18;388,80;209,37;439,98;128,65;129,28;981,89;225,61;250,53;943,22;85,23
48065;Ugao-Miraballes;13,53;-77,14;46,78;26,46;102,49;18,37;-10,57;7,50;6,89;293,83;-122,87;-12,34;-180,70;605,76;130,78;-4,76;231,87;148,81;61,11;271,15;212,91
48089;Urduliz;-535,98;173,77;777,58;212,39;-227,28;-505,61;8,48;108,77;747,38;-658,32;579,10;507,16;1.041,75;478,72;-3.037,89;880,27;616,86;86,59;123,91;267,18;-91,02
48074;Urduña/Orduña;-78,69;103,41;96,61;161,86;14,64;59,06;-42,03;59,38;12,74;187,96;146,04;106,59;-419,97;-44,16;276,73;548,59;241,01;92,18;-160,74;-589,35;155,77
01054;Urkabustaiz;180,49;127,14;160,46;114,20;68,93;111,52;143,68;153,72;49,00;170,29;574,25;-238,27;195,62;50,70;14,96;382,71;145,33;-37,10;27,07;-311,03;124,10
20072;Urnieta;512,01;545,46;515,36;288,28;242,26;135,68;83,28;159,33;139,61;119,89;45,80;211,48;93,88;14,10;391,34;337,33;85,87;-143,14;259,37;65,82;195,73
20077;Urretxu;333,21;271,78;-69,22;144,80;70,17;118,37;13,66;39,38;16,33;10,13;12,13;122,00;133,04;135,90;325,31;326,77;238,15;176,49;170,99;115,33;200,81
20073;Usurbil;418,99;-29,65;276,78;298,01;65,30;94,83;118,17;127,60;85,13;65,91;78,65;158,64;70,84;89,16;236,71;173,38;433,33;19,30;550,43;-393,44;416,61
01055;Valdegovía/Gaubea;-153,44;-220,68;75,54;89,13;248,81;-208,23;48,64;38,01;43,65;122,40;-12,66;170,36;92,35;140,02;43,02;106,60;56,94;458,28;595,68;809,83;-282,25
48080;Valle de Trápaga-Trapagaran;-177,05;-19,12;-0,76;137,15;84,64;162,82;-25,42;22,88;75,03;182,24;-24,45;169,58;28,15;110,87;86,34;50,26;197,69;189,85;205,22;404,67;344,42
20075;Villabona;79,53;139,29;72,78;216,49;93,85;94,12;215,85;16,34;156,04;132,99;36,61;73,73;259,44;126,05;226,60;100,69;185,32;88,34;202,14;246,60;231,97
01057;Villabuena de Álava/Eskuernaga;353,54;177,89;172,50;443,60;289,75;-226,99;395,34;116,65;-268,63;118,74;174,10;-104,15;222,53;280,42;261,03;716,76;638,86;284,47;494,28;1.975,09;252,04
01059;Vitoria-Gasteiz;4,87;41,51;76,07;50,01;1,25;47,19;67,51;96,82;11,63;43,41;41,27;111,73;140,40;221,83;256,72;279,60;17,73;45,72;70,70;147,22;157,32
01060;Yécora/Iekora;92,99;1.297,81;-920,16;97,42;105,05;-1,84;59,01;26,98;-14,56;217,48;1.575,26;1.410,34;-2.916,11;54,36;1.109,45;1.120,40;166,49;148,51;945,78;-151,21;373,60
48095;Zaldibar;-294,70;80,35;25,07;122,20;96,16;106,05;93,18;123,78;64,76;375,08;-69,10;120,84;391,82;420,19;779,96;324,28;63,71;207,73;554,60;432,83;236,50
20078;Zaldibia;127,93;451,14;530,27;255,48;303,21;89,69;150,31;5,23;81,20;58,68;171,79;240,36;-7,07;389,72;1.325,78;1.353,68;51,64;-286,28;-1.206,98;-1.461,55;76,15
01061;Zalduondo;414,39;247,71;54,22;342,83;77,76;245,02;-79,93;-68,88;82,42;87,61;45,56;1.019,48;134,46;-15,42;791,41;41,54;-110,21;-198,40;-106,55;-489,84;-55,83
48096;Zalla;61,41;98,92;51,26;230,42;112,68;136,24;177,43;220,93;216,56;149,60;267,24;106,47;222,74;407,15;374,08;35,05;165,34;173,21;411,10;218,89;270,10
01062;Zambrana;1.163,03;1.130,71;-216,08;-323,64;-11,98;152,77;634,76;-279,83;213,87;79,97;-71,50;-23,58;-225,35;280,06;982,39;-695,63;15,52;23,70;753,54;198,83;-15,61
48905;Zamudio;498,47;367,74;-119,76;-42,03;336,24;150,67;234,32;-59,55;285,45;13,21;644,12;1.467,18;156,57;505,67;-300,34;1.304,19;1.566,60;-727,65;-948,50;-1.214,93;659,04
48097;Zaratamo;-26,67;-72,93;-5,66;256,03;215,78;-4,06;25,33;56,12;69,73;39,51;9,78;152,63;4,15;31,94;122,38;375,64;162,87;351,94;594,74;133,46;253,02
20079;Zarautz;71,52;-82,39;-70,20;284,48;218,83;101,77;60,46;76,88;119,41;91,71;43,63;101,94;173,54;408,12;273,33;257,31;335,45;316,28;167,98;138,64;193,64
48024;Zeanuri;316,40;-56,40;-182,09;322,25;330,12;-142,20;109,71;53,03;34,10;59,32;50,95;161,57;239,06;416,71;296,34;-92,85;242,03;303,61;236,84;395,33;472,94
48025;Zeberio;266,13;39,81;154,56;142,44;243,11;121,20;77,26;137,44;129,89;-32,50;127,03;88,24;78,71;207,65;265,68;246,32;219,71;70,72;317,77;-63,91;245,40
20025;Zegama;255,66;77,22;180,39;304,27;147,62;105,42;-24,01;113,12;86,48;81,30;-60,44;452,59;726,59;-493,94;-14,75;337,30;1.080,43;-209,35;426,17;344,15;854,82
20026;Zerain;2.524,89;2.534,00;-2.036,70;-112,27;104,52;335,14;148,64;305,78;161,23;579,86;1.443,89;-383,48;196,18;-94,21;-177,56;335,98;-365,89;718,50;1.668,51;-14,90;-339,56
20027;Zestoa;279,81;219,13;102,00;333,05;349,51;156,78;146,28;200,15;170,55;105,35;81,13;131,43;153,01;179,73;280,80;394,49;-41,40;220,19;136,32;2.070,29;110,61
48913;Zierbena;-237,44;1.396,96;395,40;862,66;568,04;723,72;191,12;63,42;37,01;-16,09;1.656,45;1.686,67;2.243,06;1.522,71;394,66;347,86;63,98;1.074,19;811,81;3.908,37;630,42
01018;Zigoitia;-275,71;-70,25;201,74;113,68;280,97;185,93;-71,30;219,79;142,84;87,92;131,66;212,00;205,87;107,80;241,83;570,76;1.085,35;-516,94;283,12;1.408,62;186,40
48915;Ziortza-Bolibar;36,12;388,86;110,22;116,54;273,75;164,67;-268,85;251,63;96,82;145,78;510,38;192,24;519,21;443,25;819,52;1.372,55;174,48;;227,40;69,01;-80,59
20028;Zizurkil;43,52;109,18;79,31;198,29;105,68;108,10;129,54;130,73;34,52;-13,68;-10,13;-267,69;-184,65;225,81;443,20;373,03;148,68;223,56;287,48;341,96;143,15
01063;Zuia;-173,42;220,77;98,00;133,12;809,90;-249,54;418,63;312,65;388,60;174,01;162,24;24,69;513,97;412,71;259,90;601,67;392,73;-224,72;361,08;147,61;164,70
20081;Zumaia;-190,30;102,06;234,49;172,82;177,47;25,74;88,32;55,93;64,63;131,71;136,84;237,38;229,78;278,43;337,36;212,69;327,62;177,89;236,08;218,58;299,28
20080;Zumarraga;206,92;167,22;65,75;155,13;116,59;129,27;82,31;241,29;151,66;198,97;251,22;209,36;289,20;7,64;179,15;165,85;152,89;-24,20;99,51;211,53;35,19
