Indicadores municipales de sostenibilidad: Mujeres beneficiarias de Renta de Garantía de Ingresos (? mujeres);;;;;;;;;;;
"";;;;;;;;;;;
Resumen de datos;;;;;;;;;;;
Entidad;;2023;2022;2021;2020;2019;2018;2017;2016;2015;2014
Araba/Álava;;32,42;27,59;29,72;29,40;26,31;26,68;28,27;29,66;29,77;30,40
Bizkaia;;31,62;28,17;31,09;32,46;31,79;33,86;36,88;38,34;39,43;40,39
CAE;;28,32;24,78;26,98;28,25;27,01;28,42;30,72;32,12;32,90;33,77
Gipuzkoa;;21,11;18,01;19,11;20,92;19,60;20,41;21,87;23,12;23,71;24,48
"";;;;;;;;;;;
Detalle por comarcas;;;;;;;;;;;
Código comarca;Comarca;2023;2022;2021;2020;2019;2018;2017;2016;2015;2014
01100;Arabako Ibarrak / Valles Alaveses;15,28;13,38;14,35;12,98;11,41;11,26;11,63;13,62;14,60;15,53
01200;Arabako Lautada / Llanada Alavesa;34,62;29,62;31,74;31,21;27,79;28,16;29,79;31,54;31,55;31,96
01300;Arabako Mendialdea / Montaña Alavesa;13,12;9,11;9,60;10,62;12,05;11,24;14,23;15,73;14,43;12,01
48100;Arratia Nerbioi / Arratia-Nervión;24,70;21,77;22,99;24,85;23,74;26,58;28,08;28,59;28,44;27,80
20200;Bidasoa Beherea / Bajo Bidasoa;24,56;21,65;23,18;24,88;23,14;22,61;23,98;24,78;26,62;26,75
48200;Bilbo Handia / Gran Bilbao;34,57;30,79;34,03;35,47;34,67;36,85;40,18;41,78;42,73;43,96
20100;Deba Beherea / Bajo Deba;27,51;22,41;22,69;25,94;23,28;23,76;25,13;26,37;27,47;27,73
20300;Debagoiena / Alto Deba;18,88;15,52;15,31;14,15;13,29;15,92;16,24;17,10;16,92;16,72
20400;Donostialdea / Donostia-San Sebastián;22,36;19,35;20,83;22,78;21,42;22,26;24,28;25,96;26,01;27,06
48300;Durangaldea / Duranguesado;20,43;18,03;19,24;19,86;19,07;20,28;22,70;23,22;25,13;24,16
48400;Enkartazioak / Encartaciones;36,47;32,99;36,46;38,94;38,88;40,28;43,36;45,99;47,02;45,43
01400;Errioxa Arabarra / Rioja Alavesa;23,85;22,12;25,09;24,08;20,83;24,27;27,29;24,65;21,78;23,57
48500;Gernika-Bermeo;22,59;20,12;23,00;24,32;24,82;26,93;28,52;29,69;32,52;34,89
20500;Goierri;15,23;12,30;13,60;15,27;13,66;15,02;16,43;16,41;18,26;19,87
01500;Gorbeia Inguruak / Estribaciones del Gorbea;18,49;13,99;14,57;12,56;12,13;11,45;11,48;11,61;9,91;10,37
01600;Kantauri Arabarra / Cantábrica Alavesa;25,72;20,66;23,40;25,30;23,43;23,34;24,71;24,81;27,03;29,32
48600;Markina-Ondarroa;17,74;15,65;16,62;15,73;14,67;18,32;19,74;20,28;22,39;23,01
48700;Plentzia-Mungia;19,94;18,01;20,08;21,82;21,89;22,89;24,47;25,64;26,09;27,00
20600;Tolosaldea / Tolosa;17,59;15,03;16,53;19,40;19,96;19,18;19,20;20,91;22,52;22,65
20700;Urola-Kostaldea / Urola Costa;16,70;14,08;14,32;16,47;15,43;16,71;17,72;18,70;18,78;19,88
"";;;;;;;;;;;
Detalle por municipios;;;;;;;;;;;
Código municipio;Municipio;2023;2022;2021;2020;2019;2018;2017;2016;2015;2014
48001;Abadiño;13,71;13,80;12,54;15,62;14,46;13,72;16,90;17,72;17,88;15,73
20001;Abaltzisketa;0,00;0,00;0,00;0,00;7,19;0,00;0,00;0,00;7,09;0,00
48002;Abanto y Ciérvana-Abanto Zierbena;31,14;24,78;25,24;28,67;26,91;29,84;35,38;39,45;39,84;43,98
20002;Aduna;8,51;4,18;4,35;8,81;4,46;4,50;13,70;22,94;23,36;9,26
20016;Aia;11,80;10,88;13,17;15,54;13,98;9,68;11,60;9,58;10,57;14,74
20003;Aizarnazabal;18,47;18,67;13,26;20,78;15,83;18,62;26,53;18,77;24,06;21,28
48911;Ajangiz;0,00;0,00;0,00;0,00;0,00;0,00;0,00;0,00;4,41;4,50
20004;Albiztur;6,62;6,58;0,00;0,00;0,00;0,00;0,00;0,00;6,80;0,00
20005;Alegia;21,52;16,28;19,93;21,91;26,47;26,19;22,43;25,91;28,14;25,67
01001;Alegría-Dulantzi;23,92;18,11;16,20;19,18;11,80;12,68;12,00;16,32;22,10;21,41
20006;Alkiza;17,24;16,85;11,70;17,05;23,39;23,67;23,39;23,95;17,75;30,12
48912;Alonsotegi;33,22;35,24;41,64;44,88;42,77;40,78;43,57;46,34;45,95;47,91
20906;Altzaga;12,20;11,63;11,11;0,00;0,00;0,00;0,00;31,25;11,24;10,99
20007;Altzo;0,00;0,00;0,00;5,15;10,26;5,49;5,65;17,05;5,78;17,65
20008;Amezketa;24,61;20,18;24,55;24,55;27,21;30,16;25,23;22,94;22,73;27,33
48003;Amorebieta-Etxano;24,21;19,12;19,43;21,30;20,84;21,43;23,53;25,43;26,79;25,72
48004;Amoroto;0,00;5,59;10,70;10,42;14,29;9,71;14,42;14,49;20,00;15,62
01002;Amurrio;26,67;20,96;22,47;24,94;24,95;25,93;27,19;26,25;28,51;29,90
20009;Andoain;24,14;20,96;22,10;22,64;21,49;20,29;22,65;24,46;24,96;24,75
20010;Anoeta;10,68;11,62;16,65;22,44;25,54;25,67;20,96;23,08;26,04;27,48
20011;Antzuola;13,84;10,17;10,24;4,64;3,67;4,51;3,60;2,72;3,62;8,06
48005;Arakaldo;10,42;10,10;11,11;11,24;22,99;11,76;33,71;34,48;23,26;35,71
20012;Arama;0,00;0,00;0,00;9,17;0,00;0,00;9,26;9,43;9,43;9,26
01003;Aramaio;2,91;1,44;2,83;4,17;4,20;4,14;6,84;8,25;6,88;10,77
48006;Arantzazu;10,05;10,31;4,95;9,85;10,70;16,30;16,85;22,10;15,87;21,05
48093;Areatza;16,74;17,16;29,69;30,49;31,75;35,37;38,28;37,10;41,47;43,83
20013;Aretxabaleta;15,94;13,63;15,27;15,48;13,73;14,77;16,26;15,62;12,96;14,54
01006;Armiñón;0,00;0,00;0,00;0,00;0,00;0,00;9,17;8,93;0,00;0,00
01037;Arraia-Maeztu;13,26;5,45;8,29;11,24;9,43;12,27;15,77;18,87;18,99;12,90
48009;Arrankudiaga;11,61;11,93;5,79;11,63;17,51;11,83;15,72;17,75;15,78;11,98
20055;Arrasate/Mondragón;25,36;19,78;19,44;19,57;17,80;23,48;23,67;23,54;24,79;22,86
48914;Arratzu;9,26;8,93;4,46;13,89;18,78;23,36;13,89;14,15;14,22;19,32
01008;Arratzua-Ubarrundia;3,90;1,99;1,99;4,08;8,62;4,24;4,27;4,27;4,22;8,30
48010;Arrieta;3,65;3,61;11,03;10,99;10,71;14,44;11,15;14,81;18,32;10,75
48011;Arrigorriaga;27,34;26,22;28,76;27,81;28,41;30,38;33,11;34,33;35,00;32,85
48023;Artea;18,67;18,57;15,96;13,51;14,41;22,66;25,50;22,66;16,30;21,22
48008;Artzentales;48,57;49,85;40,94;53,10;42,94;39,51;41,92;47,34;58,65;67,85
01004;Artziniega;29,68;23,83;32,73;29,54;18,63;24,87;26,80;24,08;24,52;25,89
01009;Asparrena;20,58;24,39;27,48;31,48;23,72;32,54;34,15;41,72;46,45;48,48
20014;Asteasu;10,75;9,51;14,84;17,64;14,21;13,25;13,48;17,91;21,10;21,13
20903;Astigarraga;11,69;9,70;11,67;14,41;14,17;13,92;13,62;14,12;14,49;16,80
20015;Ataun;7,23;4,90;8,56;9,66;7,13;10,74;10,83;10,94;12,36;13,72
48091;Atxondo;13,18;8,70;14,56;16,03;15,87;15,41;18,18;19,69;21,80;18,71
48070;Aulesti;6,21;3,05;6,10;6,21;8,80;8,90;8,88;8,80;9,17;15,34
01010;Ayala/Aiara;13,11;13,21;14,59;13,14;12,41;10,97;12,41;13,19;11,81;11,76
20017;Azkoitia;18,15;15,87;15,27;16,40;15,57;18,78;19,98;19,50;19,53;19,83
20018;Azpeitia;21,82;17,01;18,12;19,76;18,55;19,04;19,75;21,13;22,01;22,60
01049;Añana;29,41;28,57;29,41;28,99;25,64;25,32;24,10;24,10;12,99;26,67
48012;Bakio;25,84;23,17;22,63;27,42;30,60;27,31;25,46;26,44;28,79;29,09
20904;Baliarrain;13,51;13,89;14,08;28,17;40,00;28,17;28,99;29,41;15,15;14,93
48090;Balmaseda;48,17;43,59;45,23;46,68;46,17;48,19;52,04;51,93;55,43;53,64
48013;Barakaldo;29,29;25,74;29,88;31,09;30,65;31,93;35,33;37,64;41,78;42,82
48014;Barrika;12,85;15,54;12,99;16,88;22,07;20,27;21,65;17,45;21,91;17,77
01013;Barrundia;7,67;4,95;7,19;7,37;2,37;7,23;4,83;4,80;14,74;9,71
48015;Basauri;31,22;27,77;31,71;33,62;32,23;32,69;32,78;34,37;36,19;36,61
01011;Baños de Ebro/Mañueta;14,81;7,35;7,35;7,25;7,35;7,19;14,71;0,00;7,04;6,99
20019;Beasain;14,15;10,00;11,29;11,64;10,01;11,22;13,47;14,98;18,26;19,26
48092;Bedia;22,30;15,71;24,39;19,57;21,28;15,93;23,77;27,57;24,16;25,93
20020;Beizama;62,50;60,61;60,61;51,28;47,62;50,00;45,45;73,17;25,00;71,43
20021;Belauntza;20,27;13,79;21,90;15,15;16,81;8,06;16,95;25,86;35,09;17,09
48016;Berango;17,54;15,77;17,87;24,42;24,58;24,25;26,32;24,29;23,47;23,24
01014;Berantevilla;12,40;12,61;21,93;12,66;21,01;13,33;13,39;13,64;26,79;17,62
20022;Berastegi;3,77;1,92;3,76;3,75;3,92;3,91;5,85;7,71;5,85;3,97
20074;Bergara;18,00;15,38;16,00;13,24;13,51;15,01;15,59;17,11;16,22;16,63
48017;Bermeo;27,93;25,33;28,97;30,74;31,62;33,49;34,45;34,06;39,26;41,20
01016;Bernedo;17,78;9,22;8,44;13,64;14,02;4,83;13,76;9,01;9,76;4,57
48018;Berriatua;15,44;10,54;10,66;10,42;12,22;17,61;8,76;10,56;14,18;14,16
48019;Berriz;18,17;15,38;18,08;18,10;16,39;20,41;22,77;22,37;23,96;26,08
20023;Berrobi;10,87;10,56;10,38;10,31;10,14;16,72;13,29;26,85;28,07;27,49
20024;Bidania-Goiatz;15,33;18,87;16,00;11,76;11,07;14,98;15,38;19,46;20,83;16,19
48020;Bilbao;42,74;38,40;42,11;43,37;42,19;45,50;49,70;51,50;51,65;53,18
48021;Busturia;29,27;25,12;28,20;34,61;36,59;35,58;37,76;38,65;43,37;44,86
01017;Campezo/Kanpezu;16,98;15,33;15,12;11,70;16,19;18,04;20,04;20,28;18,18;17,96
20029;Deba;13,55;9,90;11,36;15,28;13,23;14,74;15,88;18,53;18,48;21,17
48901;Derio;13,52;12,56;14,38;11,95;10,01;10,78;13,04;15,04;12,61;16,84
48026;Dima;16,55;13,72;9,89;9,74;16,78;22,70;21,16;21,13;21,25;20,44
20069;Donostia / San Sebastián;21,97;18,91;19,83;22,31;21,40;22,66;24,35;25,90;25,12;26,58
48027;Durango;20,20;19,09;19,99;20,30;19,36;20,83;23,56;23,47;26,73;24,81
48028;Ea;16,63;9,69;7,46;10,03;12,72;17,46;19,32;24,33;31,10;36,06
20030;Eibar;31,33;25,93;26,42;30,17;26,85;26,30;27,24;28,09;27,89;28,88
48031;Elantxobe;44,69;43,96;50,00;56,82;52,02;50,28;54,95;75,68;68,42;76,53
01021;Elburgo/Burgelu;6,29;3,17;6,54;3,22;3,36;3,50;6,83;6,73;6,73;10,00
01022;Elciego;16,03;17,86;17,79;21,48;11,32;22,60;22,14;22,22;21,07;27,27
20031;Elduain;8,13;8,40;16,26;16,81;8,33;0,00;0,00;0,00;0,00;0,00
20033;Elgeta;14,57;14,84;7,39;7,34;5,58;3,72;9,17;14,63;11,17;9,17
20032;Elgoibar;24,55;19,66;21,22;21,41;20,09;20,90;23,72;25,31;27,44;25,65
48032;Elorrio;11,59;11,42;11,66;12,65;12,12;13,26;15,25;18,07;16,51;18,00
01023;Elvillar/Bilar;17,34;17,86;5,65;11,30;0,00;5,43;10,58;10,58;0,00;5,65
48902;Erandio;29,67;26,00;30,68;36,75;37,38;40,27;42,44;42,25;51,06;47,86
48033;Ereño;0,00;7,75;8,40;16,95;16,00;16,67;16,53;24,19;25,00;8,13
48034;Ermua;22,81;18,78;22,60;23,60;23,05;26,02;27,55;26,65;30,31;28,70
20067;Errenteria;24,42;21,66;25,92;26,76;25,64;25,75;28,97;30,58;31,79;32,24
20066;Errezil;11,54;11,45;3,95;3,77;10,75;10,53;10,49;10,68;11,07;10,83
01046;Erriberagoitia/Ribera Alta;7,94;10,75;2,68;12,85;8,60;11,27;8,47;11,24;19,23;23,56
48079;Errigoiti;21,93;22,22;26,43;13,95;17,70;13,76;9,05;9,01;13,95;9,35
20034;Eskoriatza;15,25;13,47;8,21;5,87;8,79;8,42;6,92;8,40;9,44;12,91
48029;Etxebarri;15,42;13,22;14,67;16,43;14,58;17,77;19,05;23,02;21,90;24,25
48030;Etxebarria;8,77;5,75;11,49;11,43;10,50;12,89;18,32;10,61;8,33;10,99
20035;Ezkio-Itsaso;0,00;0,00;0,00;0,00;0,00;3,40;10,10;6,78;13,61;13,47
48906;Forua;14,00;10,46;10,66;12,88;17,35;21,37;19,15;21,32;19,31;31,78
48035;Fruiz;19,67;10,56;10,64;21,43;28,17;21,98;17,92;14,34;14,65;17,99
20038;Gabiria;8,77;0,00;4,42;13,33;9,13;4,59;0,00;0,00;4,55;4,52
20037;Gaintza;0,00;0,00;0,00;0,00;0,00;0,00;0,00;0,00;19,61;0,00
48036;Galdakao;14,79;11,27;11,01;12,74;11,40;13,56;15,06;15,55;15,76;16,50
48037;Galdames;15,35;17,81;20,46;30,46;24,63;27,23;30,30;37,97;39,16;51,81
48038;Gamiz-Fika;8,72;8,65;7,22;11,61;14,33;18,16;15,38;16,90;10,01;11,71
48039;Garai;5,99;6,10;6,13;6,29;5,95;6,02;12,42;12,50;6,49;12,99
48040;Gatika;18,52;18,45;18,34;13,22;14,49;17,07;19,21;21,35;21,56;18,25
48041;Gautegiz Arteaga;13,67;8,87;11,47;9,28;9,71;12,08;19,23;14,60;19,37;21,33
20907;Gaztelu;12,05;0,00;12,05;0,00;0,00;0,00;0,00;0,00;14,49;14,08
48046;Gernika-Lumo;22,30;19,78;22,91;23,01;23,21;26,40;28,56;31,01;32,79;34,74
20039;Getaria;12,40;7,68;11,16;14,17;13,44;15,51;9,94;11,40;16,63;16,84
48044;Getxo;26,21;23,20;24,03;25,06;25,00;25,40;26,65;26,55;29,19;31,25
48047;Gizaburuaga;10,99;10,75;0,00;0,00;10,64;20,20;20,62;20,83;31,58;39,22
48042;Gordexola;15,64;16,25;18,29;24,24;25,33;31,44;32,89;28,92;32,77;31,18
48043;Gorliz;21,96;16,58;20,37;24,23;23,34;27,09;28,83;28,94;28,96;28,86
48045;Güeñes;39,85;35,63;41,50;41,79;42,91;38,06;43,04;48,19;49,03;46,73
01056;Harana/Valle de Arana;0,00;0,00;0,00;9,52;0,00;0,00;0,00;0,00;0,00;0,00
20040;Hernani;25,22;21,55;23,28;24,22;20,59;21,70;22,48;24,40;24,14;24,36
20041;Hernialde;13,07;13,33;0,00;0,00;0,00;0,00;0,00;0,00;0,00;6,33
20036;Hondarribia;13,41;12,32;11,71;13,52;12,73;12,61;13,05;13,37;16,96;17,96
20042;Ibarra;13,02;10,07;14,43;21,38;22,42;20,90;22,92;22,47;27,67;29,20
48048;Ibarrangelu;11,90;14,49;17,54;30,03;29,80;26,23;23,10;32,57;31,95;28,48
20043;Idiazabal;5,24;5,23;2,62;5,24;5,07;5,08;6,80;11,04;10,43;12,20
48094;Igorre;29,43;24,80;27,53;29,37;28,62;29,89;33,18;30,39;30,15;26,98
20044;Ikaztegieta;37,66;25,64;30,97;30,57;30,04;24,19;24,90;21,01;21,28;25,86
20045;Irun;27,66;24,25;26,39;28,03;26,02;25,39;27,07;28,02;29,35;29,22
20046;Irura;16,67;16,80;17,12;21,74;20,91;19,47;19,25;24,14;19,09;17,79
01027;Iruraiz-Gauna;0,00;3,88;0,00;0,00;0,00;8,26;4,15;8,20;8,23;16,88
01901;Iruña Oka/Iruña de Oca;29,33;23,85;23,54;23,81;12,73;15,86;19,71;21,26;24,06;24,33
48049;Ispaster;5,73;11,11;14,25;16,57;20,11;11,53;17,60;17,75;17,91;29,85
20047;Itsasondo;17,54;12,12;15,43;17,96;8,20;19,44;19,50;13,97;21,21;17,70
48910;Iurreta;21,51;20,78;24,06;23,92;18,86;20,57;24,63;28,37;28,42;29,69
48050;Izurtza;22,99;22,22;11,11;10,31;19,23;18,69;18,18;9,17;18,87;8,62
48022;Karrantza Harana/Valle de Carranza;35,06;30,21;34,64;37,97;40,41;47,55;48,65;47,23;47,44;42,54
48907;Kortezubi;16,88;17,32;17,39;17,39;4,39;4,57;4,55;4,63;4,59;13,10
01019;Kripan;11,11;11,76;11,63;11,63;11,36;11,36;11,36;11,49;11,63;0,00
01020;Kuartango;11,49;6,13;17,05;17,96;6,41;6,71;13,07;19,87;13,51;13,79
01028;Labastida/Bastida;46,48;40,82;42,53;28,61;23,50;27,47;32,26;27,89;29,29;33,15
01030;Lagrán;12,05;11,90;12,05;12,20;12,35;12,82;12,82;24,69;12,20;12,20
01031;Laguardia;14,06;12,68;13,87;15,36;12,61;16,51;17,62;13,72;15,03;14,32
01032;Lanciego/Lantziego;22,54;24,26;27,32;20,65;17,39;23,46;20,47;20,35;17,44;17,49
48051;Lanestosa;23,08;23,62;37,59;38,17;24,39;33,06;24,59;55,56;54,26;37,59
01902;Lantarón;21,58;16,17;18,82;16,79;11,99;12,22;12,22;14,63;12,53;10,05
01033;Lapuebla de Labarca;21,28;16,67;26,19;26,19;21,08;21,08;24,15;21,79;22,11;14,63
48052;Larrabetzu;15,08;14,07;13,26;13,07;9,42;13,17;13,22;13,33;15,09;17,00
20048;Larraul;0,00;0,00;0,00;0,00;0,00;0,00;0,00;0,00;0,00;0,00
20902;Lasarte-Oria;21,76;17,41;16,80;18,40;16,65;15,30;19,48;25,15;26,21;27,69
01036;Laudio/Llodio;27,51;21,59;24,63;26,98;24,92;23,69;24,98;25,94;28,79;32,28
48053;Laukiz;4,62;3,13;3,13;3,07;4,78;5,03;3,34;5,08;6,70;5,14
20049;Lazkao;10,54;7,88;8,30;9,24;8,17;10,11;12,47;12,56;14,10;17,71
20050;Leaburu;33,15;27,78;44,94;28,90;33,52;29,59;28,25;29,07;22,99;23,26
20051;Legazpi;18,28;15,03;15,30;18,15;15,36;15,08;16,10;16,05;15,93;17,01
20052;Legorreta;17,81;18,97;16,53;16,48;16,67;16,57;16,55;17,88;19,20;13,76
01058;Legutio;40,39;27,36;26,12;27,78;20,62;24,59;23,84;22,17;19,46;17,37
20068;Leintz-Gatzaga;10,53;11,90;22,22;21,28;18,87;8,55;8,93;18,02;9,26;8,93
48054;Leioa;30,16;27,53;29,14;29,87;29,07;27,28;27,31;27,34;29,67;31,15
48057;Lekeitio;17,14;14,99;16,57;16,84;15,88;17,72;18,35;21,48;24,73;23,12
48055;Lemoa;32,37;29,76;26,48;23,95;23,77;23,41;24,99;22,31;24,45;21,25
48056;Lemoiz;21,57;17,24;20,34;15,95;15,41;26,13;22,73;29,98;22,41;18,93
01034;Leza;28,85;18,52;9,52;18,69;0,00;0,00;0,00;0,00;0,00;0,00
48081;Lezama;19,69;13,18;13,84;13,92;12,15;11,42;12,93;9,04;5,00;13,13
20053;Lezo;18,41;16,63;18,34;21,17;19,15;17,36;19,56;20,15;19,86;25,61
20054;Lizartza;21,41;13,07;22,80;19,74;22,95;26,23;23,03;26,67;33,90;20,07
48903;Loiu;10,00;8,16;6,33;5,56;7,94;7,80;13,70;12,91;14,02;9,48
48058;Mallabia;6,94;5,17;8,40;11,90;8,59;6,96;8,62;5,14;5,12;9,88
48060;Markina-Xemein;17,59;13,35;13,81;11,36;7,70;14,87;14,26;14,30;17,60;19,81
48061;Maruri-Jatabe;3,91;1,97;4,01;4,25;8,87;11,01;11,16;13,33;13,16;10,89
48059;Mañaria;20,24;15,75;19,84;11,86;11,41;7,91;24,10;20,16;8,23;16,26
20901;Mendaro;27,14;22,16;16,31;19,37;12,38;16,82;16,89;19,89;27,03;22,98
48062;Mendata;0,00;0,00;4,81;5,00;0,00;0,00;0,00;5,18;10,20;10,47
48063;Mendexa;9,39;4,65;9,30;4,55;4,20;8,16;8,40;12,45;21,55;21,74
48064;Meñaka;0,00;0,00;0,00;0,00;2,95;2,89;5,92;8,70;5,73;17,29
01039;Moreda de Álava / Moreda Araba;8,62;8,77;8,40;8,47;15,62;7,41;14,60;22,73;16,26;16,13
48066;Morga;28,57;14,42;32,71;24,15;15,79;15,54;29,85;25,13;24,39;19,61
48068;Mundaka;15,69;14,61;13,39;16,38;16,48;14,54;21,92;22,73;22,47;28,57
48069;Mungia;24,19;21,77;23,26;25,75;24,27;27,30;30,18;32,25;30,49;31,45
48007;Munitibar-Arbatzegi Gerrikaitz-;14,56;18,60;9,17;8,85;5,03;10,00;19,90;9,95;19,05;14,22
48908;Murueta;0,00;6,13;6,45;12,82;6,29;18,75;19,11;12,90;0,00;13,70
48071;Muskiz;24,26;23,85;28,20;29,92;35,03;37,25;42,54;44,81;45,44;50,30
20057;Mutiloa;8,62;0,00;0,00;0,00;0,00;0,00;0,00;17,86;0,00;0,00
20056;Mutriku;20,44;16,98;15,89;18,94;17,46;18,24;19,02;18,98;19,79;22,21
48067;Muxika;6,92;5,61;5,65;5,77;6,89;4,12;8,36;8,36;8,52;14,10
48909;Nabarniz;21,13;21,74;21,90;14,08;16,00;31,25;15,75;15,50;15,38;16,67
01041;Navaridas;10,10;9,90;30,93;30,30;12,20;0,00;22,73;11,24;10,64;10,53
20063;Oiartzun;12,36;8,95;13,66;15,78;14,33;14,77;16,19;17,83;18,70;16,52
01042;Okondo;12,68;16,16;18,25;25,04;21,05;22,69;25,09;23,51;27,27;25,59
20058;Olaberria;17,58;9,01;9,03;8,68;6,79;9,03;11,44;11,55;8,91;11,24
48073;Ondarroa;23,47;21,70;22,29;20,88;19,54;24,73;27,85;27,65;27,74;27,84
20076;Ordizia;19,14;16,05;16,55;17,74;15,88;16,77;18,89;18,61;19,27;22,75
20905;Orendain;8,00;8,00;7,81;8,62;8,85;9,71;9,71;30,61;10,42;0,00
20060;Orexa;0,00;0,00;0,00;0,00;0,00;0,00;0,00;0,00;0,00;0,00
20061;Orio;19,24;16,39;16,93;20,04;18,09;21,91;22,97;22,06;18,47;21,78
20062;Ormaiztegi;7,92;4,91;11,24;12,68;12,48;13,85;13,72;12,31;12,38;14,06
48075;Orozko;19,79;18,94;18,73;20,22;18,05;21,12;18,81;21,12;22,49;26,28
48083;Ortuella;37,08;32,59;33,89;31,45;36,41;41,08;45,92;51,31;49,00;53,11
48072;Otxandio;39,57;18,78;24,81;21,24;17,86;25,56;30,26;31,77;39,25;41,53
01043;Oyón-Oion;26,55;26,78;32,53;35,31;35,34;38,86;44,38;40,52;33,67;37,66
20059;Oñati;12,19;10,63;10,72;9,32;8,04;9,20;9,08;11,50;10,87;10,07
20064;Pasaia;33,48;32,13;34,84;35,59;32,64;36,55;38,88;37,54;41,40;41,49
01044;Peñacerrada-Urizaharra;0,00;0,00;0,00;0,00;8,33;0,00;0,00;8,55;8,55;8,70
48077;Plentzia;18,57;17,84;19,67;22,38;22,14;22,41;25,60;26,69;26,46;29,32
48078;Portugalete;31,30;25,95;29,00;31,69;29,38;31,67;35,60;36,01;36,08;37,68
01047;Ribera Baja/Erribera Beitia;11,90;10,67;9,49;5,37;3,98;9,43;12,21;18,03;14,49;11,53
01051;Salvatierra/Agurain;33,18;23,36;29,79;28,32;22,95;24,42;25,01;32,14;42,35;38,57
01052;Samaniego;29,20;13,79;13,61;6,76;16,53;26,79;8,70;8,62;7,58;7,69
01053;San Millán/Donemiliaga;3,03;2,97;3,02;3,03;3,15;3,12;3,17;0,00;0,00;3,08
48082;Santurtzi;42,57;38,73;44,66;46,88;44,57;46,01;46,66;48,53;46,69;48,05
20070;Segura;6,96;5,48;5,41;10,90;6,57;6,66;2,70;1,35;4,10;4,08
48084;Sestao;39,69;37,00;41,93;40,23;42,21;46,82;57,95;63,85;61,99;58,21
48904;Sondika;16,46;13,19;16,22;15,35;12,25;12,77;15,38;15,04;10,75;14,14
48085;Sopela;21,04;19,59;22,48;23,22;23,93;21,37;23,08;22,85;27,10;29,70
48086;Sopuerta;17,37;18,33;19,15;20,27;23,02;28,82;30,98;36,16;37,15;32,74
20065;Soraluze-Placencia de las Armas;39,18;31,22;28,99;37,10;34,54;37,77;39,55;41,39;47,97;44,72
48076;Sukarrieta;11,30;5,81;5,92;12,20;24,10;41,67;29,94;29,76;23,26;22,86
20071;Tolosa;20,38;16,96;16,56;19,81;20,08;19,56;20,07;21,84;23,57;23,89
48087;Trucios-Turtzioz;42,80;34,62;42,64;47,62;46,69;60,00;59,29;51,38;38,91;39,84
48088;Ubide;35,71;11,24;25,97;26,32;25,00;24,39;22,73;22,22;35,71;22,73
48065;Ugao-Miraballes;20,06;19,04;18,31;20,73;19,69;27,20;25,62;24,67;22,69;22,07
48089;Urduliz;14,72;14,72;19,39;18,55;16,63;16,68;17,60;20,73;22,42;22,70
48074;Urduña/Orduña;38,42;36,65;38,79;41,54;36,21;36,56;40,86;44,12;44,73;41,48
01054;Urkabustaiz;39,16;33,00;33,48;23,15;24,82;22,16;21,02;19,82;15,38;14,42
20072;Urnieta;16,65;15,50;15,93;15,27;10,93;11,57;14,76;16,73;18,51;18,86
20077;Urretxu;17,08;14,81;18,03;19,46;18,46;19,71;20,70;19,11;19,42;21,26
20073;Usurbil;17,17;13,26;11,39;15,04;12,55;11,89;12,91;16,12;17,29;16,94
01055;Valdegovía/Gaubea;22,86;17,61;18,55;21,48;18,63;10,50;12,45;4,28;6,33;14,61
48080;Valle de Trápaga-Trapagaran;22,85;20,05;21,59;24,09;24,85;29,37;37,44;39,40;39,43;42,85
20075;Villabona;21,32;19,86;23,38;25,75;24,48;22,22;21,10;23,19;23,44;25,66
01057;Villabuena de Álava/Eskuernaga;7,04;7,14;14,29;7,04;7,25;6,58;13,07;19,87;0,00;6,76
01059;Vitoria-Gasteiz;35,39;30,38;32,52;31,92;28,65;28,89;30,58;32,18;31,81;32,27
01060;Yécora/Iekora;0,00;0,00;0,00;0,00;0,00;0,00;0,00;0,00;0,00;0,00
48095;Zaldibar;22,52;22,16;22,67;16,48;19,19;19,72;19,08;21,05;24,17;24,93
20078;Zaldibia;5,90;5,90;4,91;2,50;9,76;14,93;15,02;11,64;14,78;16,09
01061;Zalduondo;0,00;0,00;0,00;0,00;0,00;0,00;0,00;0,00;0,00;21,05
48096;Zalla;34,38;29,83;34,45;37,53;36,78;37,84;40,69;44,75;43,43;42,54
01062;Zambrana;19,23;20,30;24,75;9,71;18,60;19,80;5,00;15,23;26,04;30,61
48905;Zamudio;19,20;17,35;19,91;21,01;21,06;13,97;20,52;22,51;22,05;23,34
48097;Zaratamo;28,08;24,42;28,81;27,32;22,46;26,60;27,54;33,53;27,88;24,21
20079;Zarautz;12,45;11,31;11,36;13,18;12,07;13,38;14,20;16,10;14,98;16,22
48024;Zeanuri;19,20;12,78;14,24;14,59;11,61;13,27;11,51;11,48;8,17;11,29
48025;Zeberio;16,54;22,06;22,26;30,13;23,94;20,72;22,56;28,25;26,12;20,41
20025;Zegama;4,09;5,39;6,70;7,99;4,09;5,49;9,67;5,55;7,05;9,78
20026;Zerain;6,71;0,00;0,00;0,00;0,00;6,99;14,39;21,74;14,39;14,60
20027;Zestoa;26,47;23,72;23,46;23,84;20,99;22,95;24,10;26,45;26,48;29,51
48913;Zierbena;15,83;12,84;10,04;22,60;16,74;22,73;20,00;21,31;15,76;17,22
01018;Zigoitia;5,80;5,88;7,08;2,37;5,08;2,53;2,54;2,54;1,25;4,89
48915;Ziortza-Bolibar;5,15;10,47;10,31;10,05;14,63;4,69;13,64;8,97;4,61;13,89
20028;Zizurkil;12,52;10,42;12,42;16,55;18,46;18,46;19,88;15,37;20,42;21,86
01063;Zuia;5,19;4,41;6,22;6,29;7,86;6,11;6,05;7,81;7,92;6,92
20081;Zumaia;14,37;11,21;11,08;15,52;15,71;14,90;17,86;19,33;21,75;21,85
20080;Zumarraga;22,46;19,96;22,69;26,47;24,65;26,50;26,71;25,74;30,77;31,59
