Indicadores municipales de sostenibilidad: Población de 45 y más años parada registrada en Lanbide (% población de 45 y 64 años);;;;;;;;;;;;;;;;;;;;;;
"";;;;;;;;;;;;;;;;;;;;;;
Resumen de datos;;;;;;;;;;;;;;;;;;;;;;
Entidad;;2023;2022;2021;2020;2019;2018;2017;2016;2015;2014;2013;2012;2011;2010;2009;2008;2007;2006;2005;2004;2003
Araba/Álava;;9,09;9,34;9,65;10,06;9,23;9,59;10,14;10,74;11,55;12,17;12,00;11,03;9,20;8,56;7,84;6,25;5,21;5,28;5,43;4,63;4,57
Bizkaia;;9,38;9,65;9,79;10,39;9,52;10,13;10,47;10,86;11,66;12,24;12,17;11,49;9,90;9,16;8,19;6,80;5,77;5,76;6,28;5,35;5,31
CAE;;8,64;8,83;8,96;9,48;8,73;9,29;9,68;10,14;10,94;11,59;11,54;10,92;9,39;8,86;8,05;6,59;5,59;5,60;5,86;4,93;4,91
Gipuzkoa;;6,98;7,25;7,29;7,70;7,20;7,77;8,15;8,66;9,48;10,25;10,26;9,91;8,62;8,50;7,92;6,38;5,48;5,48;5,36;4,38;4,39
"";;;;;;;;;;;;;;;;;;;;;;
Detalle por comarcas;;;;;;;;;;;;;;;;;;;;;;
Código comarca;Comarca;2023;2022;2021;2020;2019;2018;2017;2016;2015;2014;2013;2012;2011;2010;2009;2008;2007;2006;2005;2004;2003
01100;Arabako Ibarrak / Valles Alaveses;5,73;6,07;5,50;5,84;5,43;5,61;5,51;5,85;5,83;6,73;6,91;6,57;4,99;4,21;4,24;2,99;2,14;1,66;1,91;1,49;1,36
01200;Arabako Lautada / Llanada Alavesa;9,34;9,66;9,98;10,44;9,54;10,02;10,61;11,14;12,04;12,69;12,54;11,57;9,64;9,10;8,40;6,68;5,60;5,66;5,73;4,81;4,71
01300;Arabako Mendialdea / Montaña Alavesa;4,93;4,42;4,36;5,06;4,00;4,73;5,21;5,85;5,56;6,84;7,89;8,77;7,11;6,51;4,05;3,08;3,23;3,20;2,94;2,58;2,40
48100;Arratia Nerbioi / Arratia-Nervión;5,57;5,92;6,05;6,24;6,31;7,66;7,00;7,60;8,64;9,34;9,42;9,29;8,19;7,17;6,53;5,50;4,38;4,26;4,40;4,24;4,72
20200;Bidasoa Beherea / Bajo Bidasoa;8,66;8,74;8,96;9,24;8,79;9,25;9,74;10,46;11,49;12,31;12,18;12,04;10,93;10,59;10,16;8,99;8,15;8,04;7,60;5,80;6,01
48200;Bilbo Handia / Gran Bilbao;10,16;10,39;10,52;11,18;10,23;10,90;11,32;11,68;12,53;13,10;12,97;12,29;10,67;9,84;8,71;7,31;6,27;6,32;6,90;5,98;5,94
20100;Deba Beherea / Bajo Deba;8,37;8,26;8,34;8,56;8,31;9,08;9,27;9,97;10,74;11,37;11,09;10,85;9,66;9,29;8,60;6,58;5,51;5,40;5,59;3,63;3,70
20300;Debagoiena / Alto Deba;6,56;6,72;6,55;6,69;6,37;6,89;6,91;7,68;8,36;8,58;8,26;8,19;6,91;7,10;7,31;5,14;4,02;3,72;3,40;2,41;1,55
20400;Donostialdea / Donostia-San Sebastián;7,00;7,37;7,49;7,96;7,33;7,96;8,41;8,78;9,53;10,33;10,58;10,10;8,76;8,67;8,01;6,60;5,76;5,88;5,79;4,94;5,12
48300;Durangaldea / Duranguesado;7,04;7,35;7,48;7,76;7,13;7,16;7,43;7,79;8,55;9,43;9,60;8,78;7,09;6,94;6,75;4,57;3,45;3,34;3,59;2,68;2,85
48400;Enkartazioak / Encartaciones;9,71;9,87;10,09;10,80;10,44;11,43;11,52;12,06;13,22;13,50;13,35;12,37;10,09;8,45;7,25;6,18;5,47;4,53;4,48;3,98;3,85
01400;Errioxa Arabarra / Rioja Alavesa;7,08;7,18;7,56;7,94;7,11;8,72;8,42;8,89;9,62;10,11;9,56;8,68;6,86;5,45;5,19;4,25;2,61;2,49;2,50;2,49;2,73
48500;Gernika-Bermeo;7,22;7,34;7,70;8,03;7,30;7,57;7,70;8,35;8,80;9,38;9,81;8,52;7,39;6,48;6,40;5,55;4,43;4,15;4,61;3,17;2,73
20500;Goierri;6,17;6,42;6,13;6,17;5,98;6,11;6,42;6,97;7,42;8,40;8,10;8,18;7,32;7,30;6,41;4,82;3,44;3,31;3,27;3,24;3,37
01500;Gorbeia Inguruak / Estribaciones del Gorbea;5,05;5,15;5,34;5,56;4,68;5,28;4,18;5,22;5,51;5,75;5,88;5,83;5,52;5,71;3,91;3,63;2,28;2,71;2,72;2,59;2,70
01600;Kantauri Arabarra / Cantábrica Alavesa;10,26;10,05;10,62;10,69;10,28;9,29;10,44;11,46;12,09;12,56;12,12;10,41;8,85;7,51;6,77;5,33;4,71;4,86;5,59;5,14;5,20
48600;Markina-Ondarroa;5,50;6,37;6,28;6,64;5,66;6,28;6,29;6,03;6,52;7,38;7,39;7,37;5,84;5,77;5,50;4,93;3,50;3,60;4,18;2,88;2,79
48700;Plentzia-Mungia;7,21;7,57;7,76;8,31;7,51;7,78;7,92;8,69;8,83;9,06;8,88;8,38;7,30;7,22;6,35;5,34;4,60;4,57;4,85;3,73;3,71
20600;Tolosaldea / Tolosa;6,11;6,51;6,41;7,23;6,80;7,63;8,32;8,84;9,80;10,87;10,49;10,22;8,76;8,82;7,78;6,42;5,97;6,15;5,81;4,51;4,38
20700;Urola-Kostaldea / Urola Costa;5,81;6,11;6,15;6,78;6,16;6,76;6,98;7,56;8,83;9,66;9,74;9,02;7,33;7,07;6,61;4,87;4,10;4,01;4,04;3,52;3,30
"";;;;;;;;;;;;;;;;;;;;;;
Detalle por municipios;;;;;;;;;;;;;;;;;;;;;;
Código municipio;Municipio;2023;2022;2021;2020;2019;2018;2017;2016;2015;2014;2013;2012;2011;2010;2009;2008;2007;2006;2005;2004;2003
48001;Abadiño;6,86;7,26;7,45;8,03;6,16;6,38;6,28;6,65;7,63;8,89;9,40;7,74;6,04;6,25;6,27;4,73;3,32;2,81;3,33;1,94;2,04
20001;Abaltzisketa;1,69;0,85;1,82;7,62;2,75;4,59;6,54;3,96;4,17;4,30;7,61;11,46;6,32;2,22;3,70;2,53;2,56;2,70;1,41;1,37;2,78
48002;Abanto y Ciérvana-Abanto Zierbena;10,46;9,66;9,48;11,22;10,50;10,58;10,71;11,36;12,78;12,43;12,93;11,98;10,84;8,79;8,41;6,38;5,20;5,49;7,13;5,54;4,41
20002;Aduna;2,44;2,65;0,70;1,50;3,20;3,82;6,20;7,09;10,83;9,02;9,45;9,09;5,41;4,67;5,15;3,45;4,65;3,57;3,61;2,41;4,00
20016;Aia;4,85;4,54;4,39;4,81;3,96;4,63;5,30;5,03;6,02;6,51;6,37;5,63;4,83;6,31;5,06;5,31;3,93;3,58;3,79;2,70;2,73
20003;Aizarnazabal;9,83;10,36;8,61;14,22;9,00;14,43;12,12;13,40;13,79;14,14;16,84;20,32;17,88;10,11;8,82;5,81;5,78;3,51;2,42;3,87;1,84
48911;Ajangiz;2,13;4,14;2,94;4,35;2,07;1,46;2,08;4,08;4,00;1,30;2,58;3,33;1,37;2,76;5,80;4,38;0,73;1,49;2,40;3,48;0,00
20004;Albiztur;1,94;0,00;0,00;0,00;1,16;0,00;1,22;4,82;2,50;5,06;9,33;3,70;2,60;1,37;1,39;0,00;2,56;2,35;1,43;1,47;2,90
20005;Alegia;6,23;5,59;6,53;8,50;7,41;8,96;8,74;7,76;12,27;12,22;11,91;9,81;11,37;11,67;10,09;7,24;7,09;6,62;5,58;4,51;4,72
01001;Alegría-Dulantzi;8,52;8,20;8,59;7,39;5,70;8,37;7,21;8,71;9,62;9,38;10,00;10,29;7,31;5,99;6,69;4,31;2,92;1,38;2,01;1,96;3,55
20006;Alkiza;6,80;6,00;8,79;10,31;5,43;6,25;4,40;9,78;11,24;8,89;10,75;6,74;3,33;3,41;6,67;6,98;3,53;2,47;2,50;5,41;1,49
48912;Alonsotegi;11,52;13,42;12,13;11,85;9,90;13,01;12,56;13,27;14,61;15,61;15,27;14,77;13,31;10,94;9,25;9,04;7,32;6,68;7,24;6,06;4,11
20906;Altzaga;1,67;0,00;5,08;3,85;3,57;4,00;1,96;6,82;4,65;7,32;4,44;2,63;5,56;2,78;0,00;3,12;3,03;0,00;0,00;0,00;0,00
20007;Altzo;5,98;4,88;4,92;4,62;8,46;5,26;6,67;6,09;7,41;11,71;15,74;14,53;13,51;11,93;7,77;4,76;3,03;4,17;6,98;5,26;2,70
20008;Amezketa;5,99;6,48;8,52;6,67;8,16;7,22;8,03;5,99;9,34;8,46;7,34;4,65;4,10;3,08;5,38;4,76;2,36;0,81;1,23;2,09;1,31
48003;Amorebieta-Etxano;6,72;6,74;7,46;7,50;6,74;6,97;6,81;7,84;8,54;9,38;9,59;8,73;6,59;6,90;6,74;4,86;3,05;3,11;3,25;2,75;2,66
48004;Amoroto;4,92;3,12;4,62;2,22;2,99;3,62;5,19;2,31;1,57;2,46;1,71;1,59;0,81;0,00;1,63;2,40;1,75;3,54;6,48;3,00;2,41
01002;Amurrio;12,68;11,73;12,72;12,13;12,18;9,60;11,04;12,25;12,54;13,17;12,64;11,16;9,36;8,00;7,10;4,93;4,67;4,34;4,83;4,68;4,27
20009;Andoain;7,24;7,12;7,68;8,15;7,21;7,89;8,89;9,48;10,98;11,67;11,70;11,34;10,03;10,49;9,56;7,38;6,70;6,09;5,86;4,87;4,91
20010;Anoeta;6,91;7,41;6,96;6,67;8,13;8,90;8,99;10,58;9,06;12,19;10,47;10,91;10,43;8,69;7,84;7,51;6,80;7,39;6,79;4,84;5,26
20011;Antzuola;4,51;6,31;4,28;3,91;4,58;4,67;4,86;5,66;6,06;7,09;7,45;7,05;6,59;7,61;7,55;5,71;3,86;3,13;3,24;2,10;1,11
48005;Arakaldo;7,89;8,96;9,09;11,11;18,97;9,09;8,33;12,77;11,36;10,26;9,09;3,70;13,04;0,00;5,56;0,00;0,00;6,67;5,88;6,67;6,67
20012;Arama;1,39;2,78;0,00;4,55;6,06;7,69;9,84;5,08;10,34;7,41;3,85;5,56;2,00;3,85;3,57;4,08;4,26;2,13;0,00;0,00;0,00
01003;Aramaio;0,21;1,27;2,02;2,65;2,70;3,12;1,84;2,27;2,69;2,28;2,30;2,14;1,94;3,43;3,19;3,31;2,27;1,68;2,23;1,51;1,57
48006;Arantzazu;8,80;7,83;9,60;8,53;8,04;6,73;5,45;7,00;3,85;7,62;6,31;2,83;3,96;1,98;5,49;2,30;1,19;3,66;4,88;2,63;1,35
48093;Areatza;8,63;7,09;7,22;4,74;7,90;7,78;5,56;6,76;10,91;11,31;11,75;9,42;8,59;5,86;5,17;4,14;4,74;3,26;1,87;2,22;1,18
20013;Aretxabaleta;4,29;3,97;4,58;4,66;5,23;6,28;6,34;6,45;6,78;7,48;6,96;7,22;6,90;6,81;7,54;5,41;4,65;3,77;3,29;1,70;0,92
01006;Armiñón;7,61;7,87;9,68;11,96;7,69;3,61;4,23;12,82;9,68;10,34;8,33;5,17;5,45;8,33;4,44;2,33;4,65;4,76;6,06;3,33;4,00
01037;Arraia-Maeztu;5,54;4,28;2,34;4,44;3,36;6,49;6,42;6,76;5,02;8,21;10,45;10,73;7,84;8,61;6,22;5,31;3,92;4,37;4,48;2,88;3,50
48009;Arrankudiaga;7,45;8,82;7,56;7,43;7,27;5,78;6,67;7,00;6,06;6,69;8,77;10,34;7,09;7,89;8,33;7,66;4,37;3,90;6,36;5,14;3,85
20055;Arrasate/Mondragón;8,63;8,71;8,56;8,35;7,82;8,45;8,17;9,30;10,16;9,96;9,19;8,65;7,51;8,16;8,78;5,77;4,28;3,91;3,84;2,80;2,13
48914;Arratzu;5,13;4,35;4,27;3,48;2,48;2,46;4,65;3,01;3,05;3,23;1,59;1,56;0,00;2,48;5,17;4,50;0,92;1,89;1,92;0,97;2,04
01008;Arratzua-Ubarrundia;5,03;5,41;5,19;4,42;5,07;5,54;5,01;3,16;3,40;3,94;4,44;5,61;5,48;5,18;4,40;4,85;3,64;3,78;3,57;3,50;3,60
48010;Arrieta;5,99;4,63;6,48;4,21;5,21;6,19;5,50;5,37;5,69;5,34;8,54;5,98;3,76;5,75;7,45;5,23;2,70;3,52;2,26;1,59;3,45
48011;Arrigorriaga;8,49;8,17;8,06;9,10;8,08;8,68;9,79;10,50;12,24;12,10;12,87;12,53;11,19;10,61;9,49;8,36;6,79;6,25;6,71;6,27;6,18
48023;Artea;6,64;6,91;7,11;8,54;7,36;7,24;9,01;7,83;10,13;9,83;6,70;7,89;5,63;5,38;4,17;4,21;4,83;4,71;2,20;3,39;4,35
48008;Artzentales;9,47;8,68;7,91;10,04;10,61;11,15;11,11;12,85;14,01;11,37;13,44;11,03;7,91;8,51;7,52;6,25;6,36;6,73;5,85;6,25;8,24
01004;Artziniega;8,42;7,84;8,09;7,92;7,81;9,86;7,89;10,22;10,91;9,19;9,93;10,67;8,81;8,27;7,74;6,75;6,56;5,39;4,51;3,95;4,39
01009;Asparrena;5,57;7,94;8,42;8,21;8,06;7,49;8,20;9,35;9,78;10,71;9,68;9,23;6,73;4,20;3,33;2,33;2,03;3,18;4,28;2,76;1,73
20014;Asteasu;3,99;4,31;4,17;4,82;3,55;3,60;5,17;4,93;5,42;5,62;6,74;7,08;5,13;4,00;4,50;4,14;3,81;3,19;3,21;2,00;2,64
20903;Astigarraga;5,27;6,03;6,68;6,25;6,65;7,14;8,04;7,71;8,96;8,77;9,89;8,97;7,47;6,08;6,41;4,78;4,70;5,09;4,85;3,23;3,43
20015;Ataun;4,73;5,13;3,97;3,87;3,92;5,10;4,58;6,40;4,90;5,23;5,01;4,98;4,59;4,63;4,15;2,23;1,51;1,28;1,02;0,98;1,22
48091;Atxondo;4,74;4,99;4,85;6,25;6,20;4,90;4,72;5,99;5,39;8,37;7,61;7,06;7,16;6,03;5,53;2,60;2,67;3,00;2,63;1,25;1,32
48070;Aulesti;5,46;5,49;3,02;2,67;2,42;3,54;4,41;2,49;5,21;5,05;5,85;10,16;4,89;3,98;3,61;1,30;0,65;1,27;1,27;0,62;1,90
01010;Ayala/Aiara;6,70;6,73;7,42;7,83;7,56;8,08;7,95;7,00;8,16;7,70;7,73;7,93;6,49;5,88;4,43;2,61;2,98;2,83;5,34;3,66;3,80
20017;Azkoitia;6,20;7,16;6,69;7,12;6,91;7,83;8,21;8,71;10,01;10,74;10,68;9,64;7,79;7,60;6,77;4,19;3,52;3,14;3,46;3,54;3,24
20018;Azpeitia;5,89;5,89;5,54;5,99;6,21;6,66;6,75;7,33;8,95;11,22;11,10;9,78;7,03;6,70;6,27;4,73;3,52;3,11;3,26;3,30;2,98
01049;Añana;3,33;3,33;1,39;5,80;5,71;5,97;1,47;6,67;3,39;8,62;8,62;1,75;1,82;1,82;2,04;0,00;0,00;0,00;0,00;2,38;0,00
48012;Bakio;6,42;6,46;7,34;7,85;7,91;6,63;8,48;8,94;9,14;7,36;6,61;6,01;5,97;5,30;6,24;5,21;3,50;4,24;3,17;2,19;1,95
20904;Baliarrain;4,35;5,26;2,50;7,89;2,94;6,06;6,90;7,69;7,69;6,90;7,41;10,00;11,11;10,71;6,67;3,45;0,00;3,45;3,57;0,00;0,00
48090;Balmaseda;11,28;11,90;12,12;13,11;12,10;13,86;13,31;14,38;15,38;15,73;14,86;14,20;12,47;10,47;8,36;5,61;4,38;4,88;5,17;4,36;3,74
48013;Barakaldo;10,24;10,71;10,92;11,51;10,70;11,65;12,41;12,79;13,71;14,46;14,41;13,74;11,52;10,36;8,69;7,05;5,99;6,34;6,72;6,04;6,12
48014;Barrika;7,53;9,18;8,72;9,11;9,16;10,06;10,27;10,81;9,52;10,18;7,89;8,96;8,76;5,81;6,82;4,69;4,36;3,48;2,71;2,41;1,69
01013;Barrundia;3,44;3,57;3,72;3,11;4,17;2,79;3,87;4,29;5,75;5,92;7,27;6,81;4,70;4,76;2,43;1,89;1,24;1,70;0,46;0,94;1,60
48015;Basauri;10,87;11,03;11,27;11,97;11,21;11,35;11,61;12,86;13,52;14,46;14,25;13,35;11,51;10,91;9,79;7,91;6,74;6,80;7,02;5,63;5,84
01011;Baños de Ebro/Mañueta;3,85;3,25;4,03;2,75;2,61;1,89;3,00;1,98;2,00;2,94;2,94;3,00;0,00;0,00;1,10;1,08;1,05;0,00;0,00;0,00;1,30
20019;Beasain;6,42;6,59;5,75;5,84;5,64;6,11;6,12;6,36;7,36;8,51;7,79;8,26;7,52;6,84;6,84;5,19;3,78;3,29;3,66;3,03;3,00
48092;Bedia;6,91;6,79;7,61;6,72;7,78;7,54;6,87;7,21;8,11;9,97;9,90;9,57;6,42;6,81;7,25;5,51;3,97;4,08;2,52;4,02;2,88
20020;Beizama;4,44;6,98;4,88;7,32;2,04;11,63;4,26;9,30;7,50;5,41;14,71;12,50;5,00;2,78;3,03;0,00;0,00;0,00;2,44;0,00;0,00
20021;Belauntza;2,30;5,13;4,71;3,75;3,90;3,90;3,70;4,88;4,65;11,90;11,70;13,19;13,04;7,78;6,52;5,62;5,15;4,21;6,38;4,21;3,16
48016;Berango;5,43;6,93;6,84;8,32;6,95;6,77;6,49;7,60;7,70;8,43;9,31;8,06;7,45;6,78;5,74;4,08;4,32;3,89;4,87;3,90;3,30
01014;Berantevilla;4,71;6,67;6,41;4,52;5,84;5,74;7,26;3,97;4,76;4,72;3,82;3,31;3,10;2,31;3,79;1,61;1,59;1,71;1,71;0,00;1,82
20022;Berastegi;4,13;3,87;4,15;5,11;5,94;5,39;6,59;6,38;6,44;7,69;7,17;5,35;2,89;3,74;2,82;3,72;3,68;4,53;3,09;0,77;0,84
20074;Bergara;6,28;5,96;6,07;6,39;6,16;6,66;6,89;7,44;8,56;8,72;8,70;8,96;7,60;6,76;6,36;4,66;4,11;4,14;3,75;2,88;1,39
48017;Bermeo;7,79;7,87;8,25;8,50;7,72;8,48;7,82;8,73;8,14;9,05;9,72;8,96;7,62;6,40;5,46;5,08;4,04;3,20;3,89;2,90;2,30
01016;Bernedo;5,05;4,83;6,16;5,73;3,65;3,83;2,89;4,76;5,49;2,47;2,35;2,38;3,39;3,51;0,56;1,06;2,23;1,74;2,31;2,50;1,95
48018;Berriatua;4,86;5,54;3,95;3,95;3,11;5,01;5,47;5,23;6,21;6,82;6,65;7,89;6,54;7,37;7,98;5,36;4,76;4,33;3,39;3,86;1,78
48019;Berriz;6,56;6,60;6,57;6,83;6,22;6,77;7,48;7,85;7,75;9,53;9,14;7,35;6,32;6,40;5,03;3,95;2,67;2,53;1,93;2,13;2,10
20023;Berrobi;5,03;3,43;5,71;9,30;6,43;8,93;8,14;11,38;9,30;9,04;7,84;7,91;5,56;8,33;8,06;8,21;6,35;3,88;2,29;3,70;3,03
20024;Bidania-Goiatz;5,39;5,99;4,14;4,71;4,95;2,82;2,38;4,38;5,33;6,67;5,59;7,59;2,76;2,17;1,54;1,67;5,31;2,80;3,60;0,92;0,92
48020;Bilbao;11,12;11,39;11,53;12,19;11,08;11,78;12,18;12,51;13,37;13,96;13,72;12,91;11,38;10,67;9,42;8,03;6,94;6,90;7,34;6,36;6,35
48021;Busturia;8,08;6,37;5,74;7,83;6,09;7,84;7,07;7,39;9,90;11,04;11,18;8,23;7,72;6,60;6,60;5,03;3,62;5,16;6,38;2,75;3,11
01017;Campezo/Kanpezu;5,45;5,11;5,91;6,72;5,23;5,54;7,29;7,42;7,39;9,74;10,76;12,97;10,29;7,69;4,92;3,82;4,59;3,73;3,34;3,48;2,43
20029;Deba;6,10;5,62;6,19;7,08;6,57;6,68;6,46;8,32;8,49;9,69;9,77;9,29;7,42;6,99;7,46;5,08;3,92;4,15;4,05;2,77;2,88
48901;Derio;5,62;6,50;6,31;6,58;6,09;7,34;8,35;8,30;8,64;9,05;8,49;7,62;6,75;5,61;5,93;4,03;4,08;3,43;4,78;3,96;2,90
48026;Dima;4,97;6,68;6,59;5,80;6,02;6,65;7,32;7,85;6,88;6,16;5,01;5,57;4,30;5,84;5,16;3,95;2,74;2,56;2,15;0,96;2,09
20069;Donostia / San Sebastián;7,09;7,48;7,59;8,05;7,30;7,97;8,30;8,45;9,06;9,83;10,11;9,55;8,21;8,08;7,44;6,27;5,48;5,57;5,45;4,68;4,94
48027;Durango;7,28;7,79;7,61;8,09;7,47;7,12;7,96;7,53;8,29;8,83;9,28;8,44;6,37;5,98;5,87;4,16;3,48;3,05;3,42;2,58;2,72
48028;Ea;8,06;7,84;7,02;7,17;5,02;6,57;5,41;8,19;6,94;6,29;8,07;5,88;5,78;5,02;4,10;4,50;5,09;4,10;5,04;3,89;2,73
20030;Eibar;10,10;9,87;9,79;9,80;9,78;10,37;10,76;11,54;12,26;12,99;12,58;12,27;10,87;10,30;9,56;7,61;6,43;6,20;6,36;3,90;4,12
48031;Elantxobe;7,34;3,85;11,21;9,35;7,08;7,63;5,17;5,56;3,54;3,45;5,88;4,92;3,28;6,52;4,29;4,29;2,76;4,96;3,65;2,99;1,52
01021;Elburgo/Burgelu;5,20;4,86;5,86;3,97;3,98;2,93;3,40;3,69;2,92;5,17;7,27;4,37;2,23;3,15;2,38;2,17;2,47;1,32;1,37;1,38;1,59
01022;Elciego;8,48;6,90;5,59;8,18;5,32;6,76;5,25;6,48;6,76;5,39;4,39;4,10;4,03;4,61;3,39;2,39;1,80;2,29;1,96;3,15;3,23
20031;Elduain;5,75;6,10;2,41;4,82;3,70;6,49;4,17;4,23;6,35;6,78;8,47;3,85;4,65;6,67;2,33;4,76;2,38;2,50;2,56;2,63;2,44
20033;Elgeta;4,11;5,57;3,72;4,86;4,87;6,09;4,44;5,25;6,15;5,69;5,61;7,38;4,73;3,38;2,83;4,76;2,66;1,93;2,72;0,79;0,41
20032;Elgoibar;6,86;6,91;6,81;7,20;6,53;7,45;8,03;7,47;8,79;8,80;8,66;8,12;7,06;7,63;6,68;4,94;4,03;3,63;4,08;2,40;2,34
48032;Elorrio;4,54;5,38;4,98;5,41;5,35;5,91;6,05;5,84;6,65;7,53;7,85;7,42;5,99;6,80;6,53;3,61;2,40;2,54;2,20;1,58;1,68
01023;Elvillar/Bilar;3,57;3,54;0,93;2,80;3,74;5,61;4,76;7,00;7,14;5,94;6,12;3,16;1,06;1,03;1,02;0,00;0,00;0,00;0,00;0,00;0,00
48902;Erandio;8,84;8,85;8,90;9,87;8,51;9,52;9,59;10,86;11,87;12,50;12,12;11,19;9,87;9,51;8,13;7,04;5,04;4,80;5,59;5,36;5,06
48033;Ereño;3,75;6,17;3,75;3,95;5,71;4,48;3,85;2,70;1,28;2,44;5,06;2,35;3,66;2,38;3,75;3,75;3,75;4,76;3,85;0,00;1,27
48034;Ermua;8,75;8,76;9,31;8,86;8,72;8,72;8,47;9,74;10,74;11,80;11,48;11,41;10,13;9,23;9,11;5,77;4,53;4,90;5,46;3,51;4,22
20067;Errenteria;7,90;8,48;8,24;8,98;8,08;8,56;9,39;10,40;11,32;12,03;12,41;11,73;10,16;10,16;9,50;7,83;6,61;6,57;6,34;5,71;5,90
20066;Errezil;5,80;5,70;9,52;5,15;3,88;3,81;4,61;4,55;10,55;9,73;13,44;10,67;4,95;5,29;5,23;1,76;1,75;3,12;2,70;2,90;1,59
01046;Erriberagoitia/Ribera Alta;4,78;4,62;4,18;4,44;4,33;4,79;5,83;3,58;4,98;5,96;6,38;4,89;6,20;2,98;1,68;1,35;1,53;1,61;0,56;0,00;0,60
48079;Errigoiti;6,91;9,36;5,03;6,82;5,33;5,00;6,02;4,88;6,83;4,97;5,17;3,43;3,39;1,68;3,57;1,83;1,90;1,92;3,21;2,74;0,68
20034;Eskoriatza;5,44;6,45;6,45;6,26;5,25;6,41;6,55;8,04;8,80;8,86;9,32;8,86;7,60;8,05;7,44;6,41;5,43;5,51;2,50;1,50;0,30
48029;Etxebarri;7,74;7,65;7,56;8,98;7,84;8,79;9,84;10,28;12,07;12,79;13,20;12,64;10,75;10,07;8,29;7,29;5,93;6,48;6,90;5,42;5,56
48030;Etxebarria;3,65;4,85;4,76;5,42;3,64;5,22;4,33;3,33;5,75;5,65;3,52;5,73;3,74;5,38;4,63;2,79;3,26;2,62;4,50;4,19;3,65
20035;Ezkio-Itsaso;3,26;3,70;3,52;4,26;4,37;3,80;5,52;7,18;8,33;7,34;6,21;5,62;3,37;5,36;3,53;2,35;1,92;1,90;2,58;4,70;2,76
48906;Forua;6,85;7,12;7,54;8,41;8,33;7,05;5,59;10,10;10,81;10,56;11,42;9,57;7,03;4,64;5,28;4,44;3,72;4,12;4,95;2,56;1,49
48035;Fruiz;7,01;9,47;6,67;5,75;5,23;4,82;4,29;5,06;6,12;7,75;6,62;3,55;3,08;7,83;6,09;2,63;2,86;2,86;1,94;2,02;1,05
20038;Gabiria;3,12;4,67;4,55;5,62;3,90;5,52;4,64;4,00;3,45;2,80;5,88;5,93;6,02;5,84;4,84;4,17;3,67;2,86;3,00;4,04;4,17
20037;Gaintza;2,50;2,50;0,00;0,00;0,00;2,78;2,78;2,63;2,56;2,63;0,00;0,00;4,88;5,13;2,56;2,78;2,63;5,41;2,70;11,54;4,55
48036;Galdakao;9,05;7,57;7,47;8,14;7,41;8,20;8,58;9,30;9,59;10,87;10,75;10,22;9,24;8,63;7,60;6,54;5,89;5,76;5,72;4,38;4,42
48037;Galdames;8,33;8,55;9,51;11,51;10,23;12,97;11,43;9,82;12,73;11,31;10,11;10,71;5,95;4,32;5,05;5,56;4,37;5,20;3,83;4,70;3,03
48038;Gamiz-Fika;4,17;4,47;4,06;4,39;5,77;6,50;7,48;6,97;7,13;6,73;6,68;8,02;7,31;4,70;4,61;4,44;2,42;3,45;4,74;2,97;1,77
48039;Garai;0,82;1,57;3,10;3,23;1,65;2,54;4,17;5,41;6,42;5,77;4,00;4,00;3,16;2,04;2,33;0,00;0,00;1,27;1,25;0,00;0,00
48040;Gatika;5,43;6,55;6,43;7,37;8,06;6,45;6,46;8,18;7,62;7,55;6,53;7,05;6,35;8,35;6,32;5,35;4,55;5,05;3,57;3,98;3,31
48041;Gautegiz Arteaga;5,48;3,54;3,18;4,93;5,03;5,52;6,11;3,74;6,80;5,32;6,27;6,91;7,02;7,45;8,07;4,35;2,24;4,56;4,29;1,33;1,38
20907;Gaztelu;1,67;3,57;5,00;1,72;1,64;0,00;0,00;5,88;0,00;2,17;2,04;1,92;3,57;3,57;6,00;0,00;2,00;2,04;1,96;0,00;0,00
48046;Gernika-Lumo;7,38;7,62;8,52;8,65;8,06;7,67;8,91;9,44;10,85;11,83;12,04;10,08;8,71;8,03;8,60;7,46;6,19;5,58;5,85;3,99;3,66
20039;Getaria;4,68;4,96;4,93;5,42;5,52;5,98;4,07;5,00;6,16;5,75;4,83;3,96;4,18;3,12;2,92;2,69;2,45;0,96;1,49;1,52;1,91
48044;Getxo;7,67;8,00;7,82;8,25;7,58;7,79;8,13;8,14;8,72;9,12;8,69;8,62;7,63;6,85;6,52;5,57;4,99;5,16;5,87;5,16;5,09
48047;Gizaburuaga;2,74;1,49;2,99;0,00;1,61;1,64;3,28;1,79;3,28;3,33;3,51;3,45;0,00;2,08;4,17;0,00;0,00;0,00;0,00;0,00;4,55
48042;Gordexola;6,06;7,91;7,59;8,28;8,35;8,60;7,85;8,85;7,99;9,62;11,07;10,52;7,56;6,58;7,14;5,15;5,49;4,98;3,64;4,16;5,22
48043;Gorliz;7,92;7,96;8,11;8,18;7,39;8,29;8,02;9,46;9,88;9,43;8,41;8,51;6,99;7,87;5,47;5,70;4,54;4,51;5,27;4,51;4,24
48045;Güeñes;9,31;9,86;9,77;9,50;9,94;11,01;10,59;11,26;12,98;13,10;14,12;12,39;9,64;8,71;8,17;8,36;7,56;5,20;5,45;4,59;4,53
01056;Harana/Valle de Arana;4,88;3,66;4,26;3,23;3,00;2,11;3,96;7,45;6,98;6,59;7,53;7,69;6,67;7,29;4,17;3,06;2,22;3,45;2,50;1,33;1,37
20040;Hernani;6,90;7,00;6,73;7,23;6,51;7,63;8,18;8,92;9,17;10,08;10,36;10,14;9,26;8,77;7,99;6,62;6,24;6,75;6,72;5,49;6,09
20041;Hernialde;1,04;2,94;4,76;6,36;5,45;6,31;10,38;7,84;8,91;6,67;5,17;4,42;6,19;8,85;8,18;6,60;3,67;5,22;5,61;2,02;1,03
20036;Hondarribia;5,76;5,85;5,86;5,74;5,90;6,10;6,88;7,07;8,11;8,94;8,61;8,53;7,87;7,43;6,74;6,09;5,65;5,83;5,06;3,81;4,29
20042;Ibarra;7,23;7,25;7,10;8,53;7,67;9,54;10,09;9,63;12,32;14,48;12,85;11,53;11,35;11,36;8,04;6,80;6,21;6,22;6,34;5,05;4,27
48048;Ibarrangelu;8,52;9,26;8,82;7,46;7,11;6,28;5,15;6,28;7,62;4,80;5,00;5,05;5,66;5,61;7,02;4,29;2,72;4,29;3,94;2,27;1,59
20043;Idiazabal;5,02;5,10;4,49;4,98;4,96;4,30;4,77;6,66;6,70;6,53;6,28;6,05;6,49;5,59;4,76;3,82;2,88;2,01;2,86;2,18;1,99
48094;Igorre;6,46;6,46;6,52;7,57;6,96;7,26;6,73;8,69;8,75;9,91;9,89;8,86;6,91;7,64;6,06;4,40;3,05;2,58;2,67;2,87;3,39
20044;Ikaztegieta;10,88;11,35;12,41;9,33;6,33;10,97;6,85;5,88;11,81;11,35;6,15;6,30;5,97;5,22;5,51;4,96;7,83;6,14;3,57;5,13;5,88
20045;Irun;9,50;9,57;9,85;10,23;9,62;10,16;10,57;11,45;12,48;13,29;13,21;13,05;11,80;11,50;11,13;9,82;8,87;8,68;8,35;6,38;6,51
20046;Irura;3,91;4,63;5,39;6,89;5,65;7,23;8,48;9,82;8,41;11,08;11,17;11,61;10,90;10,93;9,79;8,24;7,91;8,22;6,28;4,41;4,23
01027;Iruraiz-Gauna;3,30;5,66;3,21;2,83;2,35;2,94;2,91;4,55;0,98;4,62;6,25;4,97;5,32;4,30;2,29;4,46;2,00;0,71;1,50;2,99;3,05
01901;Iruña Oka/Iruña de Oca;6,22;5,45;6,36;6,70;5,84;7,22;8,43;9,02;9,02;11,14;11,25;9,93;8,13;8,57;7,22;3,56;3,47;3,69;4,95;3,76;2,53
48049;Ispaster;4,39;3,00;2,94;4,37;3,11;5,26;5,48;2,68;4,02;4,55;2,65;3,64;2,40;4,00;3,11;3,06;2,66;2,79;1,69;0,58;0,00
20047;Itsasondo;6,25;7,04;7,98;5,58;5,26;6,40;5,85;4,57;9,88;10,26;8,97;10,88;9,59;9,72;7,09;2,11;2,27;0,82;1,63;1,61;1,63
48910;Iurreta;7,45;7,50;8,58;9,48;8,26;8,67;8,92;9,42;9,92;9,69;10,82;9,32;7,72;8,25;8,19;5,10;4,11;4,22;3,98;2,78;2,94
48050;Izurtza;10,26;7,04;2,74;1,37;3,53;2,27;2,38;1,09;3,61;5,43;5,88;7,06;4,60;6,82;6,02;4,94;2,56;4,05;2,78;1,41;2,99
48022;Karrantza Harana/Valle de Carranza;9,34;8,76;10,15;9,88;10,36;10,94;11,81;10,78;11,23;10,86;9,85;8,98;6,66;7,29;6,37;5,09;4,52;4,56;2,78;2,88;3,10
48907;Kortezubi;6,21;6,33;3,25;4,00;2,19;3,15;5,43;6,50;4,92;6,45;4,17;6,50;4,96;3,54;3,74;1,90;0,96;0,00;4,55;2,33;3,66
01019;Kripan;0,00;0,00;0,00;4,48;3,08;1,59;6,06;3,12;3,28;4,92;1,64;1,61;1,59;0,00;0,00;0,00;0,00;0,00;0,00;0,00;2,00
01020;Kuartango;5,30;4,65;5,04;2,92;4,93;4,26;6,90;5,04;2,70;5,80;3,55;6,11;4,72;4,24;7,76;5,83;3,96;0,95;2,94;1,94;4,21
01028;Labastida/Bastida;7,60;7,25;8,80;8,77;7,76;10,67;8,97;9,53;8,30;10,54;11,14;10,02;6,43;4,14;4,60;3,98;2,01;3,38;2,72;2,31;1,77
01030;Lagrán;1,61;4,92;5,26;3,12;3,39;3,45;3,28;1,61;1,72;5,08;8,93;6,56;3,23;3,03;1,52;0,00;0,00;0,00;0,00;0,00;0,00
01031;Laguardia;3,06;4,23;5,93;4,36;3,75;6,04;5,44;4,61;7,02;6,28;6,67;7,62;5,37;4,01;5,21;3,40;3,04;2,18;1,71;1,49;2,62
01032;Lanciego/Lantziego;5,97;7,18;9,55;8,72;8,21;8,72;6,03;8,59;10,66;10,94;10,70;10,11;6,32;4,23;3,68;4,79;1,63;2,20;2,16;2,30;1,82
48051;Lanestosa;9,90;10,31;12,50;9,48;6,84;6,25;6,48;8,41;9,62;7,27;7,92;9,00;3,06;4,04;4,04;5,49;1,11;1,20;5,56;6,94;4,41
01902;Lantarón;5,85;4,99;5,67;6,03;6,55;6,40;6,30;7,19;6,67;8,21;8,75;7,96;4,30;4,91;4,10;2,49;2,23;1,50;1,96;0,85;0,90
01033;Lapuebla de Labarca;9,70;9,74;7,58;7,46;7,66;10,12;8,75;10,19;11,58;10,67;11,93;8,30;9,05;8,51;8,97;7,21;4,25;4,55;5,56;7,25;8,60
48052;Larrabetzu;4,83;4,67;5,14;7,10;5,39;6,14;5,17;5,19;6,65;8,50;6,43;5,42;4,93;4,94;3,98;4,20;2,53;3,10;1,67;2,64;2,95
20048;Larraul;5,66;6,80;5,94;5,15;6,32;5,56;9,41;10,26;9,21;12,16;14,93;10,17;8,33;3,92;2,08;2,13;0,00;2,63;2,78;2,50;2,78
20902;Lasarte-Oria;6,04;6,72;6,86;7,43;7,28;7,59;8,62;9,62;11,20;12,02;11,97;12,00;10,68;11,70;11,38;8,55;6,96;7,82;7,79;5,98;5,35
01036;Laudio/Llodio;9,99;10,32;10,66;11,05;10,15;9,36;10,97;12,01;12,68;13,38;12,85;10,31;8,92;7,37;6,80;5,92;4,91;5,43;6,20;5,72;5,83
48053;Laukiz;6,05;5,28;6,39;6,53;5,82;6,30;4,53;5,43;5,71;5,88;4,88;5,14;3,55;3,28;4,18;2,91;2,68;3,01;2,29;2,00;1,61
20049;Lazkao;5,51;5,59;5,70;4,81;4,62;5,02;5,26;5,18;6,67;7,37;7,11;7,57;5,75;6,43;6,36;5,25;2,56;2,72;2,64;2,52;2,06
20050;Leaburu;6,92;5,26;4,00;4,96;6,87;9,02;8,87;9,32;7,76;7,44;8,77;11,71;9,40;13,51;13,46;11,11;5,83;8,33;5,21;3,12;5,26
20051;Legazpi;6,17;5,87;4,94;5,25;5,14;4,34;5,70;6,18;6,12;6,92;6,42;6,24;8,00;7,74;5,50;3,32;2,87;2,31;2,37;2,77;3,58
20052;Legorreta;6,17;5,53;6,50;6,24;5,95;6,83;7,44;5,81;9,11;8,79;8,23;7,69;7,67;7,27;7,40;6,72;6,83;6,89;6,63;4,03;3,92
01058;Legutio;9,27;9,64;9,19;9,56;7,56;9,79;7,85;10,04;9,16;9,68;9,15;10,60;9,78;7,45;6,00;4,26;2,52;2,64;2,70;2,51;2,32
20068;Leintz-Gatzaga;3,57;3,80;1,12;2,27;2,20;1,15;2,44;3,33;3,26;4,30;6,38;5,56;3,53;2,53;4,11;6,25;0,00;1,23;0,00;1,37;1,52
48054;Leioa;7,70;7,99;8,64;9,29;8,05;8,44;9,10;9,26;9,55;10,28;10,37;9,70;8,92;8,26;7,20;6,51;5,37;5,47;5,85;5,38;5,71
48057;Lekeitio;4,84;6,23;5,96;6,08;5,95;6,92;6,41;6,27;6,33;7,11;7,79;7,46;6,13;5,68;5,37;4,64;2,99;3,48;3,72;2,68;2,31
48055;Lemoa;6,99;7,91;7,38;8,29;8,05;8,49;9,82;10,94;12,17;13,93;12,50;9,83;8,11;6,95;6,08;3,60;2,74;3,07;2,64;3,38;3,20
48056;Lemoiz;7,80;8,09;9,21;8,78;7,01;8,63;6,31;6,63;8,20;9,28;9,12;8,31;7,05;3,99;5,90;6,18;4,38;3,73;3,35;3,00;3,29
01034;Leza;4,55;4,84;4,69;10,45;5,63;5,33;3,03;5,80;4,41;5,88;6,25;7,58;7,04;4,55;4,41;5,80;1,47;1,47;0,00;1,82;0,00
48081;Lezama;6,23;6,32;5,67;6,74;5,24;6,62;6,14;6,52;8,12;9,23;8,96;8,72;7,78;7,06;6,69;5,66;2,79;2,25;2,81;3,17;2,26
20053;Lezo;6,31;6,51;6,40;7,56;7,62;7,72;7,26;8,45;9,31;10,05;10,74;10,45;8,51;7,42;6,45;5,15;4,97;5,63;5,43;4,81;5,09
20054;Lizartza;4,76;5,94;5,97;4,52;4,79;7,33;9,77;9,04;5,08;9,19;10,56;11,83;11,23;11,05;9,19;6,32;3,89;4,47;3,41;2,98;3,55
48903;Loiu;5,65;5,34;5,79;4,54;4,84;6,09;4,68;4,58;5,89;6,54;5,60;4,07;4,31;3,66;3,62;3,61;2,72;2,64;2,14;2,99;2,65
48058;Mallabia;5,99;7,01;5,93;7,83;8,07;4,56;4,14;4,24;6,16;5,74;7,04;7,43;5,81;5,99;5,81;3,82;3,41;2,50;1,91;2,30;3,56
48060;Markina-Xemein;5,28;5,54;5,49;5,34;4,96;5,11;5,01;4,46;5,52;6,59;6,62;6,83;5,76;5,29;4,65;3,79;2,86;2,35;2,93;2,50;2,09
48061;Maruri-Jatabe;5,01;5,65;7,28;6,45;6,05;5,59;5,06;5,25;5,61;6,69;6,01;3,85;3,78;3,60;3,23;3,75;4,15;3,38;5,94;3,38;3,19
48059;Mañaria;2,76;3,61;1,85;7,05;3,25;4,64;8,61;5,56;5,63;6,38;4,41;1,99;2,00;3,27;2,63;3,36;2,70;1,44;2,99;4,41;1,43
20901;Mendaro;5,29;4,99;5,40;5,34;5,50;6,74;5,81;6,47;7,99;8,82;10,11;8,78;8,03;8,80;6,89;3,21;3,12;2,41;3,04;2,43;1,89
48062;Mendata;5,93;3,68;3,60;4,44;3,08;0,80;2,34;5,34;4,10;1,72;0,83;0,88;1,72;1,77;3,48;1,79;0,00;1,90;1,87;2,70;0,96
48063;Mendexa;4,22;4,07;2,81;4,85;4,68;2,30;2,22;2,81;4,22;5,42;5,99;3,66;2,52;4,61;3,42;4,20;3,10;1,60;1,75;0,98;1,90
48064;Meñaka;3,82;5,62;2,08;4,10;1,72;5,36;3,60;5,48;4,74;4,87;3,57;4,02;6,25;6,54;4,93;4,15;2,76;1,71;2,40;2,50;1,83
01039;Moreda de Álava / Moreda Araba;6,67;5,05;6,73;6,73;4,59;9,26;6,54;5,83;6,38;9,89;7,61;8,08;6,19;3,06;4,35;2,30;1,30;0,00;0,00;0,00;0,00
48066;Morga;4,00;11,97;7,59;6,16;5,07;4,38;7,35;5,71;5,52;4,14;5,07;2,22;3,79;5,19;4,55;1,55;2,52;2,59;4,63;0,91;1,92
48068;Mundaka;5,86;6,17;5,97;6,27;6,53;6,62;6,56;7,19;7,61;8,42;7,71;7,28;5,34;4,87;3,25;3,17;3,04;3,27;3,45;2,94;3,10
48069;Mungia;7,56;7,46;7,53;7,96;6,96;7,44;7,93;8,70;8,77;9,02;9,46;8,32;7,14;7,72;6,89;4,94;5,34;5,13;5,41;3,33;3,33
48007;Munitibar-Arbatzegi Gerrikaitz-;3,70;5,88;4,04;4,12;2,81;2,94;4,85;3,12;5,36;5,00;4,07;4,97;1,94;2,14;3,03;1,68;1,80;5,61;2,94;2,11;4,12
48908;Murueta;5,50;6,67;10,08;7,56;7,63;6,14;7,08;6,25;4,63;6,31;8,41;3,81;6,12;5,62;4,88;4,94;3,95;4,29;5,80;4,41;5,08
48071;Muskiz;9,01;9,12;9,47;10,48;9,91;10,17;9,90;10,45;11,52;12,00;12,77;12,55;10,49;7,40;6,75;4,79;3,92;4,48;5,25;3,24;2,52
20057;Mutiloa;3,75;8,22;6,33;7,35;5,56;6,15;4,48;4,29;6,67;14,29;7,41;12,07;7,27;10,00;6,90;9,80;8,51;2,50;2,56;2,33;5,56
20056;Mutriku;6,30;6,31;6,96;7,46;7,19;8,37;7,18;8,43;8,61;9,65;9,55;10,37;10,52;8,66;8,16;6,63;5,83;6,19;7,25;5,89;5,51
48067;Muxika;5,63;5,57;5,79;7,65;6,61;9,11;7,36;7,25;7,94;8,73;10,12;8,04;8,31;4,41;5,91;4,70;2,68;4,12;2,37;1,73;1,75
48909;Nabarniz;3,70;4,88;4,26;3,33;3,33;5,88;3,30;3,23;3,33;3,45;5,13;6,76;2,78;1,37;1,33;2,86;2,99;1,41;1,52;1,43;0,00
01041;Navaridas;0,00;0,00;1,33;1,30;0,00;1,41;1,39;2,41;3,45;3,66;3,90;2,67;2,94;3,17;1,59;1,67;0,00;1,82;0,00;0,00;0,00
20063;Oiartzun;5,53;5,76;6,00;6,08;5,91;6,37;5,93;5,90;6,77;7,95;7,41;7,73;6,67;6,84;6,59;4,95;4,11;4,43;4,65;4,14;3,71
01042;Okondo;7,07;5,24;5,54;5,64;7,44;7,91;7,47;8,82;9,71;10,00;8,70;9,80;7,61;7,39;6,23;2,33;1,98;2,87;3,96;3,56;6,79
20058;Olaberria;8,06;7,49;6,13;6,47;7,19;7,39;7,63;10,42;9,45;7,42;9,13;10,74;5,93;6,85;9,17;7,27;6,33;6,42;5,12;6,76;2,69
48073;Ondarroa;6,90;8,05;8,49;9,54;7,34;7,60;7,86;8,28;8,24;9,48;9,34;8,79;7,01;6,91;6,72;6,78;4,70;4,77;5,91;3,46;3,82
20076;Ordizia;6,90;7,77;7,79;7,36;7,50;7,41;7,78;9,03;9,03;10,24;10,50;10,10;9,43;9,37;7,89;6,73;4,10;4,42;4,49;4,95;5,18
20905;Orendain;1,67;1,72;0,00;3,28;1,89;0,00;1,92;0,00;2,08;2,44;0,00;2,38;2,44;2,22;2,33;5,00;9,76;7,50;4,76;4,17;2,22
20060;Orexa;2,50;5,41;9,76;7,32;5,00;2,70;0,00;0,00;0,00;0,00;0,00;0,00;0,00;3,12;5,71;3,12;0,00;0,00;0,00;4,17;0,00
20061;Orio;5,20;5,18;5,59;6,58;5,98;5,80;6,07;5,99;7,82;9,33;8,87;7,43;6,80;5,87;5,64;4,80;3,28;4,98;3,31;2,69;3,36
20062;Ormaiztegi;5,16;5,64;6,36;5,69;6,81;8,49;6,31;6,51;5,39;4,73;5,78;8,36;4,62;4,17;4,01;1,72;1,39;3,11;2,00;1,46;2,08
48075;Orozko;1,46;1,61;2,32;2,87;3,06;5,31;3,06;3,56;4,76;4,77;4,98;5,32;5,88;4,48;2,73;2,57;3,64;3,85;3,43;2,71;3,43
48083;Ortuella;11,82;11,15;11,45;11,69;9,99;11,44;12,12;12,23;13,68;14,01;14,81;14,28;11,32;9,50;7,88;6,55;5,46;5,57;7,80;6,03;5,93
48072;Otxandio;6,33;6,32;5,91;6,13;3,62;5,34;5,81;8,00;8,31;9,48;10,54;8,48;5,47;5,25;3,69;3,58;2,30;2,38;2,43;1,77;1,41
01043;Oyón-Oion;9,83;10,88;10,81;12,20;11,67;13,37;14,91;15,71;16,57;18,13;16,25;15,02;12,69;10,25;8,77;6,81;4,33;3,40;4,22;3,37;3,23
20059;Oñati;5,72;6,09;5,50;6,15;5,50;5,31;5,58;6,03;5,98;6,76;6,59;6,85;4,81;5,56;5,74;3,75;2,72;2,43;2,47;1,87;1,44
20064;Pasaia;7,84;8,54;8,87;9,04;9,40;9,92;10,62;11,15;11,53;12,61;12,75;12,25;10,84;9,91;8,89;7,36;6,95;6,82;6,96;6,15;6,41
01044;Peñacerrada-Urizaharra;3,60;2,33;0,71;3,01;3,39;3,20;2,48;1,83;1,82;2,68;2,59;3,67;4,46;5,04;4,39;1,98;2,47;4,05;1,52;1,67;3,39
48077;Plentzia;7,45;7,69;8,27;8,90;8,83;8,93;7,53;8,39;9,49;9,77;8,74;7,41;7,06;6,47;4,93;4,85;3,72;3,37;3,89;3,03;3,04
48078;Portugalete;10,29;11,13;11,48;11,80;11,33;11,48;11,94;12,01;12,75;13,08;13,03;12,40;10,69;9,64;8,78;7,16;6,41;6,80;7,82;7,13;6,70
01047;Ribera Baja/Erribera Beitia;4,40;4,72;3,59;4,29;3,23;5,52;4,26;4,90;5,10;5,20;5,87;5,85;3,90;4,02;4,97;2,49;1,43;1,95;2,47;2,12;1,80
01051;Salvatierra/Agurain;9,23;9,76;9,95;11,99;10,50;9,98;11,27;12,96;12,85;14,19;14,36;14,03;11,90;11,62;9,91;6,84;6,34;6,96;5,98;5,34;4,75
01052;Samaniego;4,30;2,15;3,37;2,17;1,45;1,49;1,47;0,00;1,14;2,22;1,14;0,00;1,18;1,19;0,00;3,90;2,94;1,54;1,61;1,67;1,64
01053;San Millán/Donemiliaga;4,53;4,06;5,93;5,56;5,20;6,83;5,80;6,52;5,56;6,35;6,64;6,05;2,93;3,25;4,72;4,07;2,28;1,46;0,99;1,01;2,13
48082;Santurtzi;11,45;11,59;11,68;12,41;11,23;12,12;12,69;12,69;13,87;14,41;14,56;14,13;11,81;10,87;9,72;7,35;6,26;6,41;7,26;5,66;5,57
20070;Segura;3,67;2,98;3,54;4,01;2,59;5,93;7,05;5,67;5,10;5,28;5,82;6,08;5,56;6,72;5,65;2,49;2,80;2,63;3,13;2,80;2,58
48084;Sestao;12,88;13,11;13,64;14,24;13,80;15,29;15,31;15,35;16,88;16,66;16,65;15,52;12,68;12,17;10,46;9,73;8,55;8,15;9,67;8,77;9,31
48904;Sondika;5,84;6,75;8,33;9,40;7,37;7,95;7,70;8,83;8,98;9,62;10,06;8,35;5,81;5,06;6,34;4,10;3,49;2,76;4,76;4,26;3,35
48085;Sopela;7,72;8,73;8,72;9,54;8,25;8,45;9,14;9,53;9,58;10,07;10,04;10,16;8,60;8,13;7,57;6,66;5,18;5,18;5,41;4,97;5,19
48086;Sopuerta;6,80;6,35;7,00;7,95;6,99;8,04;7,97;8,60;9,57;10,47;10,48;10,44;6,11;6,49;5,16;3,93;3,90;3,44;3,86;2,64;3,93
20065;Soraluze-Placencia de las Armas;8,97;9,69;9,37;9,32;8,94;10,56;11,46;12,68;13,36;13,45;11,87;12,20;11,17;11,26;9,91;7,16;5,76;6,36;5,27;3,97;4,03
48076;Sukarrieta;6,82;5,60;10,57;11,50;11,88;10,68;15,65;12,31;12,88;9,92;7,26;6,78;6,36;6,73;3,64;4,42;2,80;3,57;4,27;4,42;3,06
20071;Tolosa;6,34;7,19;6,85;7,71;7,32;8,50;9,20;10,35;10,59;11,42;10,99;11,14;9,21;9,04;8,16;6,83;6,77;7,18;7,08;5,42;5,48
48087;Trucios-Turtzioz;9,64;9,47;7,65;8,67;9,78;11,24;11,73;12,85;12,92;12,35;17,06;14,86;7,56;8,28;6,55;5,96;5,41;4,73;4,11;3,42;4,55
48088;Ubide;4,55;2,78;1,39;1,41;2,82;7,35;7,35;7,25;6,67;6,67;8,93;5,66;3,92;6,12;10,87;6,82;6,98;5,13;2,56;0,00;0,00
48065;Ugao-Miraballes;8,38;8,62;8,35;8,77;8,22;8,51;8,73;8,71;11,10;12,03;11,36;11,72;11,31;9,69;8,67;8,35;6,84;5,92;6,21;6,21;6,48
48089;Urduliz;6,60;6,89;7,66;9,69;8,31;7,60;7,71;9,12;8,57;10,16;10,80;10,18;8,90;8,13;5,53;4,75;4,08;4,60;5,82;4,15;4,85
48074;Urduña/Orduña;3,05;4,14;4,81;5,59;6,27;12,34;9,44;9,32;11,76;11,62;12,87;13,42;12,55;9,10;10,29;8,36;5,70;6,82;7,40;7,79;9,32
01054;Urkabustaiz;6,33;6,64;6,12;7,33;6,18;5,46;5,00;5,17;6,03;8,21;8,01;7,69;7,54;6,14;4,15;3,74;2,36;3,68;2,86;3,00;4,17
20072;Urnieta;6,06;5,22;5,82;6,22;5,41;6,18;6,31;6,65;7,87;8,80;9,57;8,98;7,97;7,63;6,73;5,74;4,62;4,28;6,09;4,63;4,60
20077;Urretxu;5,50;5,69;5,79;6,28;6,00;6,44;6,45;7,32;7,16;8,53;8,63;8,58;6,98;7,14;6,67;4,92;4,03;3,97;3,91;3,27;3,25
20073;Usurbil;5,32;5,36;6,36;6,78;6,18;6,84;6,59;6,52;8,17;9,40;9,17;9,02;7,44;8,80;7,85;5,91;4,36;4,67;3,60;3,13;2,73
01055;Valdegovía/Gaubea;7,18;7,71;6,74;8,31;6,84;6,20;4,63;6,47;7,23;7,35;9,02;9,14;6,58;5,01;4,51;4,68;2,72;1,75;2,05;2,20;0,70
48080;Valle de Trápaga-Trapagaran;9,46;9,83;9,31;10,20;9,36;10,26;10,69;10,71;11,48;12,27;12,17;12,15;9,90;8,97;8,04;6,01;4,38;4,78;6,02;5,32;5,01
20075;Villabona;7,67;7,45;6,90;7,32;7,10;7,10;8,11;8,21;9,68;11,16;10,62;10,26;8,02;9,69;8,26;6,26;5,37;5,72;4,88;4,29;3,76
01057;Villabuena de Álava/Eskuernaga;7,78;3,37;6,90;3,53;3,26;2,20;4,17;6,45;8,60;8,42;6,12;5,00;3,12;2,11;2,11;2,11;0,00;0,00;0,00;0,00;0,00
01059;Vitoria-Gasteiz;9,54;9,86;10,18;10,67;9,76;10,23;10,84;11,33;12,29;12,90;12,70;11,70;9,78;9,22;8,54;6,83;5,71;5,76;5,84;4,89;4,80
01060;Yécora/Iekora;6,94;4,00;3,95;1,41;2,74;1,30;1,22;0,00;1,06;0,00;1,12;1,11;1,19;2,25;1,11;2,30;2,33;2,27;2,44;2,33;4,11
48095;Zaldibar;7,19;7,58;6,63;6,54;4,84;6,00;5,69;5,49;5,96;6,95;7,51;7,22;6,96;6,94;7,01;4,52;3,89;2,57;4,59;3,28;3,12
20078;Zaldibia;7,17;6,67;5,44;4,95;3,07;3,37;1,64;4,38;6,09;8,44;8,72;9,21;7,42;8,00;6,16;6,51;5,85;5,33;5,01;5,91;7,54
01061;Zalduondo;3,30;2,44;2,27;2,41;3,70;3,53;3,66;3,33;7,06;6,98;8,00;4,17;2,86;6,15;4,84;0,00;3,51;1,92;2,04;0,00;0,00
48096;Zalla;10,77;10,32;10,48;11,85;11,19;11,57;12,69;13,13;14,61;15,39;14,42;13,25;12,52;8,62;7,08;6,53;6,00;3,87;4,16;3,69;3,12
01062;Zambrana;10,27;13,53;11,03;7,80;7,74;6,37;9,21;7,43;7,53;8,16;6,12;7,59;6,16;4,38;4,69;3,74;1,83;1,10;1,05;2,25;1,22
48905;Zamudio;6,68;7,49;7,29;6,96;5,89;7,30;7,45;7,81;7,66;8,70;9,53;8,44;7,60;7,51;8,18;5,88;3,80;3,84;3,06;3,30;3,11
48097;Zaratamo;9,06;10,34;8,93;8,32;8,48;9,18;8,21;9,73;11,48;10,61;12,32;11,18;9,82;8,92;6,88;5,64;6,05;5,29;4,96;4,56;3,37
20079;Zarautz;5,60;5,89;6,01;6,88;5,88;6,21;6,96;7,25;8,35;8,74;9,20;9,00;7,36;7,14;6,91;5,29;4,40;4,47;4,54;3,56;3,59
48024;Zeanuri;4,67;5,21;4,86;4,24;4,21;3,76;3,84;3,61;4,05;5,96;3,89;4,44;3,12;3,44;2,47;1,40;1,99;1,51;2,48;1,95;2,61
48025;Zeberio;6,02;6,02;6,99;4,84;5,77;5,00;7,45;7,51;5,90;8,61;10,00;9,55;7,64;6,45;4,30;4,29;4,17;3,75;3,83;3,02;2,23
20025;Zegama;5,37;4,86;4,67;5,44;5,52;5,45;6,10;5,76;8,08;8,08;7,98;7,89;6,70;6,67;5,74;6,21;4,60;4,62;2,59;3,04;2,88
20026;Zerain;7,50;6,67;2,82;1,37;1,35;1,45;4,29;1,45;5,41;2,82;1,33;0,00;1,22;4,55;5,95;3,57;1,11;0,00;0,00;0,00;0,00
20027;Zestoa;6,99;7,71;8,20;8,48;7,47;7,40;7,60;8,30;9,25;11,27;11,41;9,21;7,81;7,13;6,64;5,44;3,97;3,62;3,92;5,04;3,70
48913;Zierbena;6,98;6,34;7,19;9,63;9,94;9,32;9,73;10,71;12,18;11,26;10,76;10,00;8,56;8,07;5,79;4,08;4,12;2,02;3,03;3,68;2,90
01018;Zigoitia;3,83;3,66;4,37;4,15;3,62;3,49;2,69;3,79;4,12;4,35;5,50;4,84;4,66;5,83;3,82;4,01;3,12;4,09;3,70;3,53;2,86
48915;Ziortza-Bolibar;4,23;5,30;6,11;3,45;2,46;5,34;4,48;3,52;4,23;3,42;2,76;2,86;3,73;4,38;2,40;2,52;0,83;0,00;0,00;0,00;0,00
20028;Zizurkil;6,23;6,94;6,71;8,73;7,24;6,86;7,41;7,74;10,93;11,20;11,76;11,39;9,55;10,52;9,01;6,61;5,42;5,60;4,95;4,22;4,08
01063;Zuia;4,33;4,06;4,64;4,42;3,88;4,79;3,86;5,07;5,62;5,19;5,25;4,91;4,75;5,70;3,01;3,06;1,39;1,86;2,19;2,42;3,09
20081;Zumaia;5,93;6,11;6,69;7,12;6,18;7,63;7,29;8,96;9,74;9,38;9,04;9,11;8,13;8,63;8,01;5,40;5,97;5,95;6,05;4,37;3,74
20080;Zumarraga;7,32;7,93;8,35;8,58;8,21;7,70;8,31;8,56;8,93;10,66;9,99;9,55;7,45;7,71;6,59;4,73;3,06;3,44;3,11;3,11;3,36
