Indicadores municipales de sostenibilidad: Población de 16 y más años ocupada en el sector agropesquero (%);;;;;;;;;;;;;;
"";;;;;;;;;;;;;;
Resumen de datos;;;;;;;;;;;;;;
Entidad;;2023;2022;2021;2020;2019;2018;2016;2015;2011;2010;2006;2001;1996
Araba/Álava;;1,62;1,79;1,79;1,90;2,03;2,04;2,09;2,63;1,86;1,58;1,48;2,77;3,70
Bizkaia;;0,77;0,82;0,80;0,80;0,87;0,86;0,91;1,30;0,86;0,77;0,94;1,51;1,93
CAE;;0,91;0,98;0,94;0,99;1,07;1,06;1,11;1,54;1,03;0,91;1,05;1,78;2,37
Gipuzkoa;;0,80;0,85;0,76;0,85;0,95;0,93;0,97;1,40;0,89;0,81;1,03;1,74;2,44
"";;;;;;;;;;;;;;
Detalle por comarcas;;;;;;;;;;;;;;
Código comarca;Comarca;2023;2022;2021;2020;2019;2018;2016;2015;2011;2010;2006;2001;1996
01100;Arabako Ibarrak / Valles Alaveses;6,52;7,62;8,07;8,39;9,29;9,17;10,39;11,41;8,56;6,87;8,06;17,45;30,90
01200;Arabako Lautada / Llanada Alavesa;0,64;0,71;0,70;0,72;0,78;0,93;0,92;1,43;0,88;0,76;0,75;1,26;1,47
01300;Arabako Mendialdea / Montaña Alavesa;8,87;9,43;9,54;11,10;11,07;11,54;12,16;13,31;9,84;10,33;12,13;21,80;30,30
48100;Arratia Nerbioi / Arratia-Nervión;1,85;2,16;2,30;2,52;2,57;2,54;2,55;2,88;2,17;1,73;1,84;2,78;3,76
20200;Bidasoa Beherea / Bajo Bidasoa;1,04;1,09;0,68;0,72;0,77;0,94;0,90;1,57;1,04;0,96;1,37;2,31;3,15
48200;Bilbo Handia / Gran Bilbao;0,35;0,36;0,34;0,32;0,37;0,38;0,41;0,82;0,39;0,36;0,43;0,51;0,42
20100;Deba Beherea / Bajo Deba;1,20;1,25;1,11;1,16;1,27;1,23;1,25;1,73;1,16;1,03;1,02;1,69;2,76
20300;Debagoiena / Alto Deba;0,59;0,58;0,60;0,64;0,75;0,74;0,67;0,96;0,62;0,57;0,56;0,83;1,06
20400;Donostialdea / Donostia-San Sebastián;0,43;0,44;0,45;0,47;0,53;0,55;0,59;1,00;0,56;0,54;0,73;1,28;1,65
48300;Durangaldea / Duranguesado;0,86;0,91;0,92;0,90;0,95;0,97;1,03;1,34;0,88;0,82;0,82;1,14;1,12
48400;Enkartazioak / Encartaciones;3,08;3,45;3,71;4,09;4,05;4,13;4,16;4,76;3,76;3,04;3,54;6,73;9,21
01400;Errioxa Arabarra / Rioja Alavesa;17,82;19,58;19,81;23,17;24,65;21,58;21,87;22,06;17,92;14,45;10,83;21,91;28,21
48500;Gernika-Bermeo;3,46;3,41;3,41;3,36;3,46;3,12;3,34;3,85;3,31;2,97;4,63;9,38;13,77
20500;Goierri;0,84;0,88;0,89;1,04;1,08;1,03;1,11;1,50;0,98;0,87;1,02;1,43;2,18
01500;Gorbeia Inguruak / Estribaciones del Gorbea;3,57;3,93;4,17;4,48;4,38;4,28;4,51;4,83;4,22;3,44;3,71;6,48;10,53
01600;Kantauri Arabarra / Cantábrica Alavesa;1,69;1,84;1,82;1,88;1,91;1,91;2,04;2,58;1,83;1,64;1,54;3,33;3,92
48600;Markina-Ondarroa;5,02;5,32;4,78;5,00;5,63;5,32;5,54;5,75;6,37;6,03;7,64;13,03;19,23
48700;Plentzia-Mungia;1,25;1,31;1,35;1,45;1,54;1,45;1,62;1,87;1,37;1,19;1,32;2,43;3,71
20600;Tolosaldea / Tolosa;1,28;1,45;1,43;1,70;1,84;1,61;1,76;2,20;1,37;1,22;1,35;2,43;3,79
20700;Urola-Kostaldea / Urola Costa;1,70;1,91;1,54;1,88;2,15;1,95;2,09;2,46;1,91;1,63;2,26;4,02;5,92
"";;;;;;;;;;;;;;
Detalle por municipios;;;;;;;;;;;;;;
Código municipio;Municipio;2023;2022;2021;2020;2019;2018;2016;2015;2011;2010;2006;2001;1996
48001;Abadiño;0,64;0,86;0,86;1,03;1,18;0,93;1,10;1,44;1,15;1,29;1,57;1,78;0,97
20001;Abaltzisketa;7,27;7,98;8,75;7,88;8,50;4,90;6,62;7,80;5,26;3,47;6,30;11,38;18,10
48002;Abanto y Ciérvana-Abanto Zierbena;0,32;0,54;0,41;0,33;0,36;0,46;0,45;0,99;0,42;0,16;0,48;0,87;1,23
20002;Aduna;1,13;1,62;1,63;2,05;2,44;2,50;2,22;2,29;1,34;1,89;1,12;3,23;7,38
20016;Aia;7,45;8,27;8,18;10,67;11,39;10,81;11,05;11,36;9,85;8,29;11,83;23,77;27,76
20003;Aizarnazabal;3,80;3,98;2,80;4,76;5,12;4,31;5,10;3,15;3,12;2,48;2,69;5,50;9,35
48911;Ajangiz;1,81;2,76;3,37;3,26;2,64;3,21;3,54;4,19;3,83;3,29;3,50;4,84;10,00
20004;Albiztur;2,67;2,88;3,03;3,55;3,50;2,94;2,90;3,45;3,17;2,38;2,17;8,80;16,04
20005;Alegia;0,74;0,74;0,65;0,76;0,95;0,68;1,01;0,71;0,67;0,66;0,82;1,51;1,14
01001;Alegría-Dulantzi;1,24;1,16;1,35;1,37;1,68;1,67;1,63;1,56;1,24;1,44;1,75;4,93;6,18
20006;Alkiza;5,66;5,59;6,12;6,37;5,70;6,17;5,70;5,99;3,21;3,66;5,03;10,74;17,27
48912;Alonsotegi;1,16;1,48;1,62;1,58;1,97;1,93;1,34;1,88;0,99;0,66;0,40;1,46;1,63
20906;Altzaga;1,39;1,30;1,54;2,86;4,00;2,90;2,90;1,43;2,99;1,25;2,60;5,66;33,33
20007;Altzo;1,55;1,65;1,14;0,00;1,06;1,20;1,96;2,68;1,89;0,61;2,87;6,35;6,96
20008;Amezketa;4,51;6,14;5,21;6,05;6,40;6,16;6,46;5,45;3,06;2,70;3,61;4,68;6,96
48003;Amorebieta-Etxano;0,54;0,68;0,65;0,70;0,72;0,73;0,78;1,05;0,71;0,61;0,71;1,23;1,37
48004;Amoroto;1,14;1,19;1,16;1,74;1,71;2,78;3,33;2,81;6,82;5,03;5,81;15,43;15,58
01002;Amurrio;1,69;1,69;1,56;1,81;2,00;1,93;2,19;2,66;1,87;1,71;1,29;3,02;3,04
20009;Andoain;0,33;0,35;0,36;0,42;0,55;0,50;0,44;0,80;0,48;0,36;0,44;0,87;0,76
20010;Anoeta;1,38;1,82;1,85;1,87;2,08;1,19;1,34;1,27;1,53;0,60;1,33;2,08;2,54
20011;Antzuola;1,46;1,17;1,21;1,18;1,57;1,07;1,01;1,30;1,02;1,57;1,73;3,39;2,94
48005;Arakaldo;1,05;1,12;1,25;1,27;4,82;2,60;1,27;2,99;1,79;3,85;0,00;-1.234,56;12,82
20012;Arama;5,21;6,74;6,67;6,19;6,45;4,95;5,26;5,38;5,62;5,43;5,63;12,07;9,68
01003;Aramaio;3,72;3,59;4,00;4,04;4,16;3,75;3,60;4,01;4,17;2,24;3,33;4,82;7,30
48006;Arantzazu;0,00;0,00;0,56;0,58;0,00;1,23;1,22;1,83;1,85;2,03;0,76;1,65;1,09
48093;Areatza;2,77;2,73;3,69;4,11;3,85;4,15;3,31;3,22;3,14;3,10;3,15;1,94;5,34
20013;Aretxabaleta;0,60;0,56;0,66;0,75;0,73;0,77;0,49;0,79;0,53;0,61;0,76;0,59;0,85
01006;Armiñón;1,71;4,03;7,34;5,36;5,13;7,34;7,34;10,53;5,56;13,19;14,71;15,38;34,92
01037;Arraia-Maeztu;7,36;8,12;8,29;9,50;10,51;10,39;10,71;12,27;8,19;9,55;10,09;20,00;26,71
48009;Arrankudiaga;0,60;1,23;1,91;3,01;2,10;2,32;2,64;3,46;1,37;1,45;2,15;2,30;2,07
20055;Arrasate/Mondragón;0,20;0,28;0,26;0,31;0,47;0,40;0,32;0,68;0,40;0,30;0,34;0,59;0,38
48914;Arratzu;0,00;1,63;2,35;2,22;2,82;3,28;3,19;4,26;3,31;3,28;1,81;5,00;7,14
01008;Arratzua-Ubarrundia;3,80;4,31;4,94;5,01;4,84;5,18;4,64;5,10;5,34;4,20;4,31;10,92;15,15
48010;Arrieta;3,15;5,56;5,80;6,13;6,69;5,79;7,20;8,08;6,27;7,54;5,67;5,59;21,39
48011;Arrigorriaga;0,19;0,16;0,28;0,33;0,28;0,26;0,39;0,65;0,36;0,23;0,43;0,48;0,49
48023;Artea;1,17;1,54;1,29;2,28;1,89;2,59;2,61;3,36;2,83;1,99;2,78;7,56;6,05
48008;Artzentales;4,29;8,21;7,69;9,19;7,50;8,36;8,80;8,16;4,26;4,89;6,83;18,06;32,22
01004;Artziniega;2,10;2,28;2,22;2,78;2,05;2,25;2,03;2,83;2,04;1,79;1,90;4,91;5,58
01009;Asparrena;5,22;5,22;5,45;5,95;6,03;6,07;6,54;7,10;5,02;3,69;3,12;7,92;7,00
20014;Asteasu;4,84;5,14;5,16;6,42;7,10;6,42;6,69;7,17;5,39;4,84;4,54;9,22;20,33
20903;Astigarraga;0,46;0,91;0,93;1,10;1,06;1,14;1,30;1,59;1,38;1,41;1,31;3,16;3,69
20015;Ataun;4,81;5,09;5,15;5,48;5,21;4,56;5,28;5,65;4,78;3,72;5,77;10,20;11,67
48091;Atxondo;2,19;2,56;3,12;3,16;3,57;3,24;3,09;3,95;3,21;1,84;2,23;3,76;3,25
48070;Aulesti;2,62;3,41;3,47;2,97;5,09;5,40;4,40;5,62;4,15;5,84;4,63;7,25;6,81
01010;Ayala/Aiara;5,42;6,47;6,28;6,42;6,65;6,95;7,87;8,54;6,58;5,17;5,21;15,61;23,16
20017;Azkoitia;1,12;0,97;0,90;1,05;1,16;1,14;1,24;1,55;0,80;1,02;1,00;1,43;2,63
20018;Azpeitia;1,26;1,67;1,58;1,75;2,05;1,80;1,79;2,00;1,45;1,03;0,93;1,74;2,40
01049;Añana;4,55;5,62;5,62;9,09;11,83;4,49;8,64;11,59;8,82;8,00;8,33;15,85;26,03
48012;Bakio;1,64;2,63;2,52;3,46;3,89;3,25;3,68;3,64;2,90;3,24;2,77;3,88;7,63
20904;Baliarrain;0,00;0,00;0,00;4,23;4,35;2,86;1,49;5,63;1,72;3,33;4,35;4,17;28,21
48090;Balmaseda;0,54;0,62;0,60;0,70;0,58;0,59;0,85;1,54;0,57;0,54;1,22;2,25;1,46
48013;Barakaldo;0,17;0,25;0,22;0,21;0,24;0,31;0,28;0,75;0,22;0,24;0,28;0,45;0,36
48014;Barrika;0,69;0,98;0,90;0,92;0,79;0,78;0,96;1,08;0,76;0,77;0,90;1,83;1,09
01013;Barrundia;9,81;12,45;11,97;12,31;12,42;12,65;14,74;13,99;12,18;12,45;10,96;27,25;44,24
48015;Basauri;0,22;0,20;0,29;0,29;0,23;0,20;0,31;0,67;0,32;0,23;0,27;0,36;0,29
01011;Baños de Ebro/Mañueta;48,08;54,90;52,17;58,70;63,57;52,17;51,94;52,99;52,38;47,14;23,08;48,70;75,68
20019;Beasain;0,31;0,35;0,40;0,35;0,41;0,43;0,53;1,14;0,43;0,49;0,38;0,66;0,90
48092;Bedia;0,37;0,60;0,62;0,83;0,61;1,10;0,68;1,51;0,73;0,49;0,92;0,78;1,68
20020;Beizama;9,26;10,71;10,71;10,34;12,24;13,79;11,32;8,20;14,04;3,03;5,68;8,54;30,67
20021;Belauntza;3,20;2,63;4,55;3,70;3,00;2,68;4,46;5,17;2,92;2,19;1,31;0,76;2,13
48016;Berango;0,31;0,44;0,40;0,40;0,41;0,39;0,66;0,95;0,69;0,51;0,74;0,98;0,88
01014;Berantevilla;9,57;13,43;12,96;15,71;16,32;18,42;19,77;22,91;22,99;19,70;17,91;28,89;47,18
20022;Berastegi;2,10;2,46;2,75;3,44;3,07;3,14;4,58;5,08;2,59;1,98;2,63;3,54;6,27
20074;Bergara;0,60;0,80;0,82;0,87;0,96;1,02;0,98;1,25;0,68;0,54;0,43;0,68;1,73
48017;Bermeo;6,19;6,80;6,75;6,41;6,60;5,68;6,02;6,76;6,41;5,62;9,42;18,73;26,45
01016;Bernedo;13,62;14,39;13,67;14,92;14,29;15,13;16,33;17,72;17,24;16,31;18,52;31,88;41,98
48018;Berriatua;6,65;9,65;8,84;8,80;10,09;9,46;7,34;8,19;8,59;9,25;6,29;6,97;14,50
48019;Berriz;0,79;1,10;1,07;1,12;1,06;1,20;1,24;1,62;1,18;0,77;1,03;1,81;2,34
20023;Berrobi;1,69;1,74;1,82;1,77;1,81;2,20;1,98;2,35;2,65;2,07;1,18;3,72;5,21
20024;Bidania-Goiatz;5,84;5,75;5,14;7,55;6,69;5,22;5,69;6,25;4,27;2,34;4,12;4,44;18,45
48020;Bilbao;0,30;0,37;0,38;0,34;0,38;0,41;0,43;0,89;0,42;0,41;0,43;0,37;0,27
48021;Busturia;2,02;2,04;2,46;2,05;2,02;2,24;2,12;2,01;1,68;1,18;2,15;3,50;6,65
01017;Campezo/Kanpezu;5,04;5,38;6,26;7,60;7,54;7,40;8,50;8,76;4,96;4,96;5,85;10,27;11,30
20029;Deba;2,26;2,32;2,43;2,47;2,56;2,62;3,21;3,61;2,48;2,07;1,63;3,50;6,59
48901;Derio;0,22;0,32;0,33;0,38;0,32;0,36;0,43;0,73;0,70;0,54;0,97;1,16;1,89
48026;Dima;1,24;2,23;1,97;1,71;1,98;1,91;2,66;2,56;2,28;1,71;1,77;4,21;4,05
20069;Donostia / San Sebastián;0,24;0,30;0,31;0,29;0,34;0,41;0,43;0,90;0,44;0,39;0,60;0,87;1,06
48027;Durango;0,62;0,78;0,87;0,72;0,78;0,83;0,90;1,21;0,71;0,79;0,66;0,64;0,58
48028;Ea;2,56;2,01;1,17;1,17;1,36;1,69;2,59;2,20;2,72;1,56;3,41;5,80;8,68
20030;Eibar;0,43;0,51;0,42;0,36;0,51;0,46;0,41;0,86;0,37;0,38;0,36;0,44;0,59
48031;Elantxobe;1,49;1,54;1,65;1,48;1,65;1,59;1,61;2,90;3,52;4,27;9,52;18,75;38,66
01021;Elburgo/Burgelu;6,32;8,26;9,04;7,89;10,51;8,67;8,55;8,65;7,27;6,59;6,67;18,06;47,37
01022;Elciego;14,12;14,29;14,01;20,44;22,27;18,50;15,27;16,39;13,79;10,92;7,89;16,29;15,90
20031;Elduain;2,38;2,52;2,75;2,59;3,48;1,80;1,83;1,80;1,94;1,85;1,02;1,23;8,25
20033;Elgeta;0,95;1,16;0,77;0,54;1,07;0,90;0,96;0,99;0,94;1,40;1,83;1,71;4,24
20032;Elgoibar;1,39;1,30;1,40;1,55;1,63;1,55;1,36;1,84;1,06;0,92;0,68;1,23;1,67
48032;Elorrio;1,48;2,03;1,83;1,87;1,75;1,79;1,78;1,76;1,28;0,88;0,81;1,32;0,91
01023;Elvillar/Bilar;37,97;47,53;50,65;50,96;49,70;49,68;49,65;48,95;42,96;40,79;34,06;60,25;71,23
48902;Erandio;0,39;0,46;0,50;0,54;0,64;0,53;0,53;1,02;0,41;0,35;0,53;0,75;0,72
48033;Ereño;0,78;3,85;3,28;3,45;3,39;3,39;4,42;6,19;2,54;3,17;3,39;7,92;18,45
48034;Ermua;0,36;0,37;0,30;0,20;0,21;0,23;0,24;0,71;0,34;0,25;0,24;0,26;0,21
20067;Errenteria;0,26;0,33;0,32;0,33;0,41;0,36;0,44;0,76;0,38;0,49;0,64;1,17;1,20
20066;Errezil;4,47;8,54;8,90;9,30;11,53;12,15;14,44;13,23;8,73;6,37;9,61;17,94;34,01
01046;Erriberagoitia/Ribera Alta;6,46;8,21;8,24;9,20;10,26;10,10;10,39;10,27;6,73;4,63;6,61;23,51;35,27
48079;Errigoiti;0,91;3,10;4,48;2,79;3,32;3,69;3,37;6,45;3,29;3,80;4,50;4,94;20,12
20034;Eskoriatza;0,75;0,77;0,81;0,86;0,98;1,04;1,16;1,08;0,73;0,75;0,93;1,03;0,77
48029;Etxebarri;0,22;0,14;0,15;0,18;0,26;0,15;0,27;0,41;0,20;0,21;0,29;0,29;0,25
48030;Etxebarria;3,44;5,15;4,67;5,44;7,29;5,85;4,73;3,98;4,09;2,26;3,55;6,00;12,54
20035;Ezkio-Itsaso;3,95;3,93;4,10;3,23;4,21;2,65;3,37;3,69;2,83;3,72;3,97;3,32;7,41
48906;Forua;0,97;1,31;1,04;1,56;1,52;1,54;1,35;1,52;1,00;0,46;1,18;3,85;6,69
48035;Fruiz;0,77;2,34;2,72;2,43;2,51;1,98;2,83;1,94;2,08;1,44;2,09;7,33;19,67
20038;Gabiria;1,48;1,86;2,44;1,64;2,49;2,48;2,10;1,68;3,30;3,41;4,65;9,36;9,38
20037;Gaintza;3,23;4,48;3,17;5,77;5,36;3,92;5,77;7,84;4,08;1,85;6,56;15,09;15,52
48036;Galdakao;0,18;0,34;0,35;0,31;0,39;0,44;0,46;0,68;0,38;0,38;0,48;0,74;0,59
48037;Galdames;2,43;4,90;4,76;5,04;5,49;6,41;5,52;7,20;3,81;1,36;3,16;6,46;11,52
48038;Gamiz-Fika;3,66;5,28;5,40;5,41;5,27;5,06;5,24;6,16;4,30;3,37;3,72;10,75;16,93
48039;Garai;0,60;1,20;3,07;2,96;3,01;2,45;2,70;2,70;1,25;1,80;1,25;4,24;6,93
48040;Gatika;1,85;3,25;2,71;3,36;3,56;4,55;3,54;3,44;2,64;1,39;2,18;5,30;6,68
48041;Gautegiz Arteaga;0,68;1,17;1,27;1,57;1,59;1,32;0,81;1,12;0,27;0,77;1,28;1,81;3,75
20907;Gaztelu;2,47;4,88;5,13;9,59;8,33;9,72;10,77;9,59;4,11;3,75;4,95;11,86;13,33
48046;Gernika-Lumo;0,95;1,05;1,03;1,17;1,21;1,11;1,29;1,58;0,91;0,90;1,08;1,91;2,00
20039;Getaria;6,89;7,76;5,14;6,59;7,43;6,85;7,13;8,62;10,04;7,80;11,77;18,95;26,13
48044;Getxo;0,28;0,33;0,32;0,29;0,36;0,39;0,38;0,99;0,41;0,36;0,47;0,57;0,34
48047;Gizaburuaga;0,97;1,04;2,02;3,23;3,37;4,21;4,21;3,12;10,47;2,91;6,41;15,52;27,87
48042;Gordexola;1,25;1,98;2,39;3,23;2,80;3,42;3,26;3,71;2,74;1,59;1,77;5,48;7,62
48043;Gorliz;0,43;0,65;0,85;0,78;0,95;0,79;1,07;1,05;0,91;0,94;0,91;1,61;1,89
48045;Güeñes;1,05;1,21;1,40;1,31;1,11;1,33;1,27;1,68;1,63;1,01;1,34;2,54;4,07
01056;Harana/Valle de Arana;17,39;15,96;18,09;21,11;21,74;24,49;28,74;28,87;19,44;23,53;25,20;41,18;50,32
20040;Hernani;0,59;0,71;0,60;0,66;0,73;0,64;0,71;1,14;0,50;0,62;0,66;1,13;1,15
20041;Hernialde;2,76;2,92;3,01;3,01;3,65;4,90;5,97;5,33;2,96;1,21;1,21;2,46;4,31
20036;Hondarribia;3,00;2,90;1,82;2,05;2,31;2,30;2,19;3,06;3,12;3,01;4,34;6,97;10,42
20042;Ibarra;0,55;0,68;0,99;1,10;1,66;1,03;1,17;1,84;1,04;0,84;0,85;1,63;1,52
48048;Ibarrangelu;0,94;0,92;1,30;0,73;1,40;2,70;2,06;2,73;2,91;1,78;1,85;3,38;13,69
20043;Idiazabal;1,28;1,37;1,93;2,72;2,62;2,72;2,52;3,01;3,33;2,37;2,44;3,60;5,46
48094;Igorre;1,56;2,24;2,56;2,18;2,30;2,04;1,98;2,19;1,69;1,45;1,62;1,56;1,39
20044;Ikaztegieta;0,00;1,03;1,62;2,40;2,42;2,49;2,09;1,49;1,11;2,00;1,02;3,33;1,32
20045;Irun;0,42;0,56;0,35;0,34;0,33;0,55;0,53;1,14;0,46;0,39;0,59;1,05;0,99
20046;Irura;0,10;0,31;0,22;0,21;0,33;0,33;0,24;0,76;0,38;0,12;0,88;0,69;1,95
01027;Iruraiz-Gauna;8,74;10,37;11,80;14,43;15,25;17,13;19,43;22,99;15,11;14,93;17,20;34,94;52,13
01901;Iruña Oka/Iruña de Oca;1,36;1,00;1,22;1,00;1,01;1,52;1,79;1,91;1,77;0,95;1,16;4,60;6,41
48049;Ispaster;2,98;4,70;4,70;5,42;5,78;6,21;7,31;7,97;7,93;7,28;8,77;18,73;24,06
20047;Itsasondo;1,61;1,33;1,38;3,07;1,97;2,30;2,26;2,54;1,41;1,78;0,36;1,75;3,26
48910;Iurreta;0,99;1,63;1,80;1,70;1,83;1,46;1,75;1,92;1,32;1,32;1,19;1,66;1,34
48050;Izurtza;4,63;7,84;8,04;11,40;8,66;10,24;7,02;8,33;6,67;7,09;3,51;1,72;6,25
48022;Karrantza Harana/Valle de Carranza;12,24;20,11;20,57;22,78;24,09;24,11;25,62;25,42;24,14;18,69;19,32;33,95;40,12
48907;Kortezubi;4,21;6,07;7,01;7,28;6,83;7,66;7,25;8,00;6,04;4,37;4,69;12,95;18,58
01019;Kripan;30,23;31,03;30,56;32,47;36,00;35,62;41,43;38,36;27,78;13,70;14,29;45,68;41,18
01020;Kuartango;9,29;11,58;10,80;8,77;12,20;11,24;11,17;12,94;10,65;4,09;10,44;18,78;32,43
01028;Labastida/Bastida;12,66;13,46;12,56;15,38;15,32;13,16;12,37;13,20;10,92;7,68;6,61;15,56;17,19
01030;Lagrán;11,11;12,33;11,59;13,43;13,11;10,17;7,35;11,43;8,22;8,33;17,44;24,32;58,06
01031;Laguardia;10,18;10,45;10,46;14,68;14,90;13,77;14,64;13,72;9,85;9,26;7,54;17,71;19,03
01032;Lanciego/Lantziego;30,00;31,42;32,26;36,56;37,50;36,43;43,44;42,15;30,29;25,00;16,29;43,44;50,38
48051;Lanestosa;1,03;5,56;11,54;11,11;10,20;8,60;12,35;11,58;13,98;8,89;16,07;26,32;35,90
01902;Lantarón;11,33;11,81;11,92;11,66;12,97;12,44;15,91;13,98;13,21;10,64;11,43;16,33;25,08
01033;Lapuebla de Labarca;25,20;27,52;28,81;30,23;35,42;31,68;30,09;30,50;26,81;23,16;16,17;25,30;28,08
48052;Larrabetzu;1,37;2,13;1,86;1,86;2,36;2,37;2,39;3,09;1,76;1,21;2,10;2,56;3,04
20048;Larraul;3,08;3,88;4,72;4,65;5,88;7,20;6,96;8,04;3,39;3,88;7,61;18,64;22,22
20902;Lasarte-Oria;0,22;0,38;0,42;0,51;0,59;0,48;0,53;0,92;0,37;0,35;0,55;0,91;0,74
01036;Laudio/Llodio;0,82;0,92;0,98;0,85;0,79;0,84;0,77;1,34;0,79;0,82;0,87;1,49;1,39
48053;Laukiz;1,04;2,33;2,44;1,39;1,62;1,86;2,20;3,66;1,67;1,59;1,05;3,52;5,95
20049;Lazkao;0,47;0,85;0,76;1,12;0,94;0,85;0,92;1,34;0,95;0,61;1,08;1,72;2,02
20050;Leaburu;1,14;1,23;1,26;3,01;1,32;2,58;2,07;2,74;1,97;1,19;2,94;1,20;3,52
20051;Legazpi;0,44;0,51;0,71;0,69;0,80;0,76;0,81;1,12;0,64;0,71;0,73;0,94;1,31
20052;Legorreta;0,00;1,20;0,16;0,31;0,62;1,11;0,64;1,59;0,46;0,15;0,92;1,91;3,44
01058;Legutio;3,13;3,55;3,70;3,30;3,42;3,90;3,73;4,88;3,88;3,04;3,66;6,05;7,77
20068;Leintz-Gatzaga;0,99;0,97;0,00;0,00;1,59;1,71;0,85;3,31;1,60;3,20;4,03;4,00;4,31
48054;Leioa;0,18;0,22;0,16;0,22;0,30;0,23;0,30;0,57;0,31;0,28;0,37;0,50;0,35
48057;Lekeitio;2,41;2,66;2,52;2,60;3,05;2,74;3,21;3,57;3,79;4,01;6,16;10,99;18,85
48055;Lemoa;0,34;0,65;0,73;0,84;0,97;1,20;1,18;1,45;0,97;1,21;1,05;1,16;0,38
48056;Lemoiz;1,95;2,57;2,22;2,36;2,58;2,97;2,88;3,07;2,36;2,31;2,71;5,04;6,51
01034;Leza;32,98;33,70;29,21;36,67;31,46;23,53;24,42;21,43;15,31;14,81;14,56;40,79;52,24
48081;Lezama;1,12;1,92;1,77;1,88;2,01;1,82;2,40;2,58;2,52;2,43;2,40;7,30;7,48
20053;Lezo;0,17;0,37;0,38;0,37;0,37;0,31;0,46;0,79;0,58;0,31;0,69;1,63;2,81
20054;Lizartza;0,34;1,77;2,20;2,52;1,89;1,52;3,68;3,65;1,18;2,06;2,42;2,63;2,50
48903;Loiu;0,29;0,69;0,73;0,70;0,89;1,09;0,70;0,98;0,68;0,28;1,61;2,50;2,57
48058;Mallabia;1,07;2,38;1,92;1,82;2,08;2,57;3,09;3,72;2,33;2,86;3,23;5,10;10,02
48060;Markina-Xemein;4,19;5,88;5,23;5,05;5,33;4,46;5,01;4,80;5,20;4,60;4,11;5,68;6,15
48061;Maruri-Jatabe;1,20;2,31;2,53;2,33;2,83;1,64;3,01;2,56;1,79;1,17;1,23;4,39;11,11
48059;Mañaria;1,14;1,97;1,65;3,09;3,23;3,48;5,00;4,22;2,30;2,99;1,02;1,47;1,31
20901;Mendaro;0,85;0,76;0,80;0,64;0,86;0,96;1,27;1,74;1,27;1,02;0,75;2,34;3,58
48062;Mendata;1,57;2,02;3,70;4,19;3,89;3,28;4,86;5,03;5,26;3,43;3,55;14,94;19,35
48063;Mendexa;2,74;4,65;5,88;6,57;7,76;5,29;5,21;7,14;7,65;5,61;4,76;11,72;12,38
48064;Meñaka;2,58;4,50;4,41;4,94;4,57;4,55;4,62;4,33;1,92;2,16;2,68;6,30;19,07
01039;Moreda de Álava / Moreda Araba;25,60;22,79;26,72;32,54;29,92;26,72;30,53;24,49;17,35;11,43;11,54;23,33;19,79
48066;Morga;4,02;4,83;3,21;6,11;6,11;5,03;4,79;4,15;3,47;3,47;3,89;7,74;17,36
48068;Mundaka;1,76;2,53;2,66;3,00;3,18;2,67;2,95;3,31;2,53;1,97;2,83;5,23;7,62
48069;Mungia;1,17;1,58;1,70;1,77;1,72;1,55;1,81;2,08;1,66;1,15;1,37;2,60;3,30
48007;Munitibar-Arbatzegi Gerrikaitz-;2,03;2,55;2,08;2,09;2,70;3,28;4,00;4,89;5,35;3,63;3,07;10,60;15,44
48908;Murueta;1,20;1,31;0,68;1,32;0,65;0,00;0,00;1,32;0,68;1,39;2,16;3,48;13,95
48071;Muskiz;0,39;0,58;0,61;0,58;0,61;0,56;0,77;1,06;0,52;0,58;0,84;1,55;1,33
20057;Mutiloa;0,80;1,68;0,91;0,85;0,84;0,00;0,00;0,00;0,00;0,00;0,00;2,22;0,00
20056;Mutriku;3,37;4,19;3,10;3,67;3,60;3,47;3,59;4,41;4,17;3,91;4,97;8,39;15,25
48067;Muxika;1,02;1,95;1,99;2,28;2,99;2,42;2,66;3,78;3,04;3,12;4,29;10,59;13,56
48909;Nabarniz;2,36;6,35;4,96;2,56;2,54;3,97;4,58;5,41;2,68;5,56;6,80;14,29;20,00
01041;Navaridas;43,12;44,83;48,00;53,76;60,20;44,00;45,92;42,20;51,19;35,63;29,41;65,85;63,10
20063;Oiartzun;0,77;1,18;1,06;1,26;1,51;1,32;1,50;1,71;1,16;1,22;1,31;2,57;4,01
01042;Okondo;3,41;3,54;3,44;4,08;4,68;3,50;3,73;3,95;4,20;3,97;4,10;8,96;17,94
20058;Olaberria;1,67;1,68;1,43;1,99;2,07;2,06;1,83;2,11;2,40;2,43;1,59;2,48;6,06
48073;Ondarroa;6,13;7,20;6,20;6,58;7,36;7,41;7,66;7,89;9,13;8,77;12,33;19,26;27,37
20076;Ordizia;0,33;0,48;0,38;0,61;0,53;0,45;0,52;1,14;0,53;0,67;0,68;0,62;0,67
20905;Orendain;5,56;10,40;10,34;11,54;9,00;9,90;9,00;14,13;13,10;10,84;13,04;29,41;28,57
20060;Orexa;10,00;14,58;4,00;7,84;5,77;7,69;7,02;7,55;12,96;12,07;5,56;13,46;23,08
20061;Orio;2,18;2,70;1,25;1,41;1,60;1,46;1,72;2,03;2,83;2,51;4,74;8,23;13,48
20062;Ormaiztegi;0,19;0,19;0,19;0,18;0,35;0,18;0,35;0,70;0,71;0,34;0,65;0,41;1,45
48075;Orozko;2,37;3,40;3,44;3,95;4,43;4,43;4,13;5,04;3,86;2,88;2,94;4,45;6,51
48083;Ortuella;0,27;0,25;0,15;0,23;0,20;0,32;0,39;0,69;0,27;0,14;0,37;0,61;0,65
48072;Otxandio;1,88;2,92;2,09;2,42;2,21;2,55;2,30;2,25;3,08;1,84;2,14;2,96;5,09
01043;Oyón-Oion;7,88;8,67;8,80;10,30;11,56;9,69;10,25;11,07;6,75;4,47;5,25;6,59;8,20
20059;Oñati;0,46;0,59;0,68;0,70;0,68;0,76;0,73;1,05;0,81;0,69;0,47;0,97;1,19
20064;Pasaia;0,56;0,62;0,76;0,78;0,82;0,89;1,10;1,39;1,46;1,62;2,04;5,04;7,65
01044;Peñacerrada-Urizaharra;11,70;12,72;9,77;12,82;11,18;13,55;12,41;12,32;9,85;9,35;11,86;23,47;40,34
48077;Plentzia;0,58;0,54;0,35;0,62;0,62;0,97;0,69;1,27;0,78;0,77;1,16;1,32;1,19
48078;Portugalete;0,19;0,24;0,13;0,14;0,20;0,22;0,29;0,53;0,27;0,27;0,36;0,25;0,24
01047;Ribera Baja/Erribera Beitia;1,63;2,29;2,13;2,56;3,37;2,92;3,92;5,09;3,39;1,84;3,04;8,38;19,21
01051;Salvatierra/Agurain;1,41;1,41;1,35;1,48;1,68;1,82;2,23;2,73;1,45;1,65;1,10;2,33;2,65
01052;Samaniego;26,67;30,40;30,58;30,30;34,65;25,96;23,62;27,56;30,71;28,48;19,84;32,48;48,21
01053;San Millán/Donemiliaga;15,68;18,11;16,53;20,57;19,72;21,41;21,43;23,51;19,53;14,57;13,12;27,98;36,31
48082;Santurtzi;0,36;0,42;0,31;0,27;0,37;0,31;0,37;0,60;0,38;0,36;0,43;0,60;0,61
20070;Segura;1,31;2,05;2,24;2,43;2,78;2,71;2,42;2,92;2,07;1,68;2,14;3,41;5,18
48084;Sestao;0,40;0,55;0,37;0,28;0,40;0,38;0,29;0,60;0,34;0,33;0,30;0,42;0,16
48904;Sondika;0,19;0,24;0,30;0,30;0,36;0,21;0,42;0,63;0,21;0,05;0,56;0,70;0,34
48085;Sopela;0,22;0,29;0,33;0,32;0,47;0,33;0,41;0,63;0,39;0,47;0,62;0,76;0,74
48086;Sopuerta;1,13;1,51;1,86;1,91;2,01;1,97;2,13;2,47;1,63;1,31;1,55;4,18;6,43
20065;Soraluze-Placencia de las Armas;0,39;0,39;0,33;0,24;0,37;0,37;0,33;0,65;0,72;0,54;0,73;0,70;0,45
48076;Sukarrieta;1,29;2,07;2,24;2,36;1,64;1,49;2,08;1,32;1,45;2,13;1,44;1,91;5,13
20071;Tolosa;0,34;0,49;0,56;0,65;0,79;0,60;0,69;1,19;0,67;0,73;0,64;1,23;1,53
48087;Trucios-Turtzioz;3,14;6,73;7,88;6,31;6,77;7,73;7,92;9,72;7,55;6,78;10,18;14,94;24,52
48088;Ubide;4,17;5,56;5,06;6,59;6,17;3,61;3,30;7,14;4,65;5,75;5,63;10,14;13,04
48065;Ugao-Miraballes;0,37;0,54;0,44;0,54;0,77;0,72;0,75;0,91;0,46;0,33;0,50;1,09;0,92
48089;Urduliz;0,33;0,46;0,50;0,75;0,73;0,82;0,98;1,33;0,79;0,89;1,14;1,85;2,34
48074;Urduña/Orduña;1,23;2,36;2,75;2,95;3,02;2,93;2,78;3,26;1,89;1,63;1,67;2,31;3,23
01054;Urkabustaiz;5,82;6,62;7,33;8,28;6,85;7,91;8,99;8,18;7,70;6,64;5,29;9,95;14,33
20072;Urnieta;1,03;1,44;1,47;1,57;1,47;1,87;1,78;2,07;1,13;0,84;1,36;2,30;4,60
20077;Urretxu;0,28;0,51;0,43;0,49;0,47;0,58;0,53;0,77;0,32;0,17;0,53;0,32;0,83
20073;Usurbil;0,80;1,39;1,39;1,60;1,74;1,70;1,49;2,05;1,22;1,38;1,20;3,12;4,22
01055;Valdegovía/Gaubea;9,07;10,04;11,11;11,19;10,70;11,49;11,98;13,57;7,96;6,74;7,88;18,37;36,78
48080;Valle de Trápaga-Trapagaran;0,17;0,21;0,20;0,22;0,26;0,35;0,30;0,48;0,34;0,23;0,54;0,65;0,48
20075;Villabona;0,84;1,45;1,33;1,71;1,68;1,71;1,50;2,07;1,03;0,86;0,97;1,41;2,67
01057;Villabuena de Álava/Eskuernaga;31,16;40,14;43,08;47,24;49,63;42,86;40,94;46,56;41,67;31,06;13,97;18,46;56,45
01059;Vitoria-Gasteiz;0,42;0,47;0,45;0,46;0,51;0,64;0,60;1,12;0,62;0,53;0,55;0,80;0,80
01060;Yécora/Iekora;38,00;46,24;52,17;59,77;56,18;52,53;51,43;55,34;42,98;19,83;18,03;36,94;36,27
48095;Zaldibar;0,82;0,95;0,77;0,75;0,89;1,33;1,28;1,51;1,15;0,73;1,15;2,69;2,77
20078;Zaldibia;1,73;2,41;2,35;2,46;2,84;3,32;4,23;3,70;2,86;2,49;2,75;3,84;6,39
01061;Zalduondo;5,65;5,31;5,41;4,85;4,08;4,17;7,92;6,42;7,61;7,92;7,53;17,74;20,00
48096;Zalla;2,25;2,90;3,20;3,76;3,68;3,55;2,95;3,58;2,39;2,25;1,90;2,90;3,07
01062;Zambrana;6,11;4,66;7,91;8,76;8,00;8,33;9,70;12,27;6,75;5,84;2,05;11,11;19,40
48905;Zamudio;0,87;1,33;1,36;1,23;1,25;1,33;1,52;1,63;0,85;0,98;1,11;1,88;3,93
48097;Zaratamo;0,94;1,07;1,22;1,23;0,83;0,28;0,89;1,62;0,44;0,79;0,78;1,17;0,61
20079;Zarautz;0,58;0,88;0,70;0,94;1,09;0,93;1,02;1,43;0,88;0,75;1,09;2,07;2,41
48024;Zeanuri;2,89;4,19;3,72;4,52;4,52;3,81;5,02;5,26;4,21;2,62;2,69;4,22;10,19
48025;Zeberio;1,32;1,95;2,84;3,21;2,56;3,25;3,23;2,89;2,52;2,24;2,30;7,25;9,27
20025;Zegama;2,86;2,55;2,43;3,15;3,17;3,20;3,54;3,50;2,14;1,78;2,73;3,68;6,99
20026;Zerain;5,65;6,06;5,93;8,93;9,82;7,96;6,36;7,77;9,17;5,66;5,41;5,41;16,05
20027;Zestoa;3,29;3,59;3,30;3,67;4,31;3,23;3,64;4,61;2,45;2,27;3,50;6,85;10,60
48913;Zierbena;1,26;1,20;1,63;1,21;1,23;1,44;1,29;1,58;1,16;1,06;1,15;1,89;3,19
01018;Zigoitia;3,12;3,70;3,93;4,98;4,93;4,19;4,52;4,93;4,42;4,18;4,19;7,25;14,51
48915;Ziortza-Bolibar;3,85;6,28;6,19;7,35;6,70;6,97;7,46;7,62;5,35;3,76;4,57;5,68;6,15
20028;Zizurkil;1,76;1,57;1,41;1,53;1,91;1,26;2,06;1,88;1,28;1,60;1,45;3,83;3,64
01063;Zuia;2,74;2,96;2,90;2,92;3,27;2,80;2,82;3,28;2,41;2,07;2,87;5,96;10,70
20081;Zumaia;0,42;0,77;0,54;0,77;1,01;0,92;1,05;1,55;0,88;0,95;1,53;2,71;3,32
20080;Zumarraga;0,19;0,39;0,33;0,38;0,57;0,52;0,51;0,79;0,36;0,30;0,38;0,46;0,74
