Indicadores municipales de sostenibilidad: Renta personal disponible (?);;;;;;;;;;;;;;;;
"";;;;;;;;;;;;;;;;
Resumen de datos;;;;;;;;;;;;;;;;
Entidad;;2022;2021;2020;2019;2018;2017;2016;2015;2014;2013;2011;2009;2006;2003;2001
Araba/Álava;;19.709,00;18.613,00;17.969,00;18.323,00;17.511,00;17.084,00;16.694,00;16.667,00;16.343,00;16.410,00;17.206,00;16.891,00;14.584,00;12.061,00;11.460,00
Bizkaia;;20.355,00;19.082,00;18.345,00;18.287,00;17.337,00;17.238,00;16.565,00;16.390,00;16.003,00;15.921,00;16.171,00;16.411,00;14.501,00;11.428,00;10.464,00
CAE;;20.855,00;19.366,00;18.699,00;18.768,00;17.860,00;17.615,00;17.000,00;16.731,00;16.235,00;16.216,00;16.711,00;16.808,00;14.598,00;11.647,00;10.800,00
Gipuzkoa;;22.187,00;20.169,00;19.606,00;19.751,00;18.867,00;18.470,00;17.848,00;17.317,00;16.567,00;16.613,00;17.384,00;17.432,00;14.767,00;11.833,00;11.086,00
"";;;;;;;;;;;;;;;;
Detalle por comarcas;;;;;;;;;;;;;;;;
Código comarca;Comarca;2022;2021;2020;2019;2018;2017;2016;2015;2014;2013;2011;2009;2006;2003;2001
01100;Arabako Ibarrak / Valles Alaveses;18.799,00;18.096,00;16.825,00;16.593,00;16.199,00;15.955,00;15.675,00;15.529,00;15.073,00;15.461,00;16.242,00;16.064,00;14.121,00;11.266,00;
01200;Arabako Lautada / Llanada Alavesa;19.924,00;18.742,00;18.164,00;18.376,00;17.675,00;17.245,00;16.854,00;16.806,00;16.490,00;16.587,00;17.470,00;17.145,00;14.848,00;12.320,00;
01300;Arabako Mendialdea / Montaña Alavesa;19.007,00;20.564,00;17.773,00;24.252,00;17.208,00;16.388,00;15.905,00;16.038,00;15.607,00;15.678,00;16.018,00;15.936,00;12.428,00;10.424,00;
48100;Arratia Nerbioi / Arratia-Nervión;19.880,00;18.600,00;18.000,00;18.105,00;17.138,00;17.176,00;16.725,00;16.444,00;16.290,00;15.853,00;15.781,00;16.001,00;13.925,00;11.262,00;
20200;Bidasoa Beherea / Bajo Bidasoa;21.089,00;18.247,00;17.623,00;17.435,00;16.683,00;16.193,00;15.738,00;15.502,00;14.746,00;14.950,00;15.947,00;15.849,00;13.960,00;10.801,00;
48200;Bilbo Handia / Gran Bilbao;20.272,00;18.941,00;18.225,00;18.145,00;17.210,00;17.152,00;16.458,00;16.317,00;15.936,00;15.869,00;16.165,00;16.443,00;14.641,00;11.450,00;
20100;Deba Beherea / Bajo Deba;21.066,00;19.635,00;19.297,00;19.097,00;18.808,00;18.554,00;18.211,00;16.799,00;16.109,00;16.120,00;16.788,00;16.806,00;14.255,00;11.470,00;
20300;Debagoiena / Alto Deba;22.725,00;20.940,00;20.476,00;20.842,00;20.061,00;19.765,00;18.511,00;17.935,00;16.792,00;17.015,00;17.894,00;18.363,00;15.198,00;12.695,00;
20400;Donostialdea / Donostia-San Sebastián;22.551,00;20.414,00;19.776,00;20.089,00;19.023,00;18.634,00;18.020,00;17.565,00;16.888,00;16.877,00;17.650,00;17.742,00;15.192,00;11.935,00;
48300;Durangaldea / Duranguesado;20.583,00;19.384,00;19.021,00;18.906,00;17.901,00;17.635,00;17.119,00;16.708,00;16.323,00;16.139,00;16.283,00;16.635,00;13.885,00;11.514,00;
48400;Enkartazioak / Encartaciones;17.996,00;16.927,00;16.298,00;16.125,00;15.216,00;15.009,00;14.484,00;14.316,00;13.907,00;13.975,00;14.075,00;14.339,00;12.719,00;9.922,00;
01400;Errioxa Arabarra / Rioja Alavesa;15.290,00;15.028,00;14.405,00;15.430,00;14.829,00;14.513,00;14.253,00;13.965,00;13.210,00;12.915,00;13.376,00;13.453,00;12.585,00;9.740,00;
48500;Gernika-Bermeo;19.995,00;18.591,00;17.948,00;18.026,00;17.383,00;16.980,00;16.544,00;16.180,00;15.826,00;15.783,00;15.585,00;15.530,00;13.499,00;10.791,00;
20500;Goierri;21.841,00;20.456,00;19.968,00;19.928,00;19.338,00;18.939,00;18.628,00;17.924,00;17.107,00;17.193,00;17.751,00;17.433,00;14.478,00;11.903,00;
01500;Gorbeia Inguruak / Estribaciones del Gorbea;22.666,00;21.203,00;20.368,00;21.385,00;19.895,00;19.558,00;19.190,00;19.343,00;18.997,00;18.973,00;19.952,00;19.234,00;16.209,00;13.694,00;
01600;Kantauri Arabarra / Cantábrica Alavesa;18.983,00;18.041,00;17.267,00;17.873,00;16.816,00;16.381,00;15.943,00;16.119,00;15.926,00;15.866,00;16.138,00;15.836,00;13.260,00;10.868,00;
48600;Markina-Ondarroa;19.517,00;20.280,00;17.489,00;17.514,00;16.971,00;16.745,00;15.904,00;15.549,00;15.035,00;14.755,00;14.842,00;14.545,00;12.449,00;10.397,00;
48700;Plentzia-Mungia;23.332,00;21.926,00;21.011,00;21.322,00;19.795,00;19.680,00;18.797,00;18.790,00;18.256,00;18.287,00;18.703,00;18.649,00;16.585,00;13.115,00;
20600;Tolosaldea / Tolosa;22.077,00;19.921,00;19.516,00;19.187,00;18.649,00;18.347,00;17.642,00;17.265,00;16.733,00;16.860,00;17.619,00;17.214,00;14.378,00;11.860,00;
20700;Urola-Kostaldea / Urola Costa;22.446,00;20.729,00;20.141,00;20.409,00;19.181,00;18.588,00;17.868,00;17.448,00;16.590,00;16.502,00;17.211,00;17.532,00;14.229,00;11.907,00;
"";;;;;;;;;;;;;;;;
Detalle por municipios;;;;;;;;;;;;;;;;
Código municipio;Municipio;2022;2021;2020;2019;2018;2017;2016;2015;2014;2013;2011;2009;2006;2003;2001
48001;Abadiño;20.248,00;19.223,00;19.760,00;18.977,00;18.027,00;18.067,00;17.620,00;17.176,00;16.688,00;16.210,00;16.537,00;16.573,00;14.488,00;12.287,00;10.503,00
20001;Abaltzisketa;21.362,00;20.942,00;25.891,00;21.049,00;20.395,00;27.779,00;17.490,00;16.921,00;18.202,00;18.454,00;20.527,00;17.799,00;14.683,00;12.390,00;11.296,00
48002;Abanto y Ciérvana-Abanto Zierbena;18.413,00;17.299,00;16.659,00;16.638,00;15.722,00;15.312,00;14.941,00;14.698,00;14.313,00;14.160,00;14.531,00;14.890,00;13.372,00;10.523,00;9.413,00
20002;Aduna;23.630,00;21.130,00;21.353,00;22.334,00;21.454,00;21.557,00;19.121,00;19.092,00;18.127,00;17.520,00;18.426,00;18.201,00;16.046,00;11.798,00;9.281,00
20016;Aia;21.013,00;19.251,00;18.823,00;17.979,00;17.356,00;17.258,00;16.888,00;16.080,00;15.433,00;15.612,00;15.818,00;15.584,00;11.880,00;10.063,00;8.883,00
20003;Aizarnazabal;21.014,00;19.198,00;18.893,00;19.325,00;18.030,00;17.755,00;17.309,00;16.581,00;15.214,00;14.872,00;16.138,00;17.424,00;12.252,00;11.700,00;10.218,00
48911;Ajangiz;23.359,00;20.592,00;20.008,00;21.245,00;20.438,00;20.887,00;19.511,00;19.331,00;18.705,00;18.516,00;18.501,00;17.317,00;14.430,00;11.260,00;10.762,00
20004;Albiztur;22.958,00;21.332,00;20.570,00;22.093,00;20.101,00;20.914,00;19.566,00;18.417,00;18.738,00;18.517,00;18.758,00;18.668,00;15.024,00;11.685,00;10.990,00
20005;Alegia;19.074,00;18.211,00;17.992,00;17.242,00;17.186,00;17.006,00;16.117,00;15.986,00;15.029,00;15.423,00;15.774,00;15.231,00;13.168,00;11.034,00;10.013,00
01001;Alegría-Dulantzi;19.151,00;18.580,00;17.931,00;18.443,00;17.630,00;17.514,00;17.484,00;17.333,00;17.092,00;16.761,00;17.876,00;17.906,00;15.917,00;13.225,00;11.775,00
20006;Alkiza;21.724,00;19.633,00;19.545,00;20.063,00;19.186,00;18.406,00;18.327,00;18.360,00;17.069,00;17.057,00;16.422,00;16.800,00;13.223,00;10.968,00;9.982,00
48912;Alonsotegi;17.928,00;16.580,00;15.985,00;15.879,00;14.885,00;14.804,00;14.419,00;14.245,00;13.924,00;13.646,00;14.109,00;14.318,00;12.567,00;10.172,00;8.694,00
20906;Altzaga;22.458,00;19.342,00;18.371,00;19.562,00;18.570,00;19.256,00;18.183,00;17.538,00;17.513,00;16.869,00;18.235,00;17.916,00;14.111,00;12.372,00;9.964,00
20007;Altzo;22.857,00;21.365,00;21.230,00;21.228,00;19.177,00;19.593,00;18.151,00;17.585,00;17.355,00;16.863,00;17.291,00;17.505,00;13.675,00;12.997,00;11.315,00
20008;Amezketa;21.436,00;21.513,00;19.914,00;20.754,00;19.338,00;18.816,00;17.874,00;16.888,00;16.398,00;16.287,00;17.101,00;16.125,00;13.094,00;12.208,00;11.225,00
48003;Amorebieta-Etxano;20.923,00;19.505,00;18.816,00;18.871,00;18.010,00;17.836,00;16.885,00;16.667,00;16.383,00;16.181,00;16.307,00;17.401,00;14.449,00;11.947,00;10.620,00
48004;Amoroto;20.406,00;19.113,00;18.150,00;18.312,00;17.447,00;17.229,00;16.438,00;16.565,00;16.162,00;16.016,00;15.677,00;15.910,00;13.048,00;11.179,00;9.853,00
01002;Amurrio;19.389,00;18.412,00;17.462,00;18.010,00;17.046,00;16.645,00;16.036,00;16.415,00;16.375,00;16.295,00;16.505,00;16.027,00;13.983,00;11.067,00;10.377,00
20009;Andoain;19.793,00;18.403,00;18.175,00;17.816,00;17.054,00;16.760,00;16.498,00;16.039,00;15.400,00;15.620,00;15.999,00;16.042,00;13.468,00;10.828,00;9.832,00
20010;Anoeta;20.207,00;19.109,00;18.515,00;18.221,00;17.648,00;16.987,00;16.517,00;15.869,00;15.623,00;16.085,00;16.516,00;16.045,00;13.454,00;11.145,00;10.251,00
20011;Antzuola;24.447,00;22.953,00;22.043,00;22.611,00;21.947,00;22.045,00;20.475,00;19.965,00;18.393,00;18.579,00;18.924,00;19.024,00;15.611,00;13.300,00;11.936,00
48005;Arakaldo;20.314,00;19.599,00;18.971,00;20.331,00;19.527,00;19.648,00;18.985,00;18.688,00;17.722,00;15.612,00;17.628,00;18.887,00;16.175,00;11.893,00;10.894,00
20012;Arama;27.118,00;24.945,00;22.037,00;22.836,00;22.656,00;21.853,00;23.192,00;21.000,00;21.770,00;19.265,00;22.605,00;19.295,00;14.777,00;11.903,00;10.776,00
01003;Aramaio;21.188,00;19.535,00;19.413,00;21.582,00;19.821,00;19.666,00;20.063,00;19.109,00;18.550,00;17.838,00;20.099,00;18.681,00;14.830,00;12.653,00;11.876,00
48006;Arantzazu;21.680,00;19.961,00;20.130,00;19.739,00;19.359,00;19.425,00;19.003,00;19.421,00;17.727,00;18.103,00;18.619,00;18.358,00;14.809,00;13.248,00;11.441,00
48093;Areatza;18.774,00;17.745,00;16.959,00;17.727,00;16.942,00;16.460,00;15.914,00;15.464,00;15.891,00;15.393,00;15.143,00;15.110,00;12.890,00;10.632,00;9.958,00
20013;Aretxabaleta;23.331,00;21.571,00;21.194,00;21.350,00;20.587,00;20.597,00;18.958,00;18.137,00;16.731,00;17.137,00;18.211,00;19.754,00;15.559,00;13.510,00;13.044,00
01006;Armiñón;18.944,00;20.397,00;17.680,00;17.757,00;16.916,00;15.883,00;14.649,00;16.384,00;15.002,00;14.726,00;16.208,00;15.572,00;17.525,00;10.947,00;10.574,00
01037;Arraia-Maeztu;21.078,00;29.773,00;19.286,00;47.714,00;19.680,00;18.026,00;16.578,00;17.804,00;16.401,00;16.710,00;17.118,00;16.119,00;13.659,00;10.883,00;9.807,00
48009;Arrankudiaga;22.259,00;20.831,00;19.042,00;18.989,00;17.610,00;17.996,00;19.034,00;17.454,00;17.072,00;16.691,00;17.151,00;17.527,00;14.368,00;12.695,00;10.316,00
20055;Arrasate/Mondragón;21.423,00;19.936,00;19.616,00;20.057,00;18.992,00;18.692,00;17.450,00;16.605,00;15.643,00;16.023,00;16.942,00;17.411,00;14.533,00;12.108,00;11.758,00
48914;Arratzu;22.723,00;21.085,00;20.463,00;20.622,00;19.628,00;19.582,00;18.557,00;18.384,00;17.578,00;17.209,00;16.990,00;17.136,00;13.994,00;11.403,00;11.246,00
01008;Arratzua-Ubarrundia;29.925,00;22.462,00;21.763,00;22.808,00;20.938,00;21.647,00;21.611,00;21.395,00;20.575,00;21.544,00;26.047,00;22.926,00;17.478,00;15.695,00;13.100,00
48010;Arrieta;23.400,00;22.392,00;20.783,00;21.968,00;20.300,00;21.748,00;18.322,00;18.038,00;18.456,00;17.369,00;17.439,00;17.870,00;14.546,00;11.473,00;9.756,00
48011;Arrigorriaga;19.127,00;17.928,00;17.520,00;17.317,00;16.366,00;16.063,00;15.551,00;15.537,00;15.025,00;14.957,00;15.523,00;15.894,00;13.781,00;11.509,00;10.011,00
48023;Artea;22.083,00;20.932,00;20.310,00;20.905,00;19.521,00;20.124,00;18.980,00;17.659,00;18.423,00;17.773,00;17.268,00;17.392,00;14.804,00;12.037,00;11.668,00
48008;Artzentales;18.211,00;16.607,00;16.469,00;15.677,00;15.960,00;14.879,00;14.331,00;14.287,00;13.545,00;14.015,00;13.356,00;14.655,00;12.527,00;10.058,00;8.996,00
01004;Artziniega;19.215,00;17.462,00;16.725,00;17.119,00;16.717,00;16.062,00;15.862,00;15.836,00;15.808,00;15.868,00;16.020,00;16.028,00;13.323,00;10.453,00;11.013,00
01009;Asparrena;17.968,00;17.027,00;17.531,00;18.256,00;17.239,00;16.847,00;16.660,00;16.046,00;16.552,00;15.728,00;15.895,00;15.858,00;12.190,00;10.442,00;10.052,00
20014;Asteasu;21.051,00;20.261,00;19.171,00;19.269,00;18.044,00;19.301,00;17.530,00;17.237,00;16.232,00;16.449,00;17.036,00;16.945,00;13.577,00;12.547,00;10.603,00
20903;Astigarraga;23.322,00;21.431,00;21.197,00;21.098,00;19.651,00;18.978,00;18.067,00;17.555,00;17.668,00;16.883,00;17.237,00;16.893,00;13.769,00;11.161,00;10.300,00
20015;Ataun;22.681,00;21.381,00;20.681,00;20.645,00;20.288,00;19.402,00;18.845,00;18.395,00;18.014,00;18.333,00;18.486,00;17.854,00;12.415,00;12.178,00;10.461,00
48091;Atxondo;20.208,00;18.836,00;18.013,00;17.416,00;17.435,00;16.348,00;15.993,00;15.648,00;15.075,00;15.096,00;15.511,00;16.160,00;13.818,00;11.438,00;10.533,00
48070;Aulesti;19.131,00;17.722,00;17.531,00;18.062,00;17.138,00;16.812,00;16.786,00;16.445,00;15.701,00;15.765,00;15.770,00;15.170,00;12.691,00;10.408,00;9.848,00
01010;Ayala/Aiara;19.837,00;19.124,00;18.622,00;18.565,00;18.040,00;17.302,00;16.850,00;16.759,00;16.726,00;16.546,00;16.933,00;16.975,00;14.394,00;12.005,00;10.271,00
20017;Azkoitia;22.000,00;20.315,00;19.726,00;19.595,00;18.986,00;18.383,00;17.419,00;17.004,00;16.508,00;16.382,00;16.700,00;16.734,00;14.275,00;11.802,00;10.905,00
20018;Azpeitia;21.574,00;19.911,00;19.454,00;21.898,00;18.500,00;18.138,00;17.459,00;17.131,00;16.357,00;16.266,00;16.542,00;17.773,00;13.477,00;12.192,00;11.243,00
01049;Añana;19.421,00;19.990,00;18.465,00;17.333,00;15.305,00;15.087,00;16.046,00;14.325,00;12.927,00;15.033,00;15.214,00;14.179,00;11.263,00;10.134,00;9.198,00
48012;Bakio;23.573,00;22.623,00;22.006,00;24.212,00;20.579,00;20.859,00;20.225,00;21.031,00;19.087,00;19.454,00;20.076,00;19.898,00;16.963,00;14.184,00;11.501,00
20904;Baliarrain;24.201,00;22.831,00;20.567,00;20.415,00;20.286,00;20.510,00;17.944,00;18.927,00;18.378,00;19.829,00;18.323,00;17.342,00;12.937,00;10.136,00;8.930,00
48090;Balmaseda;16.875,00;15.956,00;15.236,00;15.219,00;14.352,00;14.056,00;13.614,00;13.442,00;12.927,00;12.696,00;13.401,00;13.399,00;12.282,00;9.436,00;8.547,00
48013;Barakaldo;17.885,00;16.899,00;16.199,00;16.093,00;15.177,00;15.117,00;14.602,00;14.493,00;14.225,00;14.122,00;14.367,00;14.566,00;12.804,00;10.014,00;9.199,00
48014;Barrika;23.416,00;22.215,00;20.200,00;20.236,00;18.951,00;19.109,00;17.939,00;18.120,00;18.359,00;22.890,00;19.845,00;20.016,00;17.393,00;12.730,00;11.634,00
01013;Barrundia;21.196,00;20.834,00;19.892,00;20.142,00;18.984,00;19.264,00;18.932,00;18.915,00;18.581,00;18.967,00;20.342,00;19.440,00;15.654,00;13.755,00;11.277,00
48015;Basauri;17.224,00;16.289,00;15.848,00;15.770,00;14.990,00;14.762,00;14.271,00;14.147,00;13.898,00;13.836,00;14.295,00;14.499,00;11.963,00;10.023,00;9.443,00
01011;Baños de Ebro/Mañueta;10.726,00;12.066,00;11.214,00;13.400,00;12.545,00;13.053,00;13.228,00;12.303,00;11.876,00;10.876,00;10.961,00;11.845,00;8.900,00;8.935,00;9.040,00
20019;Beasain;22.714,00;21.403,00;20.676,00;20.878,00;20.844,00;19.857,00;19.790,00;18.743,00;17.634,00;17.804,00;18.589,00;18.233,00;15.276,00;12.539,00;11.659,00
48092;Bedia;20.471,00;18.539,00;17.785,00;18.011,00;17.053,00;16.618,00;15.696,00;15.272,00;15.405,00;15.996,00;15.423,00;15.338,00;13.550,00;10.838,00;10.294,00
20020;Beizama;21.141,00;17.374,00;18.504,00;19.733,00;15.964,00;18.463,00;15.199,00;14.165,00;15.038,00;13.145,00;15.241,00;18.225,00;13.456,00;12.099,00;10.586,00
20021;Belauntza;25.953,00;18.881,00;19.057,00;18.899,00;17.813,00;17.293,00;17.665,00;17.918,00;15.652,00;16.322,00;17.864,00;19.091,00;14.191,00;10.546,00;11.253,00
48016;Berango;23.900,00;22.658,00;21.735,00;22.244,00;21.445,00;21.814,00;20.247,00;20.275,00;19.520,00;19.516,00;20.882,00;19.705,00;17.129,00;13.171,00;10.791,00
01014;Berantevilla;19.267,00;17.485,00;15.852,00;15.354,00;15.167,00;14.905,00;14.458,00;14.509,00;14.539,00;16.111,00;16.177,00;14.802,00;16.116,00;10.330,00;9.202,00
20022;Berastegi;24.035,00;21.001,00;20.602,00;20.380,00;19.365,00;18.384,00;17.495,00;17.125,00;16.951,00;16.880,00;17.669,00;17.237,00;15.107,00;11.578,00;9.974,00
20074;Bergara;22.702,00;20.715,00;20.139,00;20.689,00;19.883,00;19.498,00;18.498,00;18.538,00;17.359,00;17.339,00;18.171,00;18.396,00;15.344,00;12.872,00;12.270,00
48017;Bermeo;18.811,00;17.443,00;17.000,00;16.792,00;16.478,00;15.678,00;15.527,00;15.289,00;14.857,00;15.099,00;14.544,00;14.121,00;12.436,00;9.882,00;9.035,00
01016;Bernedo;18.963,00;18.091,00;18.415,00;17.702,00;16.864,00;15.914,00;16.148,00;15.892,00;15.783,00;15.939,00;16.033,00;16.368,00;13.118,00;11.310,00;10.268,00
48018;Berriatua;19.784,00;19.974,00;17.774,00;17.580,00;16.566,00;16.244,00;16.167,00;16.036,00;15.079,00;14.719,00;13.777,00;13.787,00;12.368,00;11.053,00;9.779,00
48019;Berriz;19.956,00;18.815,00;18.489,00;18.328,00;17.544,00;17.306,00;17.173,00;16.475,00;16.034,00;15.707,00;15.844,00;16.102,00;14.053,00;11.436,00;10.308,00
20023;Berrobi;20.398,00;18.762,00;19.006,00;18.123,00;17.519,00;17.365,00;17.115,00;16.443,00;15.138,00;16.027,00;15.592,00;14.895,00;13.867,00;11.166,00;9.738,00
20024;Bidania-Goiatz;20.849,00;18.863,00;18.015,00;17.942,00;17.631,00;17.602,00;16.555,00;17.084,00;15.354,00;15.210,00;15.028,00;14.852,00;12.357,00;10.441,00;9.719,00
48020;Bilbao;20.849,00;19.405,00;18.647,00;18.663,00;17.685,00;17.556,00;16.976,00;16.797,00;16.399,00;16.318,00;16.520,00;16.951,00;15.099,00;11.798,00;10.837,00
48021;Busturia;19.408,00;17.815,00;17.869,00;17.354,00;16.642,00;16.981,00;15.965,00;16.043,00;15.760,00;15.908,00;15.810,00;16.060,00;14.207,00;10.505,00;9.975,00
01017;Campezo/Kanpezu;17.841,00;16.940,00;16.596,00;16.614,00;15.505,00;15.139,00;14.946,00;14.610,00;14.123,00;14.349,00;15.268,00;15.704,00;11.473,00;10.149,00;9.127,00
20029;Deba;21.910,00;21.443,00;19.386,00;19.455,00;19.801,00;19.685,00;17.901,00;17.209,00;16.181,00;16.074,00;16.782,00;17.451,00;14.205,00;11.491,00;10.713,00
48901;Derio;20.661,00;20.185,00;19.447,00;18.777,00;17.435,00;17.277,00;16.652,00;16.400,00;15.807,00;15.626,00;15.785,00;15.650,00;14.509,00;10.775,00;9.853,00
48026;Dima;22.137,00;20.879,00;20.246,00;20.074,00;18.983,00;18.392,00;18.101,00;17.699,00;17.529,00;17.325,00;17.170,00;17.432,00;15.714,00;12.625,00;11.287,00
20069;Donostia / San Sebastián;25.001,00;22.264,00;21.481,00;22.143,00;20.819,00;20.486,00;19.750,00;19.203,00;18.389,00;18.313,00;19.168,00;19.379,00;16.628,00;12.955,00;12.399,00
48027;Durango;21.780,00;20.469,00;20.457,00;20.509,00;18.984,00;18.751,00;18.235,00;17.888,00;17.399,00;17.407,00;17.483,00;17.904,00;14.184,00;12.106,00;11.505,00
48028;Ea;21.220,00;18.993,00;18.320,00;19.044,00;17.285,00;17.463,00;16.649,00;16.665,00;15.751,00;15.790,00;16.362,00;16.455,00;14.597,00;12.171,00;10.133,00
20030;Eibar;20.867,00;19.357,00;19.142,00;19.135,00;18.677,00;18.534,00;18.942,00;16.829,00;16.093,00;16.231,00;16.895,00;16.817,00;14.643,00;11.639,00;11.023,00
48031;Elantxobe;17.816,00;15.930,00;16.057,00;16.500,00;15.137,00;14.903,00;14.593,00;14.904,00;14.860,00;14.331,00;14.191,00;13.878,00;12.570,00;9.174,00;8.507,00
01021;Elburgo/Burgelu;23.083,00;21.878,00;20.039,00;19.992,00;19.493,00;19.870,00;18.737,00;20.138,00;19.572,00;20.032,00;20.865,00;20.942,00;18.223,00;15.689,00;14.105,00
01022;Elciego;18.257,00;17.070,00;16.587,00;17.007,00;16.549,00;16.739,00;16.527,00;16.462,00;15.059,00;14.735,00;14.880,00;15.398,00;14.024,00;11.344,00;9.522,00
20031;Elduain;22.739,00;20.573,00;20.419,00;20.211,00;19.714,00;19.705,00;19.375,00;19.122,00;18.359,00;18.674,00;18.593,00;18.516,00;14.580,00;12.291,00;11.284,00
20033;Elgeta;22.465,00;20.672,00;20.492,00;20.558,00;19.826,00;19.084,00;19.048,00;18.595,00;16.770,00;16.901,00;18.132,00;17.553,00;14.071,00;11.508,00;10.682,00
20032;Elgoibar;22.328,00;20.079,00;20.713,00;19.589,00;19.479,00;19.138,00;17.853,00;17.286,00;16.632,00;16.633,00;17.119,00;17.007,00;14.305,00;11.677,00;11.058,00
48032;Elorrio;20.847,00;19.699,00;18.839,00;18.987,00;17.986,00;17.943,00;17.697,00;17.110,00;16.557,00;16.271,00;16.497,00;16.744,00;14.254,00;11.757,00;10.908,00
01023;Elvillar/Bilar;12.384,00;12.408,00;12.367,00;15.707,00;15.377,00;15.088,00;13.966,00;13.679,00;11.633,00;10.608,00;10.628,00;12.174,00;10.520,00;9.198,00;9.259,00
48902;Erandio;17.132,00;15.880,00;15.436,00;15.239,00;14.504,00;14.321,00;13.915,00;13.699,00;13.419,00;13.321,00;13.374,00;13.593,00;11.889,00;9.307,00;8.492,00
48033;Ereño;21.374,00;22.202,00;20.121,00;19.832,00;19.891,00;18.472,00;18.659,00;18.594,00;18.934,00;19.104,00;18.809,00;18.648,00;17.142,00;12.275,00;9.854,00
48034;Ermua;18.404,00;17.342,00;16.622,00;16.562,00;15.940,00;15.622,00;15.173,00;14.785,00;14.410,00;14.144,00;14.342,00;14.311,00;12.623,00;9.918,00;9.242,00
20067;Errenteria;18.176,00;17.132,00;16.618,00;16.413,00;15.847,00;15.396,00;14.935,00;14.593,00;14.179,00;14.306,00;14.916,00;14.882,00;12.842,00;9.916,00;9.163,00
20066;Errezil;18.912,00;17.725,00;17.899,00;16.449,00;16.506,00;15.555,00;14.992,00;15.215,00;14.439,00;14.184,00;13.207,00;13.291,00;9.765,00;9.531,00;9.034,00
01046;Erriberagoitia/Ribera Alta;20.822,00;20.144,00;18.455,00;18.050,00;17.890,00;18.223,00;17.610,00;17.283,00;17.082,00;18.301,00;18.539,00;17.741,00;14.989,00;12.727,00;11.619,00
48079;Errigoiti;20.170,00;19.362,00;18.223,00;18.046,00;17.227,00;17.378,00;17.112,00;16.926,00;16.701,00;16.905,00;16.282,00;16.943,00;14.466,00;11.811,00;10.300,00
20034;Eskoriatza;21.968,00;20.531,00;20.041,00;20.221,00;19.970,00;19.520,00;18.130,00;17.528,00;16.377,00;16.656,00;17.867,00;18.407,00;14.981,00;12.493,00;12.095,00
48029;Etxebarri;20.748,00;19.832,00;18.770,00;18.871,00;17.634,00;17.350,00;16.847,00;16.490,00;16.131,00;15.914,00;16.102,00;16.068,00;13.121,00;10.564,00;9.192,00
48030;Etxebarria;20.977,00;19.790,00;18.354,00;18.902,00;17.739,00;17.936,00;17.444,00;17.985,00;16.788,00;16.258,00;16.334,00;16.729,00;13.412,00;11.877,00;10.501,00
20035;Ezkio-Itsaso;22.482,00;22.537,00;21.744,00;21.590,00;23.043,00;20.485,00;20.763,00;19.483,00;18.884,00;18.342,00;18.416,00;17.599,00;14.011,00;12.016,00;11.009,00
48906;Forua;20.282,00;18.632,00;18.346,00;18.605,00;17.545,00;19.333,00;15.941,00;16.084,00;15.419,00;15.822,00;16.180,00;15.963,00;12.405,00;10.221,00;9.563,00
48035;Fruiz;22.646,00;21.298,00;19.985,00;19.847,00;18.884,00;18.151,00;18.049,00;17.447,00;17.268,00;17.582,00;17.583,00;18.047,00;15.057,00;12.185,00;10.332,00
20038;Gabiria;23.356,00;22.903,00;20.873,00;22.253,00;21.694,00;22.703,00;21.136,00;25.401,00;19.629,00;18.735,00;19.708,00;17.449,00;14.119,00;11.530,00;11.920,00
20037;Gaintza;23.837,00;23.140,00;22.126,00;21.558,00;19.685,00;18.754,00;17.285,00;17.494,00;17.400,00;18.093,00;17.758,00;18.544,00;15.456,00;12.827,00;12.505,00
48036;Galdakao;20.724,00;19.437,00;18.745,00;18.623,00;17.642,00;17.568,00;16.935,00;16.651,00;16.300,00;16.313,00;16.722,00;16.884,00;14.712,00;11.812,00;10.850,00
48037;Galdames;19.675,00;18.530,00;17.731,00;17.408,00;16.234,00;16.318,00;16.276,00;16.424,00;16.002,00;15.444,00;15.453,00;16.006,00;14.317,00;11.408,00;9.731,00
48038;Gamiz-Fika;23.778,00;22.358,00;20.799,00;20.939,00;19.010,00;18.965,00;19.451,00;19.016,00;18.294,00;18.351,00;18.767,00;18.567,00;18.364,00;13.454,00;11.346,00
48039;Garai;29.644,00;36.769,00;26.415,00;26.122,00;24.219,00;24.171,00;23.169,00;21.897,00;22.845,00;22.867,00;22.211,00;22.344,00;14.004,00;13.183,00;11.554,00
48040;Gatika;22.148,00;20.509,00;20.040,00;19.929,00;19.818,00;19.250,00;18.256,00;18.955,00;18.283,00;18.589,00;18.198,00;18.558,00;15.746,00;12.788,00;11.391,00
48041;Gautegiz Arteaga;23.773,00;21.739,00;20.612,00;21.090,00;19.627,00;19.669,00;18.809,00;18.597,00;18.872,00;18.067,00;18.510,00;19.579,00;16.788,00;13.409,00;11.465,00
20907;Gaztelu;19.480,00;19.231,00;18.159,00;17.423,00;16.615,00;17.376,00;16.084,00;16.527,00;18.400,00;16.549,00;16.776,00;16.120,00;14.230,00;11.609,00;9.530,00
48046;Gernika-Lumo;20.068,00;18.657,00;17.852,00;18.230,00;17.357,00;17.193,00;16.628,00;16.055,00;15.864,00;15.603,00;15.535,00;15.848,00;13.639,00;11.230,00;10.186,00
20039;Getaria;22.299,00;21.002,00;20.061,00;20.050,00;19.511,00;18.747,00;17.992,00;17.768,00;16.928,00;16.974,00;16.959,00;16.666,00;14.287,00;10.881,00;10.217,00
48044;Getxo;27.377,00;24.714,00;24.073,00;23.769,00;22.670,00;23.589,00;21.402,00;21.546,00;20.800,00;21.047,00;21.580,00;21.775,00;20.602,00;15.787,00;14.291,00
48047;Gizaburuaga;21.764,00;18.946,00;19.290,00;19.410,00;17.724,00;18.988,00;18.736,00;18.270,00;17.470,00;17.077,00;18.046,00;16.315,00;14.235,00;12.080,00;10.244,00
48042;Gordexola;22.603,00;20.493,00;19.577,00;19.228,00;18.267,00;18.088,00;17.766,00;17.316,00;16.522,00;20.515,00;16.281,00;17.017,00;15.404,00;11.645,00;14.335,00
48043;Gorliz;22.378,00;20.982,00;20.868,00;20.300,00;19.138,00;19.250,00;18.454,00;18.810,00;18.243,00;17.472,00;18.253,00;18.363,00;18.002,00;13.486,00;12.189,00
48045;Güeñes;18.324,00;17.132,00;16.788,00;16.487,00;15.582,00;15.560,00;14.856,00;14.894,00;14.237,00;14.515,00;14.843,00;14.664,00;12.834,00;10.297,00;8.963,00
01056;Harana/Valle de Arana;15.678,00;15.806,00;15.189,00;15.210,00;14.666,00;15.929,00;13.547,00;13.905,00;13.246,00;14.071,00;14.554,00;13.722,00;10.687,00;8.713,00;8.218,00
20040;Hernani;19.757,00;18.320,00;18.046,00;17.656,00;17.185,00;16.624,00;16.155,00;15.936,00;15.230,00;15.273,00;16.154,00;15.915,00;13.522,00;10.915,00;10.151,00
20041;Hernialde;19.461,00;17.761,00;19.087,00;19.114,00;18.945,00;17.512,00;17.409,00;15.983,00;15.405,00;15.714,00;16.272,00;16.757,00;14.198,00;11.488,00;9.800,00
20036;Hondarribia;28.548,00;22.135,00;21.353,00;21.404,00;20.413,00;19.429,00;18.660,00;18.137,00;17.011,00;17.111,00;18.750,00;18.076,00;15.548,00;12.461,00;11.231,00
20042;Ibarra;19.694,00;18.441,00;17.868,00;17.539,00;17.159,00;16.571,00;16.265,00;15.759,00;15.476,00;15.927,00;16.467,00;16.142,00;13.844,00;11.223,00;10.170,00
48048;Ibarrangelu;23.407,00;22.659,00;22.014,00;21.907,00;20.968,00;20.727,00;19.969,00;19.193,00;19.744,00;18.635,00;19.712,00;18.255,00;16.319,00;12.573,00;10.689,00
20043;Idiazabal;24.303,00;23.106,00;23.277,00;22.684,00;21.157,00;22.170,00;20.574,00;20.770,00;19.835,00;19.525,00;20.230,00;19.263,00;14.208,00;12.814,00;11.810,00
48094;Igorre;19.080,00;17.934,00;17.356,00;17.458,00;16.561,00;16.606,00;16.603,00;16.202,00;15.981,00;15.391,00;14.878,00;15.549,00;13.593,00;11.274,00;10.470,00
20044;Ikaztegieta;17.918,00;17.717,00;17.480,00;16.748,00;17.001,00;16.420,00;18.459,00;16.571,00;15.557,00;15.852,00;17.050,00;15.423,00;12.824,00;13.870,00;11.502,00
20045;Irun;18.980,00;17.144,00;16.578,00;16.323,00;15.636,00;15.270,00;14.908,00;14.754,00;14.107,00;14.346,00;15.189,00;15.256,00;13.546,00;10.361,00;9.517,00
20046;Irura;22.992,00;20.919,00;20.499,00;19.793,00;19.678,00;19.298,00;18.771,00;18.320,00;17.777,00;17.909,00;19.048,00;18.700,00;15.961,00;13.094,00;11.210,00
01027;Iruraiz-Gauna;21.002,00;20.561,00;18.879,00;19.151,00;17.527,00;17.150,00;16.466,00;16.374,00;15.591,00;16.156,00;17.685,00;15.892,00;12.381,00;11.822,00;10.705,00
01901;Iruña Oka/Iruña de Oca;18.183,00;17.570,00;17.129,00;17.559,00;16.983,00;16.855,00;16.735,00;16.479,00;16.587,00;16.765,00;17.641,00;17.908,00;14.621,00;12.144,00;10.702,00
48049;Ispaster;19.930,00;19.114,00;18.846,00;18.491,00;18.068,00;18.405,00;16.826,00;17.290,00;17.071,00;16.238,00;16.263,00;15.527,00;12.504,00;10.382,00;9.139,00
20047;Itsasondo;19.360,00;18.114,00;18.125,00;17.940,00;17.129,00;18.298,00;16.561,00;16.238,00;16.017,00;15.732,00;16.664,00;17.029,00;13.734,00;11.061,00;10.451,00
48910;Iurreta;18.743,00;18.257,00;18.559,00;17.462,00;16.417,00;15.992,00;15.478,00;15.196,00;14.541,00;14.458,00;15.077,00;15.183,00;12.025,00;10.745,00;9.617,00
48050;Izurtza;22.865,00;22.329,00;39.370,00;21.693,00;32.750,00;19.919,00;19.063,00;18.726,00;18.461,00;18.538,00;16.761,00;17.576,00;13.536,00;12.920,00;10.892,00
48022;Karrantza Harana/Valle de Carranza;14.681,00;13.800,00;13.482,00;13.067,00;12.333,00;12.523,00;11.928,00;11.883,00;11.758,00;11.136,00;11.204,00;11.963,00;10.356,00;7.915,00;7.275,00
48907;Kortezubi;21.417,00;20.829,00;19.931,00;20.162,00;19.880,00;18.833,00;17.979,00;17.086,00;16.997,00;16.093,00;17.617,00;16.846,00;13.474,00;11.248,00;9.974,00
01019;Kripan;14.609,00;13.957,00;13.722,00;15.709,00;14.306,00;13.796,00;13.392,00;12.861,00;11.767,00;11.957,00;11.122,00;11.779,00;8.739,00;8.397,00;8.131,00
01020;Kuartango;20.565,00;18.793,00;16.911,00;17.401,00;17.398,00;17.216,00;17.771,00;16.949,00;17.345,00;16.976,00;17.597,00;17.286,00;13.795,00;11.679,00;10.602,00
01028;Labastida/Bastida;15.871,00;15.739,00;14.673,00;15.209,00;14.206,00;13.838,00;14.337,00;13.467,00;13.069,00;13.143,00;13.607,00;13.937,00;12.125,00;10.140,00;9.060,00
01030;Lagrán;18.430,00;19.080,00;16.923,00;16.846,00;16.200,00;16.136,00;15.879,00;16.516,00;16.361,00;15.179,00;15.847,00;15.041,00;12.783,00;10.182,00;9.292,00
01031;Laguardia;16.697,00;16.606,00;15.258,00;16.806,00;16.653,00;15.568,00;15.037,00;15.150,00;14.016,00;13.996,00;14.648,00;14.789,00;12.364,00;10.604,00;9.607,00
01032;Lanciego/Lantziego;13.474,00;13.172,00;12.524,00;13.899,00;13.670,00;13.078,00;12.289,00;12.334,00;11.207,00;10.943,00;11.854,00;11.513,00;10.290,00;8.771,00;8.185,00
48051;Lanestosa;14.555,00;13.925,00;13.144,00;14.107,00;11.874,00;11.393,00;11.890,00;11.924,00;17.097,00;10.370,00;10.634,00;10.839,00;9.421,00;6.757,00;7.192,00
01902;Lantarón;17.214,00;16.194,00;16.004,00;15.271,00;14.748,00;15.497,00;14.752,00;13.689,00;13.486,00;13.757,00;14.575,00;14.336,00;12.364,00;10.224,00;8.828,00
01033;Lapuebla de Labarca;13.818,00;13.442,00;13.494,00;14.770,00;14.491,00;13.909,00;13.051,00;13.182,00;12.599,00;12.798,00;12.567,00;12.841,00;15.902,00;7.845,00;7.800,00
48052;Larrabetzu;22.578,00;20.827,00;20.465,00;20.950,00;19.607,00;19.505,00;18.778,00;19.146,00;18.411,00;18.465,00;18.783,00;18.456,00;15.686,00;12.987,00;11.513,00
20048;Larraul;20.591,00;18.940,00;18.272,00;18.819,00;18.553,00;17.533,00;16.961,00;17.208,00;16.736,00;18.305,00;17.550,00;17.080,00;12.835,00;9.643,00;8.795,00
20902;Lasarte-Oria;19.695,00;18.203,00;17.529,00;17.346,00;16.703,00;16.230,00;15.827,00;15.431,00;15.020,00;15.207,00;15.841,00;15.656,00;13.524,00;10.998,00;10.215,00
01036;Laudio/Llodio;18.688,00;17.776,00;17.031,00;17.852,00;16.579,00;16.162,00;15.841,00;15.974,00;15.624,00;15.601,00;15.922,00;15.560,00;12.754,00;10.686,00;9.953,00
48053;Laukiz;25.775,00;27.329,00;24.032,00;27.842,00;24.325,00;23.791,00;24.530,00;24.746,00;23.209,00;22.581,00;29.377,00;23.140,00;23.248,00;15.860,00;20.627,00
20049;Lazkao;22.738,00;20.901,00;20.942,00;20.396,00;19.711,00;19.627,00;18.604,00;18.286,00;17.598,00;17.604,00;17.908,00;17.488,00;14.685,00;12.235,00;10.883,00
20050;Leaburu;20.610,00;18.955,00;19.270,00;17.946,00;17.314,00;17.005,00;16.430,00;16.449,00;16.000,00;16.611,00;16.508,00;17.857,00;13.097,00;11.614,00;11.516,00
20051;Legazpi;21.218,00;19.741,00;19.239,00;19.250,00;18.644,00;18.150,00;17.968,00;17.195,00;16.527,00;16.548,00;17.091,00;16.965,00;14.198,00;11.550,00;10.645,00
20052;Legorreta;20.950,00;19.229,00;18.658,00;18.620,00;17.824,00;17.412,00;17.370,00;17.183,00;16.512,00;16.237,00;17.692,00;17.006,00;13.545,00;11.464,00;10.816,00
01058;Legutio;21.269,00;19.502,00;19.012,00;19.557,00;19.252,00;17.848,00;17.802,00;17.317,00;17.745,00;17.588,00;18.740,00;17.667,00;14.326,00;12.710,00;13.069,00
20068;Leintz-Gatzaga;24.624,00;20.996,00;21.722,00;21.342,00;20.008,00;21.145,00;18.522,00;18.305,00;17.383,00;17.379,00;17.391,00;16.404,00;15.169,00;13.116,00;15.346,00
48054;Leioa;21.458,00;21.303,00;19.624,00;19.359,00;18.563,00;18.130,00;17.674,00;17.280,00;17.149,00;16.802,00;17.401,00;17.469,00;15.531,00;12.016,00;11.148,00
48057;Lekeitio;19.933,00;21.736,00;17.714,00;17.773,00;16.700,00;16.451,00;15.927,00;15.730,00;15.292,00;14.993,00;15.367,00;15.115,00;12.863,00;10.681,00;9.784,00
48055;Lemoa;19.899,00;18.753,00;17.842,00;17.498,00;16.963,00;16.790,00;16.198,00;15.759,00;15.964,00;15.291,00;15.637,00;16.110,00;14.824,00;11.534,00;10.489,00
48056;Lemoiz;22.627,00;21.543,00;24.866,00;21.915,00;25.136,00;27.669,00;19.018,00;19.233,00;18.134,00;18.516,00;18.522,00;17.264,00;16.016,00;11.873,00;10.768,00
01034;Leza;16.224,00;18.166,00;17.999,00;16.488,00;16.567,00;16.940,00;21.027,00;15.984,00;14.968,00;17.151,00;15.370,00;14.231,00;13.466,00;10.803,00;9.145,00
48081;Lezama;23.374,00;21.925,00;20.946,00;21.957,00;20.543,00;19.858,00;19.315,00;19.280,00;18.321,00;18.877,00;19.668,00;20.071,00;18.065,00;14.483,00;13.157,00
20053;Lezo;19.132,00;17.772,00;17.149,00;17.107,00;16.537,00;16.115,00;15.555,00;15.202,00;14.392,00;14.472,00;15.449,00;15.050,00;12.432,00;10.278,00;9.656,00
20054;Lizartza;20.119,00;17.958,00;17.945,00;17.730,00;17.033,00;16.606,00;16.146,00;15.645,00;14.694,00;15.006,00;15.749,00;15.615,00;12.274,00;11.433,00;10.393,00
48903;Loiu;23.939,00;22.009,00;20.796,00;20.725,00;19.714,00;20.220,00;19.319,00;19.036,00;19.485,00;19.818,00;20.101,00;20.111,00;19.918,00;14.236,00;11.972,00
48058;Mallabia;22.339,00;20.024,00;19.161,00;19.113,00;18.404,00;18.230,00;17.849,00;17.070,00;16.809,00;16.240,00;16.959,00;16.921,00;15.071,00;12.476,00;10.652,00
48060;Markina-Xemein;20.771,00;19.225,00;18.521,00;18.236,00;17.729,00;17.877,00;16.772,00;16.381,00;15.746,00;15.642,00;15.544,00;15.005,00;13.253,00;11.120,00;10.095,00
48061;Maruri-Jatabe;24.708,00;23.556,00;22.197,00;22.479,00;21.519,00;21.074,00;20.195,00;20.416,00;20.601,00;21.538,00;20.868,00;20.497,00;19.812,00;13.796,00;12.239,00
48059;Mañaria;22.422,00;21.183,00;19.629,00;22.626,00;20.669,00;17.725,00;17.498,00;17.332,00;18.748,00;17.881,00;17.523,00;18.259,00;13.285,00;13.262,00;11.432,00
20901;Mendaro;20.975,00;20.880,00;19.336,00;19.624,00;19.264,00;18.901,00;18.186,00;17.354,00;17.338,00;17.310,00;17.994,00;17.622,00;13.944,00;11.894,00;10.902,00
48062;Mendata;19.320,00;18.816,00;18.405,00;18.838,00;17.979,00;18.057,00;17.954,00;18.500,00;16.828,00;16.525,00;16.362,00;16.689,00;13.986,00;11.198,00;10.157,00
48063;Mendexa;20.250,00;19.543,00;19.236,00;20.898,00;18.312,00;18.838,00;16.905,00;16.160,00;15.815,00;16.343,00;15.612,00;15.466,00;12.632,00;11.701,00;10.176,00
48064;Meñaka;21.905,00;23.235,00;21.960,00;20.510,00;19.425,00;19.011,00;18.557,00;18.101,00;17.840,00;17.468,00;17.527,00;17.767,00;15.459,00;12.062,00;10.907,00
01039;Moreda de Álava / Moreda Araba;15.257,00;16.269,00;15.836,00;16.508,00;14.145,00;14.717,00;12.980,00;13.555,00;12.088,00;11.722,00;12.262,00;12.044,00;11.045,00;8.465,00;9.094,00
48066;Morga;20.834,00;19.121,00;18.094,00;17.641,00;17.386,00;16.886,00;17.535,00;17.120,00;16.466,00;16.329,00;16.801,00;16.824,00;16.691,00;11.100,00;10.081,00
48068;Mundaka;22.332,00;20.742,00;19.850,00;19.572,00;20.620,00;18.479,00;19.253,00;17.761,00;16.590,00;16.685,00;16.850,00;16.947,00;14.826,00;11.254,00;10.178,00
48069;Mungia;23.848,00;21.690,00;20.996,00;21.140,00;19.547,00;19.289,00;18.575,00;18.570,00;18.022,00;18.343,00;18.449,00;18.428,00;16.141,00;12.997,00;11.531,00
48007;Munitibar-Arbatzegi Gerrikaitz-;18.426,00;16.782,00;15.650,00;16.319,00;15.884,00;16.360,00;15.813,00;15.843,00;14.557,00;14.808,00;15.348,00;14.864,00;12.820,00;10.986,00;9.976,00
48908;Murueta;22.613,00;21.845,00;22.211,00;22.696,00;22.045,00;21.455,00;19.392,00;19.853,00;21.092,00;22.576,00;20.032,00;18.876,00;16.029,00;12.976,00;11.857,00
48071;Muskiz;18.826,00;18.012,00;17.300,00;17.143,00;16.271,00;15.997,00;15.416,00;15.178,00;14.782,00;14.893,00;15.314,00;15.395,00;13.003,00;10.403,00;9.590,00
20057;Mutiloa;24.118,00;22.273,00;22.477,00;24.306,00;23.431,00;22.037,00;22.094,00;20.520,00;19.525,00;18.902,00;19.311,00;21.952,00;15.907,00;12.306,00;9.517,00
20056;Mutriku;20.165,00;19.334,00;18.414,00;18.365,00;18.130,00;17.390,00;17.219,00;15.900,00;15.674,00;15.069,00;16.406,00;16.573,00;12.709,00;10.528,00;9.490,00
48067;Muxika;21.351,00;19.471,00;18.797,00;19.188,00;17.546,00;17.519,00;16.835,00;17.088,00;16.757,00;16.633,00;16.475,00;16.193,00;14.361,00;11.347,00;10.324,00
48909;Nabarniz;19.949,00;19.168,00;18.996,00;19.301,00;17.136,00;18.211,00;17.906,00;16.827,00;17.369,00;16.304,00;16.217,00;15.746,00;12.652,00;10.663,00;10.312,00
01041;Navaridas;10.128,00;10.606,00;10.580,00;11.996,00;12.551,00;10.348,00;9.679,00;9.975,00;10.052,00;9.048,00;10.078,00;11.395,00;12.193,00;11.026,00;10.081,00
20063;Oiartzun;21.764,00;19.981,00;19.205,00;20.256,00;18.391,00;17.743,00;17.290,00;16.723,00;16.221,00;16.340,00;16.866,00;16.807,00;14.638,00;11.602,00;10.569,00
01042;Okondo;17.603,00;17.237,00;16.879,00;16.565,00;15.856,00;15.920,00;14.729,00;14.715,00;15.099,00;14.710,00;14.718,00;15.644,00;12.511,00;10.227,00;9.268,00
20058;Olaberria;21.920,00;21.274,00;20.663,00;19.948,00;19.687,00;19.547,00;18.781,00;18.394,00;17.554,00;17.675,00;18.605,00;17.974,00;16.294,00;12.245,00;11.872,00
48073;Ondarroa;18.121,00;20.259,00;16.383,00;16.349,00;16.456,00;15.947,00;14.889,00;14.283,00;13.946,00;13.554,00;13.706,00;13.420,00;11.515,00;9.467,00;8.893,00
20076;Ordizia;21.577,00;20.219,00;19.338,00;19.230,00;18.536,00;18.250,00;17.836,00;17.458,00;16.920,00;17.080,00;17.259,00;17.154,00;14.567,00;12.055,00;11.547,00
20905;Orendain;26.971,00;22.529,00;23.977,00;20.594,00;19.799,00;19.550,00;20.264,00;19.495,00;17.862,00;18.955,00;20.434,00;19.647,00;11.604,00;11.143,00;9.524,00
20060;Orexa;20.185,00;20.399,00;17.328,00;19.539,00;18.332,00;19.169,00;19.419,00;18.659,00;16.758,00;17.120,00;18.930,00;19.041,00;15.411,00;13.509,00;11.319,00
20061;Orio;22.165,00;20.668,00;20.086,00;19.947,00;19.530,00;18.455,00;18.065,00;17.691,00;16.598,00;16.547,00;17.492,00;16.815,00;14.344,00;11.779,00;10.466,00
20062;Ormaiztegi;21.722,00;19.969,00;19.998,00;21.835,00;20.492,00;20.912,00;19.959,00;19.615,00;18.303,00;19.248,00;19.238,00;19.859,00;15.815,00;13.106,00;11.564,00
48075;Orozko;20.451,00;18.650,00;18.395,00;18.751,00;17.633,00;17.641,00;17.203,00;17.259,00;17.181,00;17.112,00;16.863,00;17.035,00;14.769,00;11.180,00;10.072,00
48083;Ortuella;17.237,00;16.126,00;15.526,00;15.706,00;14.804,00;14.376,00;13.980,00;13.836,00;13.539,00;13.192,00;13.999,00;14.005,00;12.304,00;9.605,00;8.735,00
48072;Otxandio;20.515,00;18.894,00;17.777,00;18.336,00;17.055,00;17.871,00;17.216,00;16.557,00;16.255,00;15.913,00;16.090,00;15.517,00;13.381,00;11.401,00;10.149,00
01043;Oyón-Oion;15.626,00;15.108,00;14.578,00;15.194,00;14.418,00;14.273,00;14.121,00;13.849,00;13.473,00;13.000,00;14.072,00;13.360,00;13.167,00;9.533,00;9.573,00
20059;Oñati;24.890,00;22.626,00;22.029,00;22.214,00;21.833,00;21.491,00;20.104,00;19.368,00;18.228,00;18.340,00;19.066,00;19.421,00;16.276,00;13.321,00;12.755,00
20064;Pasaia;17.443,00;16.317,00;15.960,00;15.507,00;14.989,00;14.604,00;14.368,00;14.163,00;13.687,00;13.683,00;14.291,00;14.018,00;12.059,00;9.535,00;8.720,00
01044;Peñacerrada-Urizaharra;20.968,00;20.422,00;19.479,00;19.990,00;20.683,00;18.431,00;19.404,00;18.688,00;20.411,00;19.274,00;17.639,00;18.395,00;13.435,00;10.718,00;10.007,00
48077;Plentzia;22.156,00;21.896,00;19.910,00;20.346,00;19.190,00;18.722,00;18.292,00;18.510,00;18.064,00;17.604,00;18.871,00;19.585,00;17.509,00;14.636,00;12.970,00
48078;Portugalete;18.145,00;17.163,00;16.546,00;16.472,00;15.574,00;15.375,00;14.932,00;14.827,00;14.598,00;14.464,00;14.697,00;14.829,00;13.024,00;10.189,00;9.455,00
01047;Ribera Baja/Erribera Beitia;18.646,00;18.226,00;16.734,00;17.184,00;16.686,00;15.768,00;15.286,00;16.242,00;15.072,00;14.822,00;15.995,00;16.933,00;15.430,00;12.702,00;10.986,00
01051;Salvatierra/Agurain;17.990,00;16.757,00;16.721,00;16.567,00;15.688,00;15.681,00;15.216,00;15.056,00;14.671,00;14.718,00;15.612,00;15.386,00;12.266,00;10.466,00;10.085,00
01052;Samaniego;15.102,00;14.973,00;14.008,00;16.438,00;15.190,00;14.667,00;14.952,00;15.051,00;14.001,00;12.968,00;13.127,00;12.784,00;15.518,00;11.281,00;10.022,00
01053;San Millán/Donemiliaga;20.579,00;19.979,00;19.090,00;18.643,00;17.525,00;18.106,00;16.861,00;16.922,00;16.191,00;16.933,00;17.421,00;16.323,00;12.442,00;11.098,00;10.268,00
48082;Santurtzi;17.924,00;16.805,00;16.318,00;16.087,00;15.297,00;15.117,00;14.460,00;14.336,00;14.017,00;13.872,00;14.009,00;14.344,00;12.807,00;9.915,00;9.132,00
20070;Segura;23.684,00;23.116,00;23.719,00;21.809,00;21.801,00;20.659,00;19.481,00;19.080,00;18.300,00;18.156,00;18.217,00;18.692,00;13.522,00;11.780,00;11.281,00
48084;Sestao;15.867,00;14.884,00;14.447,00;14.392,00;13.744,00;13.555,00;13.206,00;13.101,00;12.888,00;12.768,00;13.095,00;13.340,00;12.019,00;9.286,00;8.710,00
48904;Sondika;25.410,00;22.085,00;19.918,00;19.438,00;18.627,00;18.103,00;17.713,00;18.074,00;17.306,00;17.335,00;17.431,00;17.638,00;16.065,00;12.314,00;10.856,00
48085;Sopela;23.710,00;22.245,00;21.061,00;21.984,00;20.145,00;19.958,00;18.970,00;18.601,00;18.381,00;17.941,00;18.355,00;18.608,00;16.014,00;12.951,00;11.560,00
48086;Sopuerta;19.180,00;18.058,00;17.209,00;17.169,00;16.556,00;15.823,00;15.486,00;15.129,00;14.898,00;15.037,00;14.849,00;15.360,00;13.478,00;10.268,00;9.646,00
20065;Soraluze-Placencia de las Armas;18.768,00;17.474,00;17.305,00;17.626,00;17.088,00;16.856,00;15.887,00;15.557,00;14.616,00;14.781,00;15.037,00;15.246,00;13.486,00;10.699,00;10.137,00
48076;Sukarrieta;24.819,00;26.156,00;23.281,00;24.061,00;21.827,00;22.582,00;22.395,00;23.095,00;21.731,00;21.383,00;21.655,00;22.397,00;20.454,00;15.909,00;15.016,00
20071;Tolosa;23.946,00;21.010,00;20.486,00;20.288,00;19.675,00;19.528,00;18.641,00;18.446,00;17.934,00;17.859,00;18.970,00;18.389,00;15.382,00;12.434,00;11.667,00
48087;Trucios-Turtzioz;17.035,00;16.075,00;13.909,00;13.638,00;13.099,00;12.637,00;13.173,00;12.528,00;11.999,00;11.432,00;12.199,00;13.304,00;11.325,00;8.050,00;7.813,00
48088;Ubide;18.099,00;16.430,00;16.447,00;17.067,00;16.210,00;14.194,00;15.430,00;15.876,00;14.410,00;14.627,00;13.705,00;15.269,00;13.104,00;11.289,00;10.584,00
48065;Ugao-Miraballes;18.869,00;17.808,00;17.356,00;16.896,00;16.318,00;16.249,00;15.441,00;15.327,00;14.928,00;14.891,00;15.169,00;15.590,00;13.488,00;10.665,00;9.847,00
48089;Urduliz;22.491,00;21.206,00;20.219,00;19.860,00;18.347,00;18.170,00;17.812,00;17.448,00;16.766,00;16.628,00;17.001,00;16.620,00;14.471,00;11.246,00;10.054,00
48074;Urduña/Orduña;18.210,00;17.255,00;16.651,00;16.838,00;15.882,00;16.114,00;15.462,00;15.520,00;15.722,00;14.605,00;14.759,00;14.580,00;13.471,00;10.269,00;9.563,00
01054;Urkabustaiz;19.382,00;18.466,00;17.652,00;18.031,00;16.799,00;16.870,00;16.741,00;16.992,00;16.745,00;16.999,00;17.132,00;17.579,00;14.977,00;12.154,00;10.502,00
20072;Urnieta;20.829,00;18.360,00;18.138,00;17.984,00;17.314,00;17.114,00;16.391,00;16.183,00;15.718,00;15.719,00;16.419,00;16.283,00;13.708,00;10.858,00;10.058,00
20077;Urretxu;21.549,00;20.210,00;19.480,00;19.592,00;18.690,00;18.723,00;18.585,00;17.784,00;16.599,00;16.668,00;17.542,00;17.403,00;14.356,00;11.688,00;10.799,00
20073;Usurbil;21.128,00;19.730,00;19.562,00;20.054,00;18.922,00;18.390,00;17.639,00;17.428,00;16.579,00;16.697,00;17.445,00;17.565,00;14.956,00;11.690,00;10.723,00
01055;Valdegovía/Gaubea;18.442,00;17.845,00;16.709,00;16.266,00;15.865,00;15.810,00;15.772,00;15.326,00;14.981,00;15.167,00;16.696,00;15.960,00;13.251,00;11.083,00;10.127,00
48080;Valle de Trápaga-Trapagaran;17.993,00;16.820,00;16.342,00;16.213,00;15.284,00;15.071,00;14.566,00;14.378,00;14.240,00;14.023,00;14.424,00;14.761,00;12.871,00;10.169,00;9.397,00
20075;Villabona;19.810,00;18.329,00;18.016,00;17.570,00;17.491,00;16.385,00;16.176,00;15.615,00;15.159,00;15.635,00;16.172,00;16.087,00;13.506,00;11.261,00;10.161,00
01057;Villabuena de Álava/Eskuernaga;12.894,00;12.961,00;12.822,00;13.800,00;12.565,00;13.951,00;13.475,00;13.678,00;12.070,00;10.737,00;11.445,00;13.482,00;10.671,00;9.636,00;8.916,00
01059;Vitoria-Gasteiz;19.948,00;18.769,00;18.180,00;18.391,00;17.704,00;17.245,00;16.848,00;16.808,00;16.486,00;16.586,00;17.453,00;17.137,00;14.901,00;12.343,00;11.829,00
01060;Yécora/Iekora;14.995,00;13.982,00;13.903,00;15.261,00;16.129,00;14.986,00;13.780,00;13.319,00;13.614,00;12.628,00;10.617,00;11.768,00;10.150,00;8.633,00;8.138,00
48095;Zaldibar;20.461,00;19.383,00;18.623,00;19.416,00;18.158,00;18.182,00;18.696,00;17.377,00;17.194,00;17.335,00;16.908,00;15.971,00;13.549,00;11.121,00;10.353,00
20078;Zaldibia;21.821,00;20.232,00;20.145,00;20.194,00;18.923,00;18.590,00;18.331,00;17.604,00;17.373,00;17.225,00;17.144,00;16.691,00;14.056,00;11.238,00;10.745,00
01061;Zalduondo;20.983,00;21.715,00;21.177,00;19.836,00;19.488,00;18.647,00;20.136,00;18.716,00;19.060,00;18.357,00;23.930,00;17.611,00;15.223,00;11.611,00;10.199,00
48096;Zalla;18.581,00;17.676,00;17.022,00;16.934,00;15.787,00;15.587,00;14.896,00;14.630,00;14.292,00;14.230,00;14.589,00;14.880,00;13.153,00;10.470,00;9.681,00
01062;Zambrana;17.509,00;16.644,00;15.911,00;15.393,00;15.682,00;14.242,00;14.881,00;14.450,00;14.564,00;15.140,00;14.331,00;16.178,00;13.605,00;9.923,00;10.023,00
48905;Zamudio;19.754,00;18.721,00;17.830,00;17.719,00;16.827,00;17.140,00;17.081,00;16.334,00;15.819,00;16.143,00;16.096,00;15.878,00;14.394,00;11.466,00;10.504,00
48097;Zaratamo;18.311,00;17.515,00;16.684,00;16.648,00;16.013,00;15.965,00;15.721,00;15.170,00;14.685,00;14.573,00;15.462,00;16.176,00;13.574,00;11.003,00;10.154,00
20079;Zarautz;23.571,00;21.720,00;21.088,00;20.696,00;19.788,00;19.217,00;18.536,00;18.037,00;17.091,00;16.993,00;18.040,00;17.977,00;15.022,00;12.355,00;11.684,00
48024;Zeanuri;22.503,00;21.202,00;20.687,00;21.204,00;19.361,00;19.575,00;19.116,00;18.501,00;18.410,00;18.371,00;17.732,00;17.952,00;14.685,00;13.258,00;11.656,00
48025;Zeberio;22.053,00;19.811,00;19.299,00;19.155,00;18.569,00;18.273,00;17.094,00;17.252,00;16.744,00;16.281,00;16.481,00;17.025,00;14.207,00;11.925,00;10.709,00
20025;Zegama;23.050,00;21.326,00;21.491,00;21.378,00;19.822,00;19.161,00;18.864,00;17.894,00;17.213,00;17.073,00;16.436,00;17.024,00;13.215,00;11.100,00;10.301,00
20026;Zerain;24.948,00;22.853,00;23.687,00;23.030,00;23.030,00;21.448,00;20.038,00;19.705,00;19.437,00;19.289,00;19.419,00;19.739,00;16.658,00;13.179,00;12.553,00
20027;Zestoa;20.103,00;18.619,00;17.867,00;17.458,00;17.196,00;16.776,00;16.391,00;15.836,00;15.323,00;15.454,00;16.006,00;16.146,00;13.595,00;11.069,00;10.039,00
48913;Zierbena;22.733,00;21.522,00;20.050,00;20.244,00;18.972,00;18.912,00;17.427,00;17.553,00;16.427,00;16.698,00;18.135,00;17.167,00;14.619,00;10.664,00;10.362,00
01018;Zigoitia;24.738,00;23.331,00;22.612,00;22.331,00;21.681,00;21.665,00;20.704,00;21.536,00;20.153,00;20.795,00;21.607,00;21.157,00;19.415,00;15.001,00;14.294,00
48915;Ziortza-Bolibar;21.568,00;21.978,00;18.776,00;19.660,00;20.068,00;18.514,00;17.749,00;16.612,00;15.463,00;15.063,00;14.785,00;15.327,00;12.726,00;11.120,00;10.095,00
20028;Zizurkil;21.636,00;18.880,00;19.173,00;18.359,00;17.885,00;17.498,00;17.019,00;16.214,00;15.868,00;15.955,00;16.014,00;16.099,00;13.743,00;11.098,00;10.457,00
01063;Zuia;25.029,00;23.556,00;21.933,00;23.936,00;20.952,00;20.767,00;19.919,00;20.692,00;20.588,00;20.429,00;21.126,00;20.223,00;16.956,00;15.029,00;13.043,00
20081;Zumaia;23.329,00;21.468,00;20.839,00;20.747,00;20.110,00;19.268,00;18.292,00;17.954,00;16.715,00;16.564,00;17.930,00;18.933,00;14.516,00;11.703,00;10.885,00
20080;Zumarraga;19.720,00;18.314,00;18.033,00;18.000,00;17.318,00;17.026,00;17.320,00;16.168,00;15.577,00;15.836,00;16.747,00;15.978,00;14.016,00;11.112,00;10.086,00
