Indicadores municipales de sostenibilidad: Renta personal total (?);;;;;;;;;;;;;;;;;
"";;;;;;;;;;;;;;;;;
Resumen de datos;;;;;;;;;;;;;;;;;
Entidad;;2022;2021;2020;2019;2018;2017;2016;2015;2014;2013;2011;2009;2006;2003;2001;1997
Araba/Álava;;23.660,00;22.373,00;21.516,00;21.994,00;20.978,00;20.410,00;19.889,00;19.789,00;19.346,00;19.359,00;20.148,00;19.657,00;17.190,00;14.132,00;13.266,00;10.037,00
Bizkaia;;24.481,00;22.944,00;21.853,00;21.959,00;20.886,00;20.654,00;19.818,00;19.589,00;19.082,00;19.053,00;19.187,00;19.241,00;17.332,00;13.376,00;12.321,00;9.795,00
CAE;;25.061,00;23.313,00;22.343,00;22.548,00;21.458,00;21.083,00;20.295,00;19.968,00;19.379,00;19.319,00;19.715,00;19.631,00;17.362,00;13.647,00;12.676,00;9.888,00
Gipuzkoa;;26.639,00;24.341,00;23.512,00;23.756,00;22.605,00;22.086,00;21.256,00;20.669,00;19.880,00;19.739,00;20.396,00;20.270,00;17.488,00;13.892,00;13.022,00;9.981,00
"";;;;;;;;;;;;;;;;;
Detalle por comarcas;;;;;;;;;;;;;;;;;
Código comarca;Comarca;2022;2021;2020;2019;2018;2017;2016;2015;2014;2013;2011;2009;2006;2003;2001;1997
01100;Arabako Ibarrak / Valles Alaveses;22.435,00;21.740,00;20.021,00;19.689,00;19.286,00;18.916,00;18.519,00;18.329,00;17.685,00;18.103,00;18.926,00;18.534,00;16.465,00;13.024,00;11.515,00;9.220,00
01200;Arabako Lautada / Llanada Alavesa;23.960,00;22.571,00;21.787,00;22.078,00;21.210,00;20.632,00;20.113,00;19.989,00;19.550,00;19.596,00;20.479,00;19.979,00;17.525,00;14.468,00;13.658,00;10.363,00
01300;Arabako Mendialdea / Montaña Alavesa;22.418,00;24.641,00;20.879,00;29.583,00;20.285,00;19.246,00;18.622,00;18.629,00;18.088,00;18.054,00;18.387,00;18.151,00;14.301,00;11.845,00;10.637,00;7.890,00
48100;Arratia Nerbioi / Arratia-Nervión;23.587,00;22.033,00;21.198,00;21.483,00;20.367,00;20.351,00;19.794,00;19.413,00;19.201,00;18.768,00;18.549,00;18.547,00;16.588,00;13.074,00;11.983,00;9.477,00
20200;Bidasoa Beherea / Bajo Bidasoa;25.349,00;21.891,00;21.025,00;20.854,00;19.882,00;19.244,00;18.612,00;18.366,00;17.599,00;17.620,00;18.605,00;18.342,00;16.402,00;12.572,00;11.496,00;9.087,00
48200;Bilbo Handia / Gran Bilbao;24.416,00;22.802,00;21.739,00;21.814,00;20.757,00;20.578,00;19.712,00;19.529,00;19.028,00;19.016,00;19.203,00;19.317,00;17.519,00;13.416,00;12.383,00;9.875,00
20100;Deba Beherea / Bajo Deba;24.998,00;23.512,00;23.016,00;22.803,00;22.410,00;22.100,00;21.636,00;19.880,00;19.201,00;19.009,00;19.517,00;19.351,00;16.751,00;13.374,00;12.572,00;9.472,00
20300;Debagoiena / Alto Deba;26.791,00;24.824,00;24.136,00;24.671,00;23.651,00;23.201,00;21.843,00;21.260,00;20.007,00;20.219,00;20.899,00;21.043,00;18.212,00;15.122,00;14.369,00;11.066,00
20400;Donostialdea / Donostia-San Sebastián;27.295,00;24.824,00;23.885,00;24.333,00;22.940,00;22.452,00;21.596,00;21.085,00;20.378,00;20.149,00;20.822,00;20.788,00;18.048,00;14.056,00;13.283,00;10.183,00
48300;Durangaldea / Duranguesado;24.609,00;23.187,00;22.531,00;22.616,00;21.465,00;21.025,00;20.401,00;19.885,00;19.360,00;19.189,00;19.213,00;19.270,00;16.504,00;13.440,00;12.389,00;9.649,00
48400;Enkartazioak / Encartaciones;21.107,00;19.861,00;18.972,00;18.889,00;17.827,00;17.482,00;16.847,00;16.622,00;16.140,00;16.220,00;16.301,00;16.433,00;14.819,00;11.347,00;10.575,00;8.120,00
01400;Errioxa Arabarra / Rioja Alavesa;17.828,00;17.637,00;16.862,00;18.196,00;17.469,00;17.064,00;16.689,00;16.289,00;15.278,00;14.834,00;15.271,00;15.342,00;14.651,00;11.208,00;10.401,00;8.822,00
48500;Gernika-Bermeo;23.767,00;22.108,00;21.198,00;21.386,00;20.771,00;20.175,00;19.675,00;19.169,00;18.727,00;18.768,00;18.346,00;17.998,00;15.944,00;12.483,00;11.377,00;9.149,00
20500;Goierri;25.952,00;24.578,00;23.826,00;23.847,00;23.137,00;22.517,00;22.057,00;21.371,00;20.474,00;20.372,00;20.740,00;20.141,00;17.077,00;13.878,00;12.808,00;9.730,00
01500;Gorbeia Inguruak / Estribaciones del Gorbea;27.649,00;26.044,00;24.834,00;26.259,00;24.203,00;23.832,00;23.259,00;23.398,00;22.888,00;22.819,00;23.845,00;22.811,00;19.503,00;16.320,00;14.862,00;10.209,00
01600;Kantauri Arabarra / Cantábrica Alavesa;22.592,00;21.370,00;20.468,00;21.262,00;19.930,00;19.368,00;18.798,00;18.915,00;18.713,00;18.604,00;18.814,00;18.294,00;15.487,00;12.578,00;11.615,00;8.524,00
48600;Markina-Ondarroa;22.947,00;23.935,00;20.411,00;20.573,00;20.071,00;19.686,00;18.639,00;18.201,00;17.575,00;17.339,00;17.264,00;16.697,00;14.625,00;11.982,00;10.989,00;8.827,00
48700;Plentzia-Mungia;28.674,00;26.956,00;25.510,00;26.165,00;24.369,00;24.048,00;22.933,00;22.897,00;22.210,00;22.352,00;22.634,00;22.349,00;20.235,00;15.642,00;14.068,00;11.168,00
20600;Tolosaldea / Tolosa;26.303,00;23.859,00;23.252,00;22.871,00;22.139,00;21.797,00;20.813,00;20.413,00;19.901,00;19.838,00;20.505,00;19.870,00;16.835,00;13.767,00;12.665,00;9.717,00
20700;Urola-Kostaldea / Urola Costa;26.949,00;25.030,00;24.169,00;24.613,00;23.004,00;22.234,00;21.267,00;20.827,00;19.889,00;19.603,00;20.206,00;20.401,00;16.833,00;13.952,00;12.976,00;9.763,00
"";;;;;;;;;;;;;;;;;
Detalle por municipios;;;;;;;;;;;;;;;;;
Código municipio;Municipio;2022;2021;2020;2019;2018;2017;2016;2015;2014;2013;2011;2009;2006;2003;2001;1997
48001;Abadiño;23.992,00;22.782,00;23.350,00;22.558,00;21.468,00;21.429,00;20.907,00;20.364,00;19.690,00;19.133,00;19.440,00;19.111,00;17.224,00;14.292,00;12.343,00;9.557,00
20001;Abaltzisketa;25.410,00;25.319,00;31.985,00;25.290,00;24.382,00;34.346,00;20.460,00;19.835,00;21.637,00;21.723,00;23.782,00;20.451,00;17.248,00;14.195,00;12.756,00;8.818,00
48002;Abanto y Ciérvana-Abanto Zierbena;21.739,00;20.371,00;19.493,00;19.637,00;18.586,00;17.978,00;17.514,00;17.186,00;16.727,00;16.599,00;16.916,00;17.109,00;15.603,00;12.021,00;10.764,00;8.228,00
20002;Aduna;28.544,00;25.457,00;25.526,00;27.058,00;25.744,00;26.051,00;22.624,00;22.596,00;21.538,00;20.580,00;21.585,00;21.279,00;18.826,00;13.740,00;10.643,00;8.134,00
20016;Aia;24.999,00;22.975,00;22.314,00;21.367,00;20.524,00;20.387,00;19.844,00;18.886,00;18.209,00;18.293,00;18.226,00;17.876,00;13.771,00;11.540,00;10.135,00;8.532,00
20003;Aizarnazabal;24.932,00;22.777,00;22.277,00;22.932,00;21.318,00;21.021,00;20.430,00;19.607,00;17.957,00;17.216,00;18.723,00;20.093,00;14.368,00;13.588,00;11.712,00;9.152,00
48911;Ajangiz;28.198,00;24.883,00;23.857,00;25.837,00;25.017,00;25.075,00;23.604,00;23.299,00;22.358,00;22.470,00;22.278,00;20.486,00;17.220,00;13.212,00;12.461,00;10.170,00
20004;Albiztur;27.297,00;25.471,00;24.548,00;26.754,00;24.053,00;24.887,00;23.047,00;21.543,00;22.338,00;21.670,00;21.837,00;21.531,00;17.631,00;13.627,00;12.742,00;9.803,00
20005;Alegia;22.363,00;21.456,00;21.086,00;20.191,00;20.021,00;19.936,00;18.664,00;18.532,00;17.586,00;17.846,00;18.185,00;17.408,00;15.263,00;12.609,00;11.440,00;8.638,00
01001;Alegría-Dulantzi;22.916,00;22.275,00;21.459,00;22.064,00;21.047,00;21.043,00;20.843,00;20.537,00;20.228,00;19.743,00;20.976,00;20.837,00;18.763,00;15.404,00;13.539,00;8.687,00
20006;Alkiza;25.664,00;23.176,00;23.107,00;23.665,00;22.476,00;21.764,00;21.566,00;21.694,00;20.277,00;20.020,00;19.064,00;19.380,00;15.749,00;12.908,00;11.695,00;8.858,00
48912;Alonsotegi;20.901,00;19.375,00;18.576,00;18.504,00;17.294,00;17.141,00;16.746,00;16.456,00;16.137,00;15.839,00;16.301,00;16.368,00;14.709,00;11.627,00;9.963,00;7.754,00
20906;Altzaga;26.549,00;22.787,00;21.767,00;23.037,00;21.865,00;22.711,00;21.426,00;20.698,00;20.767,00;19.715,00;21.184,00;20.552,00;16.577,00;14.286,00;11.238,00;8.255,00
20007;Altzo;27.646,00;26.018,00;25.781,00;25.569,00;23.165,00;23.422,00;21.424,00;20.919,00;21.019,00;20.029,00;20.318,00;20.469,00;16.195,00;15.258,00;13.152,00;10.459,00
20008;Amezketa;25.483,00;26.035,00;23.815,00;24.849,00;23.152,00;22.662,00;21.165,00;20.020,00;19.539,00;19.101,00;19.754,00;18.559,00;15.303,00;14.132,00;13.138,00;9.884,00
48003;Amorebieta-Etxano;25.125,00;23.373,00;22.329,00;22.606,00;21.588,00;21.281,00;20.108,00;19.813,00;19.418,00;19.244,00;19.264,00;20.063,00;17.142,00;13.926,00;12.468,00;9.563,00
48004;Amoroto;24.294,00;22.518,00;20.947,00;21.585,00;20.562,00;20.428,00;19.570,00;19.728,00;19.149,00;18.734,00;18.022,00;18.070,00;15.013,00;12.698,00;11.340,00;9.373,00
01002;Amurrio;23.099,00;21.819,00;20.748,00;21.462,00;20.283,00;19.735,00;18.951,00;19.394,00;19.368,00;19.241,00;19.311,00;18.556,00;16.421,00;12.866,00;11.948,00;8.986,00
20009;Andoain;23.256,00;21.747,00;21.416,00;20.959,00;19.955,00;19.644,00;19.266,00;18.741,00;18.113,00;18.146,00;18.381,00;18.348,00;15.647,00;12.461,00;11.282,00;8.678,00
20010;Anoeta;23.878,00;22.736,00;21.891,00;21.598,00;20.857,00;20.009,00;19.379,00;18.642,00;18.440,00;18.771,00;19.054,00;18.362,00;15.533,00;12.805,00;11.817,00;9.113,00
20011;Antzuola;29.179,00;27.629,00;26.374,00;27.158,00;26.402,00;26.209,00;24.507,00;23.880,00;22.106,00;22.174,00;22.297,00;21.863,00;18.543,00;15.672,00;13.993,00;10.897,00
48005;Arakaldo;24.541,00;23.746,00;22.825,00;24.590,00;24.073,00;24.599,00;23.201,00;22.495,00;21.267,00;18.638,00;20.925,00;22.075,00;18.846,00;13.901,00;12.945,00;10.091,00
20012;Arama;33.750,00;30.795,00;26.779,00;28.018,00;27.337,00;26.744,00;29.115,00;25.810,00;26.847,00;23.610,00;27.309,00;22.886,00;17.403,00;13.868,00;12.572,00;9.111,00
01003;Aramaio;25.521,00;23.976,00;23.349,00;26.138,00;23.754,00;23.529,00;23.924,00;22.708,00;21.832,00;21.107,00;23.416,00;21.567,00;17.775,00;15.075,00;13.979,00;9.954,00
48006;Arantzazu;25.663,00;23.656,00;23.587,00;23.313,00;22.993,00;22.824,00;22.492,00;22.859,00;20.891,00;21.771,00;21.951,00;21.557,00;17.595,00;15.461,00;13.586,00;10.629,00
48093;Areatza;22.179,00;20.930,00;19.948,00;20.909,00;20.017,00;19.488,00;18.856,00;18.189,00;18.668,00;18.161,00;17.780,00;17.359,00;16.812,00;12.362,00;11.614,00;9.546,00
20013;Aretxabaleta;27.499,00;25.516,00;24.908,00;25.272,00;24.171,00;24.059,00;22.353,00;21.565,00;19.917,00;20.421,00;21.282,00;22.482,00;18.797,00;16.227,00;15.332,00;12.093,00
01006;Armiñón;22.589,00;24.889,00;21.113,00;21.256,00;20.062,00;18.666,00;17.167,00;18.967,00;17.324,00;16.973,00;18.705,00;17.770,00;20.451,00;12.641,00;11.915,00;8.821,00
01037;Arraia-Maeztu;24.974,00;36.927,00;22.891,00;60.733,00;23.311,00;21.305,00;19.462,00;20.822,00;19.027,00;19.459,00;19.894,00;18.550,00;16.073,00;12.411,00;11.071,00;7.996,00
48009;Arrankudiaga;26.842,00;25.209,00;22.758,00;22.767,00;21.262,00;21.623,00;23.016,00;20.989,00;20.471,00;20.102,00;20.536,00;20.622,00;17.268,00;14.968,00;12.056,00;9.450,00
20055;Arrasate/Mondragón;24.977,00;23.391,00;22.928,00;23.520,00;22.185,00;21.736,00;20.460,00;19.562,00;18.506,00;18.952,00;19.689,00;19.837,00;17.383,00;14.415,00;13.798,00;10.619,00
48914;Arratzu;27.295,00;25.191,00;24.404,00;24.654,00;23.396,00;23.191,00;22.129,00;21.991,00;20.842,00;20.613,00;20.207,00;19.880,00;16.777,00;13.284,00;13.108,00;10.106,00
01008;Arratzua-Ubarrundia;37.309,00;27.631,00;26.601,00;27.812,00;25.762,00;26.353,00;26.531,00;26.122,00;25.052,00;26.242,00;30.663,00;27.608,00;21.268,00;18.547,00;15.553,00;10.573,00
48010;Arrieta;28.463,00;27.404,00;24.988,00;27.173,00;24.827,00;26.773,00;22.302,00;21.902,00;22.484,00;21.008,00;20.807,00;21.049,00;17.042,00;13.168,00;11.276,00;7.722,00
48011;Arrigorriaga;22.729,00;21.308,00;20.681,00;20.553,00;19.481,00;18.986,00;18.372,00;18.412,00;17.687,00;17.725,00;18.294,00;18.470,00;16.292,00;13.336,00;11.588,00;9.012,00
48023;Artea;26.706,00;25.317,00;24.472,00;25.236,00;23.650,00;24.447,00;22.862,00;21.176,00;21.920,00;21.284,00;20.546,00;20.310,00;17.486,00;14.191,00;13.790,00;10.474,00
48008;Artzentales;21.214,00;19.361,00;19.162,00;18.120,00;18.671,00;17.080,00;16.498,00;16.543,00;15.580,00;16.308,00;15.548,00;16.926,00;14.636,00;11.517,00;10.270,00;7.701,00
01004;Artziniega;23.045,00;20.642,00;19.734,00;20.258,00;19.674,00;18.927,00;18.749,00;18.613,00;18.536,00;18.627,00;18.637,00;18.497,00;15.511,00;12.118,00;12.796,00;8.817,00
01009;Asparrena;21.190,00;20.144,00;20.726,00;21.429,00;20.279,00;19.798,00;19.601,00;18.718,00;19.153,00;18.270,00;18.402,00;18.072,00;14.057,00;12.005,00;11.379,00;8.536,00
20014;Asteasu;25.111,00;24.416,00;22.952,00;23.159,00;21.379,00;23.083,00;20.683,00;20.301,00;19.321,00;19.296,00;19.845,00;19.552,00;15.940,00;14.515,00;12.355,00;8.527,00
20903;Astigarraga;28.047,00;25.840,00;25.362,00;25.380,00;23.457,00;22.609,00;21.465,00;20.864,00;21.193,00;19.960,00;20.133,00;19.646,00;16.170,00;12.899,00;11.949,00;8.896,00
20015;Ataun;27.112,00;25.800,00;24.835,00;24.869,00;24.215,00;23.093,00;22.233,00;21.855,00;21.569,00;21.629,00;21.512,00;20.544,00;14.444,00;14.037,00;12.104,00;9.499,00
48091;Atxondo;23.873,00;22.375,00;21.129,00;20.584,00;20.621,00;19.297,00;18.891,00;18.452,00;17.723,00;17.863,00;18.269,00;18.710,00;16.236,00;13.397,00;12.360,00;9.561,00
48070;Aulesti;22.401,00;21.084,00;20.655,00;21.330,00;20.291,00;19.860,00;19.805,00;19.463,00;18.582,00;18.748,00;18.589,00;17.707,00;14.855,00;11.944,00;11.338,00;8.833,00
01010;Ayala/Aiara;23.799,00;22.817,00;22.200,00;22.186,00;21.494,00;20.641,00;20.003,00;19.807,00;19.757,00;19.430,00;19.777,00;19.744,00;16.931,00;13.976,00;11.797,00;8.097,00
20017;Azkoitia;26.117,00;24.296,00;23.421,00;23.326,00;22.544,00;21.731,00;20.478,00;20.035,00;19.567,00;19.257,00;19.386,00;19.279,00;16.752,00;13.744,00;12.705,00;9.509,00
20018;Azpeitia;25.637,00;23.801,00;23.149,00;26.472,00;21.960,00;21.434,00;20.599,00;20.302,00;19.414,00;19.221,00;19.386,00;20.680,00;16.013,00;14.360,00;13.262,00;10.080,00
01049;Añana;22.744,00;23.465,00;21.415,00;20.319,00;18.082,00;17.781,00;18.693,00;16.667,00;14.972,00;17.315,00;17.402,00;16.079,00;13.033,00;11.421,00;10.251,00;8.126,00
48012;Bakio;28.950,00;27.925,00;26.891,00;29.945,00;25.372,00;25.715,00;24.994,00;26.566,00;23.520,00;23.914,00;24.666,00;24.012,00;20.762,00;17.059,00;13.837,00;10.213,00
20904;Baliarrain;29.617,00;27.623,00;24.701,00;24.539,00;24.161,00;24.579,00;21.441,00;22.334,00;21.664,00;23.252,00;21.339,00;19.812,00;14.843,00;11.554,00;9.884,00;8.106,00
48090;Balmaseda;19.621,00;18.613,00;17.559,00;17.767,00;16.696,00;16.271,00;15.747,00;15.496,00;14.896,00;14.670,00;15.388,00;15.248,00;14.199,00;10.742,00;9.801,00;7.839,00
48013;Barakaldo;20.887,00;19.736,00;18.756,00;18.750,00;17.695,00;17.550,00;16.935,00;16.766,00;16.450,00;16.398,00;16.560,00;16.592,00;14.843,00;11.354,00;10.486,00;8.081,00
48014;Barrika;29.104,00;27.571,00;24.744,00;24.663,00;23.364,00;23.345,00;21.751,00;21.899,00;22.162,00;26.973,00;23.975,00;24.076,00;21.458,00;15.266,00;14.020,00;10.572,00
01013;Barrundia;25.472,00;25.151,00;23.957,00;24.378,00;22.738,00;23.264,00;22.785,00;22.520,00;22.251,00;22.698,00;24.172,00;22.774,00;18.427,00;16.088,00;12.979,00;9.558,00
48015;Basauri;19.942,00;18.847,00;18.203,00;18.249,00;17.381,00;17.034,00;16.446,00;16.265,00;15.988,00;15.989,00;16.437,00;16.478,00;13.931,00;11.440,00;10.848,00;8.478,00
01011;Baños de Ebro/Mañueta;12.121,00;14.074,00;13.103,00;15.888,00;14.655,00;15.382,00;15.740,00;14.230,00;13.552,00;12.668,00;12.201,00;13.275,00;10.188,00;10.103,00;10.329,00;9.084,00
20019;Beasain;27.194,00;26.143,00;24.952,00;25.288,00;25.763,00;23.919,00;23.806,00;22.563,00;21.316,00;21.357,00;21.969,00;21.291,00;18.177,00;14.732,00;13.714,00;10.455,00
48092;Bedia;24.254,00;21.889,00;20.844,00;21.223,00;20.235,00;19.530,00;18.439,00;17.929,00;17.964,00;18.985,00;18.118,00;17.673,00;15.869,00;12.481,00;11.909,00;9.295,00
20020;Beizama;26.414,00;20.234,00;22.552,00;24.643,00;18.416,00;23.224,00;17.929,00;16.677,00;18.293,00;15.299,00;17.600,00;21.058,00;15.807,00;14.324,00;12.376,00;7.775,00
20021;Belauntza;31.247,00;22.195,00;22.371,00;22.500,00;20.802,00;20.387,00;20.859,00;21.392,00;18.702,00;19.476,00;21.176,00;22.243,00;16.662,00;12.374,00;13.345,00;8.883,00
48016;Berango;29.598,00;28.076,00;26.664,00;27.509,00;26.741,00;27.125,00;24.935,00;24.967,00;23.916,00;24.086,00;25.584,00;23.905,00;20.983,00;15.764,00;12.817,00;9.785,00
01014;Berantevilla;23.113,00;21.127,00;18.932,00;18.274,00;18.071,00;17.705,00;17.077,00;17.118,00;17.173,00;19.133,00;18.826,00;16.986,00;18.701,00;11.716,00;10.340,00;7.683,00
20022;Berastegi;29.009,00;25.174,00;24.565,00;24.280,00;23.008,00;21.754,00;20.532,00;20.072,00;20.106,00;19.712,00;20.473,00;19.882,00;17.491,00;13.335,00;11.423,00;9.110,00
20074;Bergara;27.027,00;24.839,00;23.977,00;24.744,00;23.640,00;23.190,00;21.964,00;21.984,00;20.818,00;20.615,00;21.295,00;21.280,00;18.296,00;15.303,00;14.569,00;11.145,00
48017;Bermeo;22.146,00;20.525,00;19.910,00;19.747,00;19.597,00;18.488,00;18.279,00;17.975,00;17.444,00;17.852,00;16.891,00;16.151,00;14.488,00;11.331,00;10.380,00;8.563,00
01016;Bernedo;22.206,00;21.194,00;21.456,00;20.772,00;19.729,00;18.650,00;18.824,00;18.434,00;18.229,00;18.446,00;18.314,00;18.523,00;14.994,00;12.884,00;11.477,00;8.058,00
48018;Berriatua;23.225,00;23.323,00;20.752,00;20.688,00;19.505,00;18.978,00;18.911,00;18.779,00;17.582,00;17.278,00;16.015,00;15.734,00;14.575,00;12.692,00;11.275,00;9.290,00
48019;Berriz;23.710,00;22.353,00;21.857,00;21.791,00;21.005,00;20.601,00;20.429,00;19.513,00;18.957,00;18.664,00;18.593,00;18.588,00;16.703,00;13.353,00;12.033,00;9.290,00
20023;Berrobi;24.370,00;22.626,00;22.730,00;21.614,00;20.828,00;20.643,00;20.129,00;19.343,00;17.868,00;18.836,00;17.915,00;16.992,00;16.015,00;12.786,00;11.160,00;8.750,00
20024;Bidania-Goiatz;24.451,00;22.206,00;20.895,00;20.936,00;20.598,00;20.489,00;19.341,00;19.940,00;18.117,00;17.603,00;17.222,00;16.897,00;14.237,00;11.807,00;11.036,00;8.869,00
48020;Bilbao;25.366,00;23.592,00;22.464,00;22.659,00;21.538,00;21.245,00;20.526,00;20.313,00;19.761,00;19.717,00;19.787,00;20.081,00;18.196,00;13.922,00;12.881,00;10.546,00
48021;Busturia;22.988,00;21.082,00;21.071,00;20.482,00;19.689,00;20.043,00;18.808,00;18.827,00;18.519,00;18.785,00;18.661,00;18.681,00;16.823,00;12.139,00;11.726,00;8.961,00
01017;Campezo/Kanpezu;20.994,00;19.987,00;19.432,00;19.417,00;18.060,00;17.626,00;17.398,00;16.782,00;16.211,00;16.352,00;17.421,00;17.846,00;13.109,00;11.513,00;10.293,00;7.917,00
20029;Deba;26.256,00;26.005,00;23.183,00;23.350,00;23.760,00;23.676,00;21.333,00;20.504,00;19.394,00;19.080,00;19.679,00;20.208,00;16.843,00;13.470,00;12.523,00;9.616,00
48901;Derio;24.591,00;24.007,00;22.886,00;22.235,00;20.663,00;20.326,00;19.557,00;19.183,00;18.486,00;18.391,00;18.281,00;17.837,00;17.028,00;12.299,00;11.303,00;8.731,00
48026;Dima;26.672,00;25.135,00;24.319,00;24.147,00;22.793,00;22.000,00;21.606,00;21.062,00;20.770,00;20.632,00;20.288,00;20.334,00;18.846,00;14.926,00;13.280,00;10.696,00
20069;Donostia / San Sebastián;30.809,00;27.558,00;26.395,00;27.297,00;25.577,00;25.141,00;24.095,00;23.469,00;22.583,00;22.268,00;23.008,00;23.054,00;20.056,00;15.496,00;14.895,00;11.405,00
48027;Durango;26.421,00;24.832,00;24.457,00;24.921,00;23.146,00;22.720,00;22.099,00;21.644,00;20.976,00;20.998,00;20.872,00;21.035,00;17.044,00;14.290,00;13.685,00;10.992,00
48028;Ea;25.514,00;22.801,00;21.894,00;22.754,00;20.684,00;20.675,00;19.788,00;19.814,00;18.665,00;18.835,00;19.165,00;19.298,00;17.128,00;13.875,00;11.710,00;9.312,00
20030;Eibar;24.708,00;23.161,00;22.862,00;22.889,00;22.284,00;22.115,00;22.586,00;19.897,00;19.125,00;19.151,00;19.675,00;19.392,00;17.209,00;13.585,00;12.866,00;9.723,00
48031;Elantxobe;20.868,00;18.632,00;18.622,00;19.064,00;17.496,00;17.165,00;16.778,00;17.246,00;17.132,00;16.568,00;16.483,00;15.927,00;14.590,00;10.415,00;9.624,00;7.068,00
01021;Elburgo/Burgelu;28.000,00;26.746,00;24.158,00;24.210,00;23.542,00;24.023,00;22.737,00;24.415,00;23.604,00;24.080,00;24.893,00;24.886,00;21.672,00;18.848,00;16.363,00;9.339,00
01022;Elciego;21.957,00;20.545,00;19.898,00;20.491,00;19.905,00;20.373,00;20.020,00;19.876,00;18.093,00;17.465,00;17.489,00;18.059,00;16.654,00;13.314,00;11.098,00;10.420,00
20031;Elduain;27.885,00;25.063,00;24.795,00;24.706,00;23.934,00;23.786,00;23.424,00;23.188,00;22.169,00;22.155,00;21.733,00;21.491,00;17.109,00;14.303,00;13.078,00;10.413,00
20033;Elgeta;26.806,00;24.711,00;24.339,00;24.662,00;23.691,00;22.687,00;22.469,00;22.141,00;19.970,00;20.070,00;21.206,00;20.164,00;16.480,00;13.330,00;12.418,00;9.221,00
20032;Elgoibar;26.663,00;24.095,00;24.842,00;23.448,00;23.284,00;22.831,00;21.231,00;20.591,00;19.909,00;19.679,00;19.947,00;19.606,00;16.844,00;13.625,00;12.880,00;9.533,00
48032;Elorrio;24.780,00;23.405,00;22.214,00;22.512,00;21.362,00;21.202,00;21.003,00;20.222,00;19.486,00;19.258,00;19.488,00;19.396,00;17.118,00;13.715,00;12.738,00;10.075,00
01023;Elvillar/Bilar;13.958,00;14.052,00;13.986,00;18.194,00;18.001,00;17.395,00;15.904,00;15.585,00;12.993,00;11.533,00;11.510,00;13.194,00;11.720,00;10.232,00;10.160,00;9.698,00
48902;Erandio;19.908,00;18.384,00;17.741,00;17.606,00;16.784,00;16.484,00;16.001,00;15.709,00;15.392,00;15.325,00;15.312,00;15.410,00;13.712,00;10.500,00;9.615,00;7.558,00
48033;Ereño;25.711,00;26.979,00;23.969,00;23.658,00;23.750,00;22.151,00;23.088,00;22.302,00;23.012,00;23.618,00;23.131,00;21.989,00;20.450,00;14.381,00;11.541,00;9.864,00
48034;Ermua;21.532,00;20.339,00;19.320,00;19.411,00;18.720,00;18.243,00;17.660,00;17.247,00;16.750,00;16.471,00;16.600,00;16.304,00;14.749,00;11.445,00;10.725,00;8.192,00
20067;Errenteria;21.112,00;20.075,00;19.345,00;19.116,00;18.355,00;17.818,00;17.207,00;16.854,00;16.477,00;16.417,00;16.947,00;16.833,00;14.721,00;11.267,00;10.423,00;8.123,00
20066;Errezil;22.026,00;20.722,00;21.111,00;19.180,00;19.182,00;17.894,00;17.162,00;17.353,00;16.699,00;16.261,00;15.004,00;15.129,00;11.202,00;10.873,00;10.267,00;7.778,00
01046;Erriberagoitia/Ribera Alta;24.946,00;24.586,00;22.081,00;21.673,00;21.413,00;21.806,00;20.898,00;20.479,00;20.212,00;21.672,00;21.761,00;20.617,00;17.478,00;14.676,00;13.378,00;10.368,00
48079;Errigoiti;23.812,00;22.966,00;21.414,00;21.298,00;20.514,00;20.505,00;20.468,00;20.168,00;19.783,00;20.129,00;19.107,00;19.567,00;16.818,00;13.510,00;11.736,00;8.507,00
20034;Eskoriatza;25.615,00;24.100,00;23.373,00;23.626,00;23.295,00;22.668,00;21.143,00;20.561,00;19.317,00;19.667,00;20.654,00;20.782,00;17.946,00;14.867,00;14.137,00;10.898,00
48029;Etxebarri;24.772,00;23.632,00;22.153,00;22.430,00;20.973,00;20.462,00;19.802,00;19.344,00;18.899,00;18.704,00;18.781,00;18.397,00;15.294,00;12.031,00;10.485,00;7.434,00
48030;Etxebarria;24.647,00;23.489,00;21.520,00;22.340,00;20.939,00;21.181,00;20.497,00;21.103,00;19.703,00;19.191,00;19.106,00;19.475,00;15.940,00;13.999,00;12.309,00;9.862,00
20035;Ezkio-Itsaso;26.922,00;27.158,00;26.011,00;25.788,00;27.729,00;24.416,00;24.588,00;23.231,00;22.621,00;21.720,00;21.707,00;20.434,00;16.847,00;14.201,00;12.859,00;9.529,00
48906;Forua;24.216,00;22.206,00;21.762,00;22.228,00;20.953,00;23.224,00;18.908,00;19.033,00;18.132,00;18.610,00;19.003,00;18.559,00;15.529,00;11.869,00;11.125,00;8.947,00
48035;Fruiz;27.568,00;25.671,00;24.108,00;23.856,00;22.752,00;21.892,00;21.506,00;20.841,00;20.566,00;20.759,00;20.874,00;21.111,00;18.199,00;14.026,00;11.948,00;9.959,00
20038;Gabiria;27.944,00;27.782,00;25.106,00;26.986,00;26.217,00;27.325,00;25.381,00;35.338,00;23.657,00;22.548,00;23.178,00;20.254,00;16.722,00;13.552,00;13.947,00;10.221,00
20037;Gaintza;28.937,00;28.216,00;26.870,00;25.819,00;23.452,00;22.260,00;20.399,00;20.776,00;20.766,00;21.602,00;20.820,00;21.600,00;18.335,00;14.926,00;14.498,00;9.839,00
48036;Galdakao;24.766,00;23.217,00;22.233,00;22.264,00;21.150,00;20.982,00;20.225,00;19.802,00;19.394,00;19.469,00;19.830,00;19.734,00;17.588,00;13.831,00;12.776,00;10.347,00
48037;Galdames;23.307,00;22.087,00;20.857,00;20.674,00;19.193,00;19.298,00;19.103,00;19.291,00;18.865,00;18.076,00;18.265,00;18.675,00;16.823,00;13.072,00;11.324,00;9.049,00
48038;Gamiz-Fika;29.174,00;27.502,00;25.294,00;25.713,00;23.421,00;23.321,00;23.989,00;23.461,00;22.415,00;22.480,00;22.755,00;22.434,00;22.565,00;16.080,00;13.565,00;10.186,00
48039;Garai;38.121,00;47.824,00;33.432,00;33.323,00;30.909,00;30.614,00;29.092,00;27.616,00;28.297,00;28.890,00;27.529,00;27.192,00;17.218,00;15.703,00;13.647,00;9.605,00
48040;Gatika;27.106,00;25.067,00;24.241,00;24.133,00;24.113,00;23.272,00;21.963,00;22.823,00;22.028,00;22.595,00;21.814,00;22.008,00;19.140,00;15.286,00;13.568,00;10.227,00
48041;Gautegiz Arteaga;28.942,00;26.206,00;24.883,00;25.499,00;23.785,00;23.812,00;23.012,00;22.658,00;22.947,00;21.998,00;22.590,00;23.500,00;20.508,00;15.945,00;13.661,00;10.630,00
20907;Gaztelu;22.630,00;22.229,00;20.729,00;20.171,00;19.219,00;20.173,00;18.381,00;19.039,00;21.566,00;18.971,00;18.792,00;18.281,00;16.777,00;13.454,00;10.887,00;9.304,00
48046;Gernika-Lumo;23.881,00;22.198,00;21.088,00;21.653,00;20.695,00;20.440,00;19.806,00;19.001,00;18.769,00;18.502,00;18.325,00;18.395,00;16.183,00;13.022,00;11.892,00;9.714,00
20039;Getaria;26.989,00;25.669,00;24.193,00;24.327,00;23.633,00;22.618,00;21.614,00;21.337,00;20.426,00;20.252,00;19.828,00;19.314,00;16.757,00;12.545,00;11.862,00;8.569,00
48044;Getxo;34.640,00;31.303,00;30.154,00;30.050,00;28.881,00;29.894,00;27.067,00;27.261,00;26.220,00;26.627,00;26.893,00;26.851,00;25.880,00;19.496,00;17.823,00;14.399,00
48047;Gizaburuaga;26.157,00;22.791,00;23.012,00;22.937,00;21.011,00;22.326,00;22.462,00;22.428,00;20.917,00;20.626,00;21.230,00;18.894,00;16.792,00;13.912,00;11.773,00;8.546,00
48042;Gordexola;27.466,00;24.860,00;23.593,00;23.202,00;22.086,00;21.797,00;21.356,00;20.845,00;19.661,00;23.706,00;19.304,00;20.019,00;18.339,00;13.562,00;16.528,00;9.024,00
48043;Gorliz;27.403,00;25.671,00;25.401,00;24.819,00;23.551,00;23.486,00;22.435,00;22.903,00;22.123,00;21.418,00;22.000,00;21.990,00;21.815,00;16.075,00;14.600,00;11.546,00
48045;Güeñes;21.528,00;20.098,00;19.626,00;19.293,00;18.239,00;18.093,00;17.269,00;17.290,00;16.487,00;16.859,00;17.211,00;16.796,00;14.907,00;11.776,00;10.258,00;7.998,00
01056;Harana/Valle de Arana;17.922,00;17.983,00;17.202,00;17.217,00;16.661,00;18.329,00;15.174,00;15.517,00;14.718,00;15.640,00;16.174,00;15.155,00;11.881,00;9.572,00;8.966,00;7.012,00
20040;Hernani;23.330,00;21.757,00;21.315,00;20.870,00;20.249,00;19.547,00;18.892,00;18.689,00;17.962,00;17.814,00;18.634,00;18.301,00;15.743,00;12.571,00;11.722,00;8.880,00
20041;Hernialde;22.966,00;20.921,00;22.526,00;22.686,00;22.430,00;20.583,00;20.425,00;18.916,00;18.230,00;18.543,00;19.005,00;19.511,00;16.760,00;13.370,00;11.360,00;8.978,00
20036;Hondarribia;35.457,00;27.307,00;26.180,00;26.321,00;25.014,00;23.730,00;22.674,00;22.108,00;20.818,00;20.703,00;22.366,00;21.329,00;18.608,00;14.807,00;13.382,00;10.374,00
20042;Ibarra;23.046,00;21.804,00;20.962,00;20.620,00;20.060,00;19.428,00;18.998,00;18.482,00;18.232,00;18.530,00;19.002,00;18.472,00;16.151,00;12.982,00;11.718,00;9.241,00
48048;Ibarrangelu;28.054,00;27.613,00;26.835,00;26.473,00;25.626,00;25.131,00;24.324,00;23.347,00;23.942,00;22.765,00;23.835,00;21.655,00;19.574,00;14.775,00;12.470,00;9.522,00
20043;Idiazabal;29.124,00;27.896,00;28.011,00;27.233,00;25.257,00;26.480,00;24.569,00;24.948,00;23.912,00;23.393,00;23.711,00;22.349,00;16.844,00;15.040,00;13.827,00;10.725,00
48094;Igorre;22.371,00;21.051,00;20.266,00;20.512,00;19.578,00;19.487,00;19.589,00;19.057,00;18.751,00;18.203,00;17.465,00;17.950,00;16.177,00;13.192,00;12.320,00;9.690,00
20044;Ikaztegieta;20.728,00;20.739,00;20.342,00;19.677,00;19.763,00;18.947,00;21.739,00;19.604,00;18.514,00;18.728,00;19.819,00;17.693,00;15.046,00;16.428,00;13.410,00;9.660,00
20045;Irun;22.491,00;20.355,00;19.579,00;19.322,00;18.442,00;17.965,00;17.458,00;17.303,00;16.690,00;16.759,00;17.588,00;17.546,00;15.826,00;11.981,00;11.001,00;8.751,00
20046;Irura;27.603,00;25.247,00;24.595,00;23.803,00;23.552,00;23.137,00;22.298,00;21.768,00;21.279,00;21.247,00;22.293,00;21.703,00;18.850,00;15.225,00;12.887,00;9.949,00
01027;Iruraiz-Gauna;25.272,00;24.846,00;22.446,00;22.876,00;20.862,00;20.229,00;19.358,00;19.036,00;18.037,00;18.705,00;20.390,00;18.199,00;14.251,00;13.487,00;11.875,00;8.171,00
01901;Iruña Oka/Iruña de Oca;21.680,00;21.020,00;20.396,00;20.920,00;20.293,00;20.059,00;19.904,00;19.446,00;19.590,00;19.717,00;20.592,00;20.761,00;17.308,00;14.123,00;12.274,00;9.399,00
48049;Ispaster;23.613,00;22.539,00;22.309,00;21.875,00;21.652,00;22.171,00;20.003,00;20.495,00;20.341,00;19.254,00;19.161,00;17.912,00;15.173,00;11.956,00;10.388,00;7.420,00
20047;Itsasondo;22.709,00;21.633,00;21.283,00;21.194,00;20.097,00;21.535,00;19.305,00;19.102,00;19.006,00;18.432,00;19.201,00;19.546,00;16.074,00;12.749,00;12.188,00;9.954,00
48910;Iurreta;22.071,00;21.650,00;21.912,00;20.569,00;19.346,00;18.721,00;18.125,00;17.708,00;16.849,00;16.831,00;17.509,00;17.277,00;13.989,00;12.298,00;11.099,00;8.589,00
48050;Izurtza;27.638,00;26.892,00;49.629,00;26.265,00;41.250,00;23.929,00;22.738,00;22.236,00;21.907,00;22.373,00;19.845,00;20.570,00;16.453,00;15.281,00;12.559,00;9.298,00
48022;Karrantza Harana/Valle de Carranza;16.746,00;15.666,00;15.221,00;14.812,00;13.960,00;14.128,00;13.431,00;13.375,00;13.277,00;12.590,00;12.585,00;13.300,00;11.839,00;8.789,00;8.087,00;6.448,00
48907;Kortezubi;25.773,00;25.500,00;24.117,00;24.375,00;24.120,00;22.456,00;21.268,00;20.223,00;20.194,00;19.243,00;20.792,00;19.680,00;15.918,00;12.973,00;11.388,00;8.932,00
01019;Kripan;17.058,00;16.457,00;16.037,00;18.634,00;16.972,00;16.221,00;15.306,00;14.688,00;13.054,00;13.270,00;12.279,00;12.928,00;9.969,00;9.378,00;9.076,00;8.039,00
01020;Kuartango;24.454,00;22.267,00;19.823,00;20.434,00;20.462,00;20.163,00;20.931,00;19.805,00;20.271,00;19.777,00;20.449,00;20.045,00;16.014,00;13.415,00;12.092,00;8.576,00
01028;Labastida/Bastida;18.557,00;18.581,00;17.186,00;17.764,00;16.587,00;16.128,00;16.763,00;15.574,00;15.030,00;15.099,00;15.620,00;16.089,00;14.040,00;11.729,00;10.271,00;8.052,00
01030;Lagrán;21.929,00;22.529,00;19.790,00;20.113,00;19.212,00;19.044,00;18.608,00;19.198,00;18.997,00;17.427,00;18.069,00;17.111,00;14.616,00;11.773,00;10.440,00;6.738,00
01031;Laguardia;19.811,00;19.684,00;18.033,00;19.958,00;19.900,00;18.411,00;17.730,00;17.879,00;16.462,00;16.405,00;17.116,00;17.288,00;14.638,00;12.434,00;10.933,00;9.228,00
01032;Lanciego/Lantziego;15.295,00;14.985,00;14.204,00;15.844,00;15.763,00;15.028,00;13.902,00;13.941,00;12.484,00;12.151,00;13.088,00;12.668,00;11.496,00;9.735,00;9.046,00;8.756,00
48051;Lanestosa;16.337,00;15.941,00;14.999,00;16.439,00;13.271,00;12.764,00;13.489,00;13.518,00;20.463,00;11.867,00;12.237,00;11.958,00;11.505,00;7.444,00;8.120,00;6.222,00
01902;Lantarón;20.548,00;19.352,00;19.077,00;18.078,00;17.506,00;18.523,00;17.564,00;16.126,00;15.715,00;15.929,00;16.962,00;16.470,00;14.302,00;11.915,00;10.197,00;11.220,00
01033;Lapuebla de Labarca;15.738,00;15.518,00;15.492,00;17.059,00;16.819,00;16.065,00;14.937,00;15.075,00;14.250,00;14.326,00;13.984,00;14.323,00;18.959,00;8.823,00;8.640,00;7.330,00
48052;Larrabetzu;27.379,00;25.224,00;24.685,00;25.306,00;23.849,00;23.565,00;22.609,00;23.039,00;22.012,00;22.154,00;22.496,00;21.847,00;18.747,00;15.227,00;13.569,00;10.928,00
20048;Larraul;24.876,00;23.020,00;21.971,00;22.685,00;22.364,00;21.183,00;20.282,00;20.607,00;19.926,00;21.496,00;20.268,00;19.905,00;14.945,00;11.052,00;10.116,00;8.023,00
20902;Lasarte-Oria;23.077,00;21.484,00;20.556,00;20.331,00;19.485,00;18.917,00;18.398,00;17.966,00;17.606,00;17.602,00;18.177,00;17.862,00;15.722,00;12.689,00;11.785,00;8.955,00
01036;Laudio/Llodio;22.176,00;21.021,00;20.143,00;21.212,00;19.609,00;19.052,00;18.628,00;18.652,00;18.280,00;18.222,00;18.523,00;17.933,00;14.838,00;12.335,00;11.404,00;8.393,00
48053;Laukiz;32.528,00;34.994,00;30.543,00;35.078,00;31.012,00;30.526,00;31.275,00;31.327,00;29.757,00;28.996,00;36.969,00;29.128,00;29.726,00;20.005,00;23.363,00;17.480,00
20049;Lazkao;27.012,00;25.133,00;24.981,00;24.416,00;23.501,00;23.426,00;22.061,00;21.719,00;21.075,00;20.847,00;20.916,00;20.201,00;17.296,00;14.224,00;12.605,00;9.533,00
20050;Leaburu;23.977,00;22.227,00;22.590,00;20.967,00;20.170,00;19.653,00;18.944,00;19.010,00;18.508,00;18.914,00;18.655,00;20.239,00;15.037,00;13.223,00;13.163,00;9.917,00
20051;Legazpi;25.024,00;23.441,00;22.734,00;22.762,00;21.944,00;21.332,00;21.082,00;20.340,00;19.660,00;19.438,00;19.763,00;19.389,00;16.603,00;13.401,00;12.332,00;9.214,00
20052;Legorreta;24.656,00;22.777,00;22.026,00;22.018,00;20.978,00;20.421,00;20.311,00;20.240,00;19.529,00;19.072,00;20.572,00;19.453,00;15.742,00;13.199,00;12.597,00;9.751,00
01058;Legutio;25.924,00;23.778,00;22.845,00;23.560,00;23.200,00;21.377,00;21.351,00;20.647,00;21.074,00;20.923,00;22.138,00;20.683,00;16.920,00;14.937,00;15.247,00;9.734,00
20068;Leintz-Gatzaga;28.920,00;25.109,00;26.004,00;25.660,00;24.210,00;25.293,00;22.637,00;22.289,00;21.030,00;21.091,00;20.438,00;18.900,00;18.520,00;15.604,00;18.094,00;11.421,00
48054;Leioa;26.026,00;26.013,00;23.569,00;23.448,00;22.600,00;21.913,00;21.350,00;20.831,00;20.637,00;20.347,00;20.949,00;20.824,00;18.819,00;14.221,00;13.266,00;10.326,00
48057;Lekeitio;23.660,00;25.420,00;20.799,00;21.024,00;19.913,00;19.474,00;18.770,00;18.557,00;17.993,00;17.695,00;17.977,00;17.471,00;15.196,00;12.375,00;11.338,00;8.771,00
48055;Lemoa;23.593,00;22.283,00;21.062,00;20.694,00;20.111,00;19.740,00;19.045,00;18.463,00;18.707,00;17.933,00;18.283,00;18.578,00;17.439,00;13.271,00;12.217,00;9.979,00
48056;Lemoiz;27.317,00;26.188,00;30.537,00;26.705,00;31.143,00;34.219,00;22.969,00;23.118,00;21.811,00;22.262,00;22.296,00;20.356,00;19.132,00;13.985,00;12.676,00;9.353,00
01034;Leza;18.719,00;21.683,00;21.481,00;19.683,00;19.494,00;20.046,00;25.136,00;18.758,00;17.380,00;19.765,00;17.651,00;16.144,00;15.676,00;12.577,00;10.296,00;8.747,00
48081;Lezama;28.712,00;26.947,00;25.363,00;26.958,00;25.359,00;24.457,00;23.871,00;23.681,00;22.490,00;23.378,00;23.757,00;24.388,00;22.284,00;17.467,00;16.086,00;11.239,00
20053;Lezo;22.404,00;20.956,00;20.076,00;20.054,00;19.283,00;18.806,00;18.078,00;17.726,00;16.825,00;16.711,00;17.642,00;17.115,00;14.358,00;11.767,00;11.044,00;8.581,00
20054;Lizartza;23.710,00;21.189,00;21.060,00;20.707,00;19.788,00;19.284,00;18.605,00;17.992,00;17.180,00;17.408,00;17.984,00;17.687,00;14.237,00;12.951,00;11.906,00;9.585,00
48903;Loiu;29.633,00;27.296,00;25.569,00;25.625,00;24.481,00;25.230,00;23.942,00;23.567,00;24.192,00;24.663,00;24.655,00;24.272,00;24.962,00;17.359,00;14.680,00;12.320,00
48058;Mallabia;26.522,00;23.740,00;22.548,00;22.669,00;21.955,00;21.672,00;21.164,00;20.295,00;19.942,00;19.261,00;19.905,00;19.580,00;17.919,00;14.676,00;12.641,00;9.088,00
48060;Markina-Xemein;24.482,00;22.725,00;21.760,00;21.532,00;20.979,00;21.022,00;19.736,00;19.234,00;18.446,00;18.472,00;18.225,00;17.340,00;15.706,00;12.929,00;11.772,00;9.165,00
48061;Maruri-Jatabe;30.342,00;28.960,00;27.121,00;27.646,00;26.537,00;25.685,00;24.690,00;24.782,00;24.916,00;26.797,00;25.330,00;24.835,00;24.257,00;16.363,00;14.623,00;10.204,00
48059;Mañaria;26.884,00;25.594,00;23.406,00;27.736,00;24.997,00;21.418,00;21.051,00;21.070,00;22.992,00;21.822,00;21.165,00;21.776,00;15.815,00;15.688,00;13.806,00;10.583,00
20901;Mendaro;25.017,00;25.250,00;23.140,00;23.512,00;22.964,00;22.538,00;21.585,00;20.697,00;20.814,00;20.453,00;21.053,00;20.360,00;16.376,00;13.807,00;12.591,00;9.213,00
48062;Mendata;22.990,00;22.330,00;21.532,00;22.175,00;21.282,00;21.228,00;21.245,00;21.810,00;19.844,00;19.843,00;19.277,00;19.287,00;16.385,00;12.848,00;11.720,00;9.109,00
48063;Mendexa;24.197,00;23.278,00;22.869,00;24.961,00;22.137,00;22.923,00;20.137,00;19.168,00;18.786,00;20.114,00;18.493,00;17.799,00;14.837,00;13.645,00;11.856,00;8.827,00
48064;Meñaka;26.287,00;28.326,00;26.011,00;24.583,00;23.328,00;22.699,00;21.992,00;21.367,00;21.235,00;20.937,00;20.895,00;21.093,00;18.616,00;14.231,00;12.820,00;9.757,00
01039;Moreda de Álava / Moreda Araba;17.899,00;19.517,00;18.915,00;19.968,00;16.818,00;17.518,00;15.043,00;15.737,00;13.915,00;13.285,00;13.883,00;13.607,00;12.537,00;9.455,00;10.181,00;8.868,00
48066;Morga;24.625,00;22.895,00;21.242,00;20.771,00;20.800,00;20.019,00;20.956,00;20.083,00;19.371,00;19.111,00;19.783,00;19.684,00;19.532,00;12.736,00;11.541,00;7.903,00
48068;Mundaka;27.073,00;25.142,00;23.655,00;23.530,00;25.114,00;22.350,00;23.422,00;21.485,00;19.998,00;20.322,00;20.297,00;19.980,00;17.685,00;13.301,00;12.029,00;8.999,00
48069;Mungia;29.462,00;26.846,00;25.564,00;26.126,00;24.188,00;23.605,00;22.739,00;22.675,00;21.996,00;22.457,00;22.373,00;22.113,00;19.673,00;15.572,00;13.922,00;11.387,00
48007;Munitibar-Arbatzegi Gerrikaitz-;21.197,00;19.315,00;17.817,00;18.675,00;18.282,00;18.773,00;18.350,00;18.409,00;16.919,00;17.345,00;17.753,00;17.116,00;15.058,00;12.564,00;11.404,00;8.401,00
48908;Murueta;27.266,00;26.788,00;26.849,00;27.660,00;28.121,00;26.990,00;23.879,00;24.816,00;26.166,00;27.302,00;24.479,00;22.647,00;19.459,00;15.672,00;14.108,00;11.427,00
48071;Muskiz;22.320,00;21.398,00;20.361,00;20.322,00;19.366,00;18.975,00;18.243,00;17.939,00;17.405,00;17.667,00;17.962,00;17.827,00;15.321,00;11.977,00;11.101,00;8.960,00
20057;Mutiloa;28.430,00;26.593,00;26.639,00;28.874,00;27.889,00;26.252,00;26.116,00;24.372,00;23.267,00;22.077,00;22.370,00;24.804,00;18.394,00;14.438,00;10.804,00;8.238,00
20056;Mutriku;23.778,00;23.000,00;21.703,00;21.693,00;21.399,00;20.477,00;20.209,00;18.586,00;18.761,00;17.613,00;18.692,00;18.823,00;14.750,00;12.145,00;10.883,00;8.230,00
48067;Muxika;25.507,00;23.205,00;22.300,00;22.765,00;20.901,00;20.694,00;19.902,00;20.113,00;19.797,00;19.764,00;19.436,00;18.769,00;16.867,00;13.008,00;11.931,00;8.842,00
48909;Nabarniz;23.693,00;22.897,00;22.508,00;23.419,00;20.853,00;22.050,00;21.475,00;20.209,00;20.921,00;19.549,00;19.297,00;18.335,00;14.992,00;12.334,00;11.765,00;7.684,00
01041;Navaridas;11.517,00;12.232,00;12.061,00;13.907,00;14.611,00;11.586,00;11.156,00;11.561,00;11.565,00;10.108,00;11.194,00;12.731,00;14.172,00;12.627,00;11.491,00;10.033,00
20063;Oiartzun;26.053,00;23.988,00;22.959,00;24.375,00;21.906,00;21.119,00;20.473,00;19.833,00;19.330,00;19.299,00;19.736,00;19.510,00;17.216,00;13.490,00;12.316,00;9.627,00
01042;Okondo;21.026,00;20.581,00;20.093,00;19.717,00;18.694,00;18.936,00;17.374,00;17.193,00;17.666,00;17.109,00;17.149,00;18.082,00;14.572,00;11.660,00;10.483,00;6.917,00
20058;Olaberria;26.019,00;25.541,00;24.734,00;23.965,00;23.413,00;23.332,00;22.284,00;21.729,00;21.035,00;20.884,00;21.750,00;20.692,00;19.369,00;14.312,00;13.847,00;10.842,00
48073;Ondarroa;21.072,00;24.122,00;18.874,00;18.984,00;19.333,00;18.583,00;17.255,00;16.493,00;16.113,00;15.735,00;15.730,00;15.217,00;13.360,00;10.789,00;10.151,00;8.677,00
20076;Ordizia;25.666,00;24.340,00;23.068,00;23.072,00;22.157,00;21.793,00;21.236,00;20.857,00;20.355,00;20.368,00;20.197,00;19.898,00;17.271,00;14.128,00;13.565,00;10.287,00
20905;Orendain;32.869,00;27.336,00;29.419,00;24.997,00;24.102,00;23.506,00;24.341,00;23.403,00;21.507,00;22.685,00;24.303,00;22.850,00;13.491,00;12.653,00;10.628,00;9.039,00
20060;Orexa;23.773,00;23.961,00;20.429,00;23.062,00;21.453,00;22.803,00;22.896,00;21.862,00;19.540,00;19.900,00;21.622,00;22.129,00;18.331,00;15.728,00;13.077,00;8.996,00
20061;Orio;26.562,00;24.862,00;24.058,00;23.878,00;23.393,00;22.009,00;21.417,00;21.048,00;19.783,00;19.514,00;20.337,00;19.420,00;16.753,00;13.596,00;12.092,00;8.944,00
20062;Ormaiztegi;25.719,00;23.675,00;23.605,00;25.982,00;24.235,00;24.741,00;23.622,00;23.325,00;22.043,00;23.000,00;22.588,00;22.958,00;18.902,00;15.586,00;13.582,00;10.889,00
48075;Orozko;24.574,00;22.234,00;21.899,00;22.387,00;21.066,00;21.018,00;20.465,00;20.495,00;20.365,00;20.354,00;19.804,00;19.842,00;17.460,00;12.865,00;11.650,00;9.586,00
48083;Ortuella;20.000,00;18.705,00;17.901,00;18.247,00;17.223,00;16.621,00;16.141,00;15.960,00;15.607,00;15.243,00;16.023,00;15.970,00;14.281,00;10.873,00;9.903,00;7.804,00
48072;Otxandio;24.283,00;22.406,00;20.808,00;21.663,00;20.174,00;21.081,00;20.194,00;19.403,00;19.019,00;18.649,00;18.832,00;18.029,00;15.689,00;13.195,00;11.819,00;9.427,00
01043;Oyón-Oion;18.226,00;17.730,00;17.095,00;18.066,00;16.973,00;16.767,00;16.544,00;16.161,00;15.581,00;14.965,00;16.098,00;15.206,00;15.296,00;10.957,00;10.998,00;8.446,00
20059;Oñati;29.556,00;26.948,00;26.067,00;26.391,00;25.889,00;25.292,00;23.818,00;23.168,00;21.841,00;21.943,00;22.402,00;22.413,00;19.668,00;15.924,00;15.035,00;11.678,00
20064;Pasaia;20.232,00;19.051,00;18.511,00;17.969,00;17.283,00;16.829,00;16.478,00;16.277,00;15.798,00;15.637,00;16.128,00;15.777,00;13.741,00;10.784,00;9.879,00;7.944,00
01044;Peñacerrada-Urizaharra;25.202,00;24.417,00;23.387,00;24.304,00;25.605,00;22.223,00;23.723,00;22.649,00;24.853,00;22.680,00;20.827,00;21.365,00;15.701,00;12.348,00;11.521,00;9.305,00
48077;Plentzia;27.243,00;26.830,00;24.029,00;24.880,00;23.512,00;22.822,00;22.374,00;22.581,00;22.059,00;21.694,00;22.891,00;23.648,00;21.485,00;17.596,00;15.633,00;12.747,00
48078;Portugalete;21.303,00;20.129,00;19.230,00;19.330,00;18.297,00;17.957,00;17.425,00;17.270,00;17.013,00;16.913,00;17.043,00;17.029,00;15.196,00;11.649,00;10.886,00;8.540,00
01047;Ribera Baja/Erribera Beitia;22.541,00;22.264,00;20.315,00;20.562,00;20.081,00;18.849,00;18.221,00;19.442,00;17.814,00;17.449,00;18.871,00;19.700,00;18.282,00;14.830,00;12.678,00;9.118,00
01051;Salvatierra/Agurain;21.132,00;19.701,00;19.590,00;19.354,00;18.355,00;18.324,00;17.689,00;17.508,00;16.969,00;16.969,00;17.966,00;17.519,00;14.061,00;11.956,00;11.435,00;8.424,00
01052;Samaniego;17.432,00;17.240,00;16.350,00;18.899,00;17.524,00;17.213,00;17.518,00;17.607,00;16.312,00;15.007,00;14.868,00;14.490,00;17.791,00;12.944,00;11.243,00;8.050,00
01053;San Millán/Donemiliaga;24.342,00;23.821,00;22.511,00;22.083,00;20.609,00;21.178,00;19.762,00;19.676,00;18.798,00;19.647,00;20.146,00;18.587,00;14.261,00;12.589,00;11.485,00;8.858,00
48082;Santurtzi;20.992,00;19.652,00;18.952,00;18.825,00;17.939,00;17.639,00;16.818,00;16.655,00;16.283,00;16.170,00;16.235,00;16.415,00;14.936,00;11.308,00;10.469,00;8.047,00
20070;Segura;28.175,00;27.578,00;28.447,00;26.075,00;25.969,00;24.483,00;23.110,00;22.747,00;21.843,00;21.452,00;21.176,00;21.578,00;16.061,00;13.736,00;13.146,00;10.075,00
48084;Sestao;18.200,00;17.052,00;16.428,00;16.491,00;15.763,00;15.468,00;15.057,00;14.899,00;14.684,00;14.590,00;14.883,00;15.028,00;13.756,00;10.445,00;9.845,00;7.681,00
48904;Sondika;30.717,00;26.769,00;23.851,00;23.534,00;22.615,00;21.860,00;21.447,00;21.848,00;20.831,00;20.851,00;20.839,00;20.902,00;19.353,00;14.498,00;12.777,00;9.861,00
48085;Sopela;29.225,00;27.339,00;25.523,00;26.964,00;24.820,00;24.365,00;23.112,00;22.587,00;22.329,00;21.986,00;22.147,00;22.226,00;19.648,00;15.363,00;13.807,00;11.112,00
48086;Sopuerta;22.534,00;21.252,00;20.098,00;20.164,00;19.508,00;18.482,00;18.100,00;17.674,00;17.430,00;17.605,00;17.411,00;17.707,00;15.777,00;11.831,00;11.141,00;8.912,00
20065;Soraluze-Placencia de las Armas;21.931,00;20.511,00;20.246,00;20.708,00;19.983,00;19.706,00;18.492,00;18.174,00;17.252,00;17.193,00;17.311,00;17.429,00;15.760,00;12.437,00;11.747,00;8.824,00
48076;Sukarrieta;30.792,00;32.840,00;28.728,00;30.094,00;27.422,00;28.603,00;28.445,00;29.223,00;27.159,00;27.421,00;26.745,00;27.354,00;25.326,00;19.559,00;18.458,00;15.089,00
20071;Tolosa;28.738,00;25.339,00;24.572,00;24.351,00;23.536,00;23.394,00;22.168,00;21.978,00;21.490,00;21.216,00;22.247,00;21.390,00;18.115,00;14.541,00;13.715,00;10.497,00
48087;Trucios-Turtzioz;19.732,00;18.544,00;16.094,00;15.715,00;15.197,00;14.807,00;15.532,00;14.474,00;13.823,00;13.113,00;13.917,00;15.123,00;13.110,00;9.051,00;8.815,00;7.139,00
48088;Ubide;21.424,00;19.385,00;19.240,00;20.145,00;19.010,00;16.603,00;17.997,00;18.789,00;17.076,00;17.298,00;16.087,00;17.913,00;15.575,00;13.050,00;12.060,00;7.590,00
48065;Ugao-Miraballes;22.203,00;20.865,00;20.180,00;19.888,00;19.267,00;19.107,00;18.100,00;17.923,00;17.433,00;17.503,00;17.647,00;17.915,00;15.885,00;12.278,00;11.377,00;9.006,00
48089;Urduliz;27.059,00;25.471,00;24.015,00;23.863,00;22.054,00;21.736,00;21.310,00;20.777,00;19.955,00;19.870,00;20.219,00;19.482,00;17.122,00;13.000,00;11.793,00;9.212,00
48074;Urduña/Orduña;21.235,00;20.120,00;19.325,00;19.788,00;18.627,00;18.870,00;18.107,00;18.156,00;18.430,00;17.124,00;17.282,00;16.796,00;15.911,00;11.733,00;11.089,00;8.888,00
01054;Urkabustaiz;23.169,00;22.136,00;21.116,00;21.627,00;20.019,00;20.203,00;19.968,00;20.196,00;19.836,00;20.090,00;20.225,00;20.469,00;17.788,00;14.173,00;11.960,00;8.758,00
20072;Urnieta;24.719,00;21.931,00;21.560,00;21.367,00;20.513,00;20.200,00;19.310,00;19.108,00;18.639,00;18.463,00;19.019,00;18.758,00;16.052,00;12.542,00;11.582,00;8.693,00
20077;Urretxu;25.825,00;24.380,00;23.409,00;23.564,00;22.211,00;22.337,00;21.895,00;21.153,00;19.820,00;19.697,00;20.499,00;20.166,00;16.950,00;13.632,00;12.513,00;9.120,00
20073;Usurbil;25.027,00;23.511,00;23.220,00;23.895,00;22.383,00;21.740,00;20.756,00;20.496,00;19.643,00;19.542,00;20.136,00;20.192,00;17.421,00;13.500,00;12.434,00;9.380,00
01055;Valdegovía/Gaubea;21.701,00;20.991,00;19.506,00;19.009,00;18.751,00;18.487,00;18.402,00;17.907,00;17.468,00;17.593,00;19.270,00;18.398,00;15.350,00;12.812,00;11.517,00;8.250,00
48080;Valle de Trápaga-Trapagaran;21.075,00;19.676,00;18.939,00;18.933,00;17.910,00;17.513,00;16.936,00;16.706,00;16.508,00;16.342,00;16.660,00;16.889,00;14.948,00;11.546,00;10.717,00;8.399,00
20075;Villabona;23.370,00;21.815,00;21.350,00;20.792,00;20.669,00;19.272,00;18.953,00;18.357,00;17.860,00;18.191,00;18.702,00;18.410,00;15.706,00;12.996,00;11.734,00;9.146,00
01057;Villabuena de Álava/Eskuernaga;14.505,00;14.636,00;14.481,00;15.663,00;14.417,00;16.228,00;15.476,00;15.733,00;13.719,00;11.917,00;12.665,00;15.051,00;12.219,00;11.394,00;10.210,00;9.827,00
01059;Vitoria-Gasteiz;24.000,00;22.615,00;21.818,00;22.111,00;21.259,00;20.643,00;20.115,00;20.004,00;19.558,00;19.604,00;20.465,00;19.980,00;17.597,00;14.506,00;13.731,00;10.440,00
01060;Yécora/Iekora;17.127,00;16.116,00;16.108,00;18.152,00;19.454,00;17.863,00;16.040,00;15.562,00;15.627,00;13.973,00;11.750,00;13.094,00;11.672,00;9.916,00;9.113,00;9.819,00
48095;Zaldibar;24.276,00;23.017,00;21.928,00;23.108,00;21.709,00;21.662,00;22.319,00;20.736,00;20.497,00;20.692,00;19.990,00;18.443,00;16.226,00;13.058,00;12.215,00;9.269,00
20078;Zaldibia;25.795,00;24.037,00;23.866,00;23.930,00;22.266,00;21.879,00;21.607,00;20.779,00;20.652,00;20.306,00;19.918,00;19.066,00;16.359,00;12.926,00;12.451,00;10.218,00
01061;Zalduondo;25.261,00;25.750,00;25.453,00;23.740,00;23.197,00;22.270,00;24.493,00;22.243,00;22.356,00;21.661,00;28.825,00;20.841,00;18.078,00;13.734,00;11.527,00;9.487,00
48096;Zalla;21.910,00;20.846,00;19.884,00;19.938,00;18.632,00;18.265,00;17.391,00;17.047,00;16.664,00;16.656,00;16.951,00;17.140,00;15.403,00;12.065,00;11.269,00;8.861,00
01062;Zambrana;20.663,00;19.652,00;18.646,00;18.192,00;18.518,00;16.620,00;17.440,00;17.058,00;17.030,00;17.836,00;16.525,00;18.354,00;15.854,00;11.421,00;11.480,00;8.732,00
48905;Zamudio;23.426,00;22.122,00;20.934,00;20.965,00;19.972,00;20.385,00;20.201,00;19.226,00;18.624,00;18.986,00;18.819,00;18.308,00;17.031,00;13.283,00;12.248,00;9.524,00
48097;Zaratamo;21.600,00;20.594,00;19.494,00;19.580,00;18.877,00;18.815,00;18.387,00;17.673,00;17.169,00;17.151,00;18.158,00;18.592,00;15.823,00;12.659,00;11.825,00;9.396,00
20079;Zarautz;28.588,00;26.583,00;25.650,00;25.254,00;24.081,00;23.366,00;22.399,00;21.890,00;20.810,00;20.496,00;21.487,00;21.202,00;17.962,00;14.622,00;13.869,00;10.354,00
48024;Zeanuri;27.337,00;25.638,00;24.831,00;25.618,00;23.327,00;23.615,00;22.949,00;22.211,00;21.975,00;22.116,00;21.279,00;21.129,00;17.759,00;15.658,00;13.881,00;10.570,00
48025;Zeberio;26.638,00;23.959,00;23.192,00;23.317,00;22.539,00;22.127,00;20.409,00;20.629,00;20.075,00;19.356,00;19.368,00;19.894,00;16.879,00;13.894,00;12.501,00;9.445,00
20025;Zegama;27.188,00;25.295,00;25.409,00;25.262,00;23.289,00;22.408,00;22.045,00;20.996,00;20.252,00;19.957,00;18.862,00;19.433,00;15.325,00;12.702,00;11.668,00;8.707,00
20026;Zerain;29.769,00;27.342,00;28.524,00;27.652,00;27.632,00;25.354,00;24.120,00;23.808,00;23.451,00;23.056,00;23.506,00;23.254,00;20.115,00;15.736,00;14.574,00;10.070,00
20027;Zestoa;23.622,00;22.039,00;20.972,00;20.491,00;20.103,00;19.651,00;19.098,00;18.451,00;17.983,00;17.926,00;18.437,00;18.447,00;15.770,00;12.680,00;11.592,00;8.859,00
48913;Zierbena;27.465,00;26.076,00;24.102,00;24.382,00;22.933,00;22.725,00;20.962,00;20.936,00;19.554,00;19.966,00;21.482,00;20.194,00;17.322,00;12.379,00;12.168,00;10.023,00
01018;Zigoitia;30.401,00;28.587,00;27.850,00;27.310,00;26.427,00;26.817,00;25.338,00;26.534,00;24.605,00;25.185,00;26.059,00;25.499,00;23.538,00;18.075,00;16.923,00;12.257,00
48915;Ziortza-Bolibar;25.096,00;25.682,00;22.141,00;23.096,00;23.401,00;21.449,00;20.846,00;19.327,00;17.961,00;17.583,00;17.183,00;17.358,00;14.724,00;12.929,00;11.772,00;9.165,00
20028;Zizurkil;25.715,00;22.489,00;22.755,00;21.740,00;21.057,00;20.528,00;19.912,00;19.023,00;18.796,00;18.618,00;18.438,00;18.485,00;16.058,00;12.855,00;12.067,00;8.888,00
01063;Zuia;30.845,00;29.457,00;27.237,00;30.341,00;26.090,00;25.756,00;24.566,00;25.354,00;25.314,00;25.026,00;25.797,00;24.480,00;20.673,00;18.089,00;15.209,00;10.228,00
20081;Zumaia;28.333,00;25.989,00;25.050,00;24.971,00;24.175,00;23.073,00;21.801,00;21.405,00;20.138,00;19.686,00;21.041,00;21.906,00;17.134,00;13.701,00;12.768,00;9.842,00
20080;Zumarraga;23.066,00;21.626,00;21.193,00;21.257,00;20.292,00;19.907,00;20.091,00;18.994,00;18.395,00;18.465,00;19.411,00;18.289,00;16.384,00;12.841,00;11.639,00;8.943,00
