Indicadores municipales de sostenibilidad: Tasa media de crecimiento acumulativo anual de la renta personal total en el último periodo (%);;;;;;;;;;;;;;;;
"";;;;;;;;;;;;;;;;
Resumen de datos;;;;;;;;;;;;;;;;
Entidad;;2022;2021;2020;2019;2018;2017;2016;2015;2014;2013;2011;2009;2006;2003;2001
Araba/Álava;;4,86;0,86;1,27;3,81;2,70;1,56;1,39;1,10;-1,34;-1,98;1,24;4,57;6,75;3,21;7,22
Bizkaia;;5,84;2,22;2,29;3,11;2,66;2,68;1,91;1,40;-0,18;-0,50;-0,14;3,54;9,02;4,19;5,90
CAE;;5,91;1,68;2,04;3,42;2,83;2,75;2,34;1,67;-0,57;-1,09;0,21;4,18;8,36;3,76;6,41
Gipuzkoa;;6,44;1,22;1,99;3,71;3,12;3,37;3,40;2,33;-0,85;-1,64;0,31;5,04;7,98;3,29;6,87
"";;;;;;;;;;;;;;;;
Detalle por comarcas;;;;;;;;;;;;;;;;
Código comarca;Comarca;2022;2021;2020;2019;2018;2017;2016;2015;2014;2013;2011;2009;2006;2003;2001
01100;Arabako Ibarrak / Valles Alaveses;5,86;5,08;1,89;2,02;2,05;1,59;2,33;0,62;-2,24;-2,20;1,05;4,02;8,13;6,35;5,71
01200;Arabako Lautada / Llanada Alavesa;4,87;1,11;1,35;3,44;2,69;1,60;1,43;1,00;-1,54;-2,18;1,24;4,47;6,60;2,92;7,15
01300;Arabako Mendialdea / Montaña Alavesa;3,62;-8,73;1,45;23,98;4,37;1,64;1,47;1,58;-0,55;-0,91;0,65;8,27;6,48;5,53;7,75
48100;Arratia Nerbioi / Arratia-Nervión;5,48;1,27;2,02;2,74;1,44;2,39;1,53;1,70;1,16;0,46;0,01;3,79;8,26;4,45;6,04
20200;Bidasoa Beherea / Bajo Bidasoa;9,80;2,46;2,83;4,10;3,36;2,36;2,84;2,09;-1,84;-2,69;0,71;3,80;9,27;4,58;6,06
48200;Bilbo Handia / Gran Bilbao;5,98;2,24;2,34;2,96;2,62;2,65;1,78;1,34;-0,30;-0,65;-0,30;3,31;9,30;4,09;5,82
20100;Deba Beherea / Bajo Deba;4,22;1,54;1,34;1,58;1,77;5,44;6,15;2,27;-0,54;-1,32;0,43;4,93;7,79;3,14;7,33
20300;Debagoiena / Alto Deba;5,36;0,31;1,02;3,12;4,06;4,47;4,49;2,54;-1,44;-1,65;-0,34;4,93;6,39;2,59;6,75
20400;Donostialdea / Donostia-San Sebastián;6,90;1,00;2,04;4,10;3,06;3,19;2,95;2,30;-0,72;-1,64;0,08;4,82;8,69;2,87;6,87
48300;Durangaldea / Duranguesado;4,51;1,25;2,45;3,71;2,57;2,83;2,65;1,80;0,25;-0,20;-0,15;5,30;7,09;4,16;6,45
48400;Enkartazioak / Encartaciones;5,48;2,54;3,16;3,95;2,87;2,55;2,17;1,23;-0,33;-0,34;-0,40;3,51;9,31;3,59;6,83
01400;Errioxa Arabarra / Rioja Alavesa;2,82;-1,55;-1,75;3,26;2,31;2,35;4,52;4,79;0,02;-1,44;-0,23;1,55;9,34;3,81;4,20
48500;Gernika-Bermeo;5,89;1,67;1,02;2,96;2,75;2,59;2,50;1,06;0,69;1,02;0,96;4,12;8,50;4,75;5,60
20500;Goierri;4,37;1,52;1,48;2,91;2,42;2,65;3,79;2,42;-0,43;-0,90;1,48;5,65;7,16;4,09;7,11
01500;Gorbeia Inguruak / Estribaciones del Gorbea;5,52;-0,41;1,30;4,97;2,01;0,92;0,81;1,26;-1,36;-2,18;2,24;5,36;6,12;4,79;9,84
01600;Kantauri Arabarra / Cantábrica Alavesa;5,06;0,25;1,34;4,78;2,97;1,19;0,23;0,83;-0,18;-0,57;1,41;5,71;7,18;4,06;8,04
48600;Markina-Ondarroa;6,03;7,86;0,84;2,23;3,77;4,00;2,98;2,46;0,60;0,08;1,68;4,52;6,87;4,42;5,63
48700;Plentzia-Mungia;6,02;1,50;2,31;4,31;3,08;2,48;1,61;1,21;-0,63;-0,81;0,64;3,37;8,96;5,45;5,94
20600;Tolosaldea / Tolosa;6,36;2,14;2,48;2,43;3,14;3,33;2,27;1,44;-0,99;-1,65;1,59;5,68;6,94;4,26;6,85
20700;Urola-Kostaldea / Urola Costa;5,59;0,84;2,50;5,21;4,00;3,32;3,41;3,07;-0,53;-1,52;-0,48;6,62;6,46;3,69;7,37
"";;;;;;;;;;;;;;;;
Detalle por municipios;;;;;;;;;;;;;;;;
Código municipio;Municipio;2022;2021;2020;2019;2018;2017;2016;2015;2014;2013;2011;2009;2006;2003;2001
48001;Abadiño;1,37;0,50;4,29;2,60;1,33;2,58;3,04;3,17;0,43;-0,88;0,86;3,53;6,42;7,61;6,60
20001;Abaltzisketa;-10,87;0,06;14,54;-14,19;9,16;31,59;-2,76;-4,44;-3,10;-4,43;7,84;5,84;6,71;5,49;9,67
48002;Abanto y Ciérvana-Abanto Zierbena;5,60;1,85;2,41;4,51;3,01;2,28;2,33;1,75;-0,37;-1,03;-0,57;3,12;9,08;5,68;6,95
20002;Aduna;5,75;-3,00;-0,42;1,91;6,67;7,37;2,49;4,78;-0,07;-2,37;0,72;4,17;11,07;13,62;6,95
20016;Aia;5,85;3,69;4,27;2,38;1,70;3,90;4,39;1,61;-0,03;0,18;0,97;9,09;6,07;6,71;4,40
20003;Aizarnazabal;5,79;-0,34;2,22;4,45;2,15;3,54;6,66;6,72;-1,38;-4,11;-3,47;11,83;1,88;7,71;6,36
48911;Ajangiz;8,72;-1,86;-2,35;1,51;2,95;3,74;2,75;1,83;0,12;0,33;4,28;5,96;9,23;2,97;5,21
20004;Albiztur;5,45;-2,43;1,02;3,68;2,16;7,48;1,57;-0,29;0,76;-0,38;0,71;6,89;8,97;3,41;6,78
20005;Alegia;2,98;3,08;2,63;0,64;3,57;3,72;3,02;1,90;-1,11;-0,94;2,21;4,48;6,57;4,99;7,28
01001;Alegría-Dulantzi;3,34;0,48;0,97;2,40;0,49;1,22;1,51;1,99;-1,20;-2,98;0,33;3,56;6,80;6,67;11,73
20006;Alkiza;5,39;-1,04;1,39;4,28;2,09;0,16;3,13;4,10;2,08;2,48;-0,82;7,16;6,86;5,06;7,19
48912;Alonsotegi;6,07;2,33;3,64;3,90;1,62;2,06;1,87;1,93;-0,34;-1,53;-0,20;3,63;8,15;8,03;6,47
20906;Altzaga;10,44;-0,54;-0,22;0,72;1,02;4,75;1,57;2,46;-0,66;-3,53;1,53;7,43;5,08;12,75;8,02
20007;Altzo;3,55;0,87;5,50;4,48;3,98;5,81;0,96;2,20;1,14;-0,71;-0,37;8,12;2,01;7,71;5,89
20008;Amezketa;3,44;2,36;1,42;4,71;4,59;6,39;4,08;2,38;-0,36;-1,68;3,17;6,64;2,69;3,71;7,37
48003;Amorebieta-Etxano;6,08;1,68;1,70;3,07;3,61;3,64;1,76;1,47;0,27;-0,16;-2,01;5,38;7,17;5,69;6,86
48004;Amoroto;7,69;2,14;0,93;2,79;2,50;1,76;1,09;2,62;2,04;1,79;-0,13;6,37;5,74;5,82;4,88
01002;Amurrio;5,51;0,83;1,14;4,28;3,45;0,88;-1,08;0,40;0,10;-0,18;2,01;4,16;8,47;3,77;7,38
20009;Andoain;4,21;1,86;3,60;3,29;1,77;2,38;3,13;1,63;-0,49;-0,65;0,09;5,45;7,88;5,10;6,78
20010;Anoeta;4,44;2,60;2,45;3,89;3,74;3,60;2,51;-0,34;-1,09;-0,75;1,87;5,74;6,65;4,10;6,71
20011;Antzuola;5,18;0,86;-0,05;1,79;3,79;4,76;5,29;3,78;-0,29;-0,28;0,99;5,64;5,77;5,83;6,45
48005;Arakaldo;3,69;-1,73;-2,63;-0,02;1,86;4,57;4,45;9,86;0,54;-5,84;-2,64;5,41;10,68;3,63;6,42
20012;Arama;12,26;4,84;-1,03;2,35;-3,10;1,79;4,14;4,56;-0,57;-7,02;9,24;9,56;7,86;5,03;8,38
01003;Aramaio;4,55;-4,22;-0,86;5,40;-0,36;1,79;4,68;3,72;-2,31;-5,06;4,20;6,66;5,65;3,85;8,86
48006;Arantzazu;4,31;0,73;1,28;1,07;1,11;-0,08;3,76;2,47;-1,64;-0,84;0,91;7,00;4,40;6,68;6,33
48093;Areatza;5,44;0,05;-0,17;3,58;3,03;3,51;0,50;0,08;1,64;0,99;1,21;1,07;10,79;3,17;5,02
20013;Aretxabaleta;5,07;0,48;1,51;2,49;3,99;5,62;5,94;2,76;-2,19;-2,04;-2,71;6,15;5,02;2,88;6,11
01006;Armiñón;3,44;8,21;2,59;6,71;8,10;-0,80;-0,45;5,71;-2,52;-4,74;2,60;-4,58;17,39;3,00;7,81
01037;Arraia-Maeztu;4,45;-22,02;-0,90;68,84;9,44;1,15;1,14;3,44;-1,47;-1,10;3,56;4,89;9,00;5,88;8,47
48009;Arrankudiaga;8,60;5,23;3,46;2,61;-3,89;1,50;6,03;2,18;-0,11;-1,36;-0,21;6,10;4,88;11,42;6,28
20055;Arrasate/Mondragón;4,37;-0,27;1,66;4,02;4,13;5,41;5,15;1,60;-2,04;-1,90;-0,37;4,50;6,44;2,21;6,77
48914;Arratzu;5,76;1,08;2,13;3,11;2,82;2,69;3,04;3,29;1,04;0,89;0,82;5,82;8,09;0,67;6,72
01008;Arratzua-Ubarrundia;18,43;-0,33;1,62;2,73;-1,46;0,44;2,91;-0,23;-6,51;-7,49;5,39;9,09;4,67;9,20;10,13
48010;Arrieta;6,73;0,42;0,32;0,74;5,51;10,56;-0,41;2,11;2,62;0,47;-0,58;7,29;8,98;8,06;9,93
48011;Arrigorriaga;4,83;1,82;3,03;4,04;2,97;1,55;1,92;1,92;-1,12;-1,72;-0,48;4,27;6,90;7,28;6,49
48023;Artea;4,46;0,16;1,72;1,60;1,71;7,45;2,13;-0,25;2,18;1,74;0,58;5,12;7,21;1,44;7,12
48008;Artzentales;5,22;3,37;1,31;3,00;6,38;1,61;2,90;0,72;0,07;2,37;-4,16;4,96;8,32;5,90;7,46
01004;Artziniega;8,06;0,94;0,15;3,46;2,44;0,84;0,57;-0,04;-0,18;-0,03;0,38;6,04;8,58;-2,69;9,76
01009;Asparrena;1,11;-3,04;1,10;4,04;1,71;2,84;1,16;1,22;1,34;-0,36;0,91;8,74;5,40;2,71;7,45
20014;Asteasu;4,60;2,68;3,61;0,16;1,67;6,63;3,46;2,57;-0,89;-1,42;0,75;7,05;3,17;8,39;9,71
20903;Astigarraga;5,16;0,90;3,98;5,95;4,54;4,10;0,64;2,24;1,73;-0,44;1,23;6,71;7,82;3,90;7,65
20015;Ataun;4,48;1,85;1,27;3,77;4,36;2,79;1,53;0,52;0,09;0,26;2,33;12,46;0,96;7,69;6,25
48091;Atxondo;6,30;4,26;1,22;3,28;4,48;2,26;3,24;1,64;-1,01;-1,23;-1,19;4,84;6,62;4,11;6,63
48070;Aulesti;4,14;-0,58;0,89;3,63;1,22;1,01;3,24;1,89;-0,01;0,13;2,46;6,03;7,54;2,64;6,44
01010;Ayala/Aiara;3,54;1,41;1,63;3,68;3,66;2,08;0,62;0,97;-0,03;-0,88;0,08;5,26;6,60;8,84;9,87
20017;Azkoitia;5,60;2,06;1,93;3,60;4,92;4,15;2,30;2,00;0,31;-0,36;0,28;4,79;6,82;4,01;7,51
20018;Azpeitia;5,24;-5,18;2,67;11,13;3,25;2,75;3,01;2,77;0,05;-0,43;-3,18;8,90;3,70;4,06;7,10
01049;Añana;3,06;7,46;8,83;6,90;-1,65;3,29;11,74;-1,89;-4,89;-0,25;4,03;7,25;4,50;5,55;5,98
48012;Bakio;3,76;-3,43;2,95;7,91;0,75;-1,61;3,09;5,40;-1,57;-1,64;1,35;4,97;6,77;11,03;7,89
20904;Baliarrain;9,50;6,10;1,11;-0,08;6,15;4,91;-0,52;-1,99;0,51;4,39;3,78;10,10;8,71;8,12;5,08
48090;Balmaseda;5,71;2,35;2,55;4,50;2,97;2,47;2,82;2,78;-1,08;-2,46;0,46;2,40;9,75;4,69;5,74
48013;Barakaldo;5,53;2,60;2,95;3,36;2,22;2,31;1,46;1,12;-0,22;-0,62;-0,10;3,78;9,34;4,06;6,73
48014;Barrika;8,45;5,73;2,91;2,78;3,64;3,25;-0,93;-9,90;-2,59;5,69;-0,21;3,91;12,02;4,35;7,31
01013;Barrundia;3,11;1,57;2,65;2,37;-0,10;1,64;1,19;-0,39;-2,72;-3,10;3,02;7,32;4,63;11,33;7,95
48015;Basauri;4,67;1,63;2,34;3,50;2,80;2,34;1,42;0,86;-0,92;-1,51;-0,12;5,76;6,79;2,69;6,36
01011;Baños de Ebro/Mañueta;-3,82;-5,88;-5,44;1,63;-3,51;3,97;7,77;5,99;3,56;1,90;-4,13;9,22;0,28;-1,10;3,26
20019;Beasain;4,40;1,68;-1,59;2,82;4,03;2,96;5,68;2,78;-1,00;-1,41;1,58;5,41;7,26;3,65;7,02
48092;Bedia;7,87;1,56;1,49;4,24;4,76;4,37;1,31;-2,82;-0,28;2,11;1,25;3,65;8,33;2,37;6,39
20020;Beizama;8,22;-9,39;10,66;3,01;1,35;18,01;-1,00;4,41;1,30;-6,77;-8,58;10,03;3,34;7,58;12,32
20021;Belauntza;18,18;-0,68;3,70;5,05;-0,14;-2,38;5,61;4,80;-4,06;-4,10;-2,43;10,11;10,43;-3,71;10,71
48016;Berango;5,36;1,03;-0,14;0,71;3,56;4,23;2,11;1,81;-2,22;-3,14;3,45;4,44;10,00;10,90;6,98
01014;Berantevilla;10,49;7,52;2,35;1,59;2,87;1,70;-0,28;-5,41;-3,02;0,81;5,28;-3,16;16,87;6,45;7,71
20022;Berastegi;8,67;1,82;3,33;5,65;5,86;4,11;1,05;0,91;-0,60;-1,88;1,48;4,36;9,46;8,05;5,82
20074;Bergara;6,17;0,19;0,71;3,30;3,75;2,71;2,72;3,27;-0,75;-1,62;0,04;5,17;6,14;2,49;6,93
48017;Bermeo;5,47;1,95;0,80;3,35;3,54;1,42;2,37;0,34;1,08;2,71;2,27;3,69;8,54;4,48;4,93
01016;Bernedo;1,73;1,01;4,28;5,54;2,38;0,58;1,62;-0,03;-0,15;0,36;-0,57;7,30;5,19;5,95;9,24
48018;Berriatua;5,79;6,18;3,15;4,41;1,56;0,53;3,71;4,25;3,16;3,68;0,89;2,58;4,72;6,10;4,96
48019;Berriz;4,15;1,28;2,01;2,85;1,40;2,75;3,81;2,25;0,65;0,11;0,01;3,63;7,75;5,34;6,68
20023;Berrobi;3,54;2,31;4,47;2,32;1,72;3,31;6,14;1,34;-0,09;2,54;2,68;1,99;7,79;7,04;6,27
20024;Bidania-Goiatz;8,18;2,99;0,72;1,08;3,20;1,37;3,32;6,43;1,70;1,04;0,96;5,88;6,44;3,43;5,62
48020;Bilbao;6,26;2,04;2,13;3,27;2,44;2,27;1,92;1,50;-0,04;-0,35;-0,73;3,34;9,33;3,96;5,13
48021;Busturia;4,45;1,45;3,45;1,09;2,32;3,18;0,78;0,11;-0,25;0,29;-0,05;3,55;11,49;1,75;6,95
01017;Campezo/Kanpezu;3,94;1,46;3,73;4,96;1,88;2,48;3,60;1,31;-2,37;-3,12;-1,20;10,83;4,42;5,76;6,78
20029;Deba;6,42;5,53;-1,22;-0,69;5,54;7,46;4,88;3,66;-0,49;-1,54;-1,32;6,26;7,73;3,71;6,83
48901;Derio;3,66;3,91;5,24;4,59;2,79;2,94;2,86;2,13;0,37;0,12;1,24;1,56;11,45;4,31;6,67
48026;Dima;4,73;2,03;3,29;4,77;2,71;2,20;1,99;1,04;0,79;0,71;-0,11;2,57;8,08;6,02;5,56
20069;Donostia / San Sebastián;8,04;0,48;1,59;4,20;3,03;3,50;3,29;2,66;-0,62;-1,64;-0,10;4,75;8,98;2,00;6,90
48027;Durango;3,94;-0,18;2,79;4,73;2,34;2,46;2,64;1,53;0,17;0,09;-0,39;7,26;6,05;2,19;5,63
48028;Ea;7,95;0,10;2,88;4,91;2,24;2,15;2,96;2,57;-0,88;-1,03;-0,35;4,06;7,27;8,85;5,90
20030;Eibar;3,96;0,59;1,29;1,73;-0,67;5,43;8,67;1,93;-0,94;-1,35;0,73;4,06;8,20;2,76;7,25
48031;Elantxobe;5,86;-1,14;3,17;5,39;2,12;-0,24;-1,04;2,03;1,30;0,10;1,73;2,97;11,89;4,03;8,02
01021;Elburgo/Burgelu;7,66;5,11;1,30;0,39;1,75;-0,81;-1,85;0,69;-1,76;-1,65;0,01;4,72;4,76;7,33;15,05
01022;Elciego;5,05;0,13;-0,02;0,29;-0,29;1,24;5,19;6,68;1,14;-0,07;-1,59;2,74;7,75;9,53;1,59
20031;Elduain;6,05;0,72;1,78;1,92;1,08;1,28;2,79;2,30;0,66;0,95;0,56;7,90;6,15;4,58;5,86
20033;Elgeta;4,95;0,10;1,36;4,26;2,68;1,23;6,07;5,03;-1,98;-2,73;2,55;6,96;7,33;3,61;7,73
20032;Elgoibar;3,60;1,37;3,29;1,34;4,72;5,30;3,27;2,29;-0,06;-0,68;0,87;5,19;7,33;2,85;7,81
48032;Elorrio;5,62;1,96;1,97;3,04;0,85;2,39;3,82;2,47;0,00;-0,72;0,24;4,25;7,67;3,76;6,04
01023;Elvillar/Bilar;-0,10;-12,12;-11,85;2,27;6,39;5,65;10,64;16,25;4,12;0,10;-6,60;4,03;4,63;0,35;1,17
48902;Erandio;5,93;2,19;2,81;3,35;2,42;2,44;1,96;1,25;0,17;-0,05;-0,32;3,97;9,30;4,50;6,20
48033;Ereño;3,57;6,79;0,46;3,35;1,42;-0,34;0,16;-2,83;-0,17;1,03;2,56;2,45;12,45;11,63;4,00
48034;Ermua;5,57;2,36;1,59;3,15;2,96;2,85;2,68;2,33;0,30;-0,46;0,90;3,40;8,82;3,30;6,97
20067;Errenteria;4,47;2,48;2,66;3,58;3,28;2,82;2,19;1,32;-0,93;-1,58;0,34;4,57;9,32;3,97;6,43
20066;Errezil;2,14;3,94;4,91;3,53;5,72;1,55;1,38;3,30;3,63;4,10;-0,41;10,54;1,00;2,91;7,19
01046;Erriberagoitia/Ribera Alta;6,29;6,51;1,55;-0,31;1,22;3,19;1,68;-2,79;-2,43;-0,20;2,74;5,66;6,00;4,74;6,58
48079;Errigoiti;5,45;3,84;2,17;1,92;0,11;0,83;1,72;0,10;1,17;2,26;-1,18;5,18;7,57;7,29;8,38
20034;Eskoriatza;4,69;1,00;0,17;2,09;4,97;5,00;4,62;2,25;-2,21;-2,42;-0,31;5,01;6,48;2,55;6,72
48029;Etxebarri;5,75;2,64;2,77;4,70;2,91;2,85;2,36;1,70;0,21;-0,32;1,04;6,35;8,33;7,12;8,98
48030;Etxebarria;7,02;2,54;1,38;2,70;1,07;0,18;2,00;4,86;1,03;0,16;-0,95;6,90;4,42;6,64;5,70
20035;Ezkio-Itsaso;1,74;2,62;-3,15;2,77;6,20;2,52;4,26;3,42;1,38;0,03;3,07;6,65;5,86;5,09;7,78
48906;Forua;5,49;-0,05;1,91;-2,17;5,27;10,46;2,12;1,13;-1,55;-1,17;1,19;6,12;9,37;3,29;5,60
48035;Fruiz;6,94;3,73;2,94;4,39;2,86;2,49;2,26;0,20;-0,49;-0,37;-0,56;5,07;9,07;8,35;4,66
20038;Gabiria;5,50;1,46;-2,14;-0,62;1,63;-12,07;3,58;25,19;0,68;-1,37;6,98;6,60;7,26;-1,43;8,08
20037;Gaintza;3,78;4,54;7,04;7,70;7,22;3,51;-0,89;-1,93;-0,09;1,86;-1,82;5,61;7,10;1,47;10,18
48036;Galdakao;5,54;2,12;2,53;3,01;2,26;2,94;2,12;0,85;-0,74;-1,08;0,24;3,91;8,34;4,05;5,41
48037;Galdames;5,71;3,36;4,24;3,50;0,24;0,02;0,63;3,31;1,08;-0,56;-1,10;3,54;8,77;7,44;5,77
48038;Gamiz-Fika;7,40;3,42;3,92;5,00;-1,19;-0,30;3,45;2,16;-0,50;-0,72;0,71;-0,19;11,96;8,88;7,42
48039;Garai;6,78;19,80;4,00;4,33;3,08;5,29;1,40;-2,23;0,92;2,17;0,62;16,45;3,12;7,27;9,18
48040;Gatika;5,74;1,92;0,27;1,83;4,78;0,98;-0,15;0,50;0,33;1,68;-0,44;4,76;7,78;6,14;7,32
48041;Gautegiz Arteaga;7,85;1,38;2,28;3,48;1,67;2,51;0,14;1,49;0,52;-1,53;-1,96;4,64;8,75;8,04;6,47
20907;Gaztelu;4,48;4,98;3,85;0,00;2,25;2,94;-7,68;0,18;4,70;0,48;1,39;2,90;7,64;11,17;4,01
48046;Gernika-Lumo;6,42;1,25;0,95;2,92;2,22;3,72;2,73;1,34;0,80;0,35;-0,19;4,36;7,51;4,64;5,19
20039;Getaria;5,62;2,72;1,18;3,71;4,57;2,96;2,87;2,64;1,00;1,05;1,32;4,85;10,13;2,84;8,47
48044;Getxo;7,18;2,06;2,18;0,26;3,30;4,72;1,60;1,18;-0,84;-0,72;0,08;1,24;9,90;4,59;5,48
48047;Gizaburuaga;6,61;-0,32;4,65;1,36;-3,28;-0,23;3,63;4,28;-0,49;-1,44;6,00;4,01;6,47;8,71;8,34
48042;Gordexola;7,90;3,51;3,36;3,17;1,69;2,26;4,22;-6,23;0,61;10,77;-1,80;2,96;10,58;-9,42;16,33
48043;Gorliz;3,87;1,70;3,85;2,80;2,46;1,26;0,70;3,41;0,19;-1,57;0,02;0,27;10,71;4,93;6,04
48045;Güeñes;4,73;2,06;3,73;3,26;2,77;2,30;2,34;1,27;-1,42;-1,09;1,23;4,06;8,18;7,14;6,42
01056;Harana/Valle de Arana;2,07;2,20;1,61;-3,08;4,79;8,68;1,54;-0,39;-3,10;-1,66;3,31;8,45;7,47;3,32;6,34
20040;Hernani;4,62;2,10;2,60;3,33;3,53;2,27;2,56;2,43;-1,22;-2,23;0,91;5,15;7,79;3,56;7,19
20041;Hernialde;0,97;-3,97;0,21;4,98;4,79;4,31;5,85;1,00;-1,38;-1,23;-1,31;5,20;7,82;8,49;6,06
20036;Hondarribia;16,38;1,86;2,30;5,32;5,03;3,60;4,36;3,34;-2,36;-3,81;2,40;4,65;7,91;5,19;6,57
20042;Ibarra;4,85;2,83;2,22;3,02;2,76;2,53;2,08;-0,13;-1,37;-1,25;1,42;4,58;7,55;5,26;6,12
48048;Ibarrangelu;2,25;2,13;2,33;2,64;2,64;3,75;0,79;1,27;0,15;-2,41;4,91;3,43;9,83;8,85;6,98
20043;Idiazabal;1,97;1,21;5,31;1,41;1,39;3,02;1,36;3,27;0,28;-0,69;3,00;9,88;3,85;4,29;6,56
48094;Igorre;5,07;1,31;1,74;2,60;-0,03;1,12;2,21;2,32;2,40;1,95;-1,36;3,53;7,04;3,48;6,19
20044;Ikaztegieta;0,94;2,66;1,45;1,91;-4,65;-1,69;8,36;2,31;-2,24;-2,85;5,84;5,55;-2,89;10,68;8,55
20045;Irun;7,18;2,64;3,04;3,71;2,78;1,90;2,27;1,61;-1,73;-2,39;0,12;3,50;9,72;4,36;5,89
20046;Irura;5,94;2,99;2,19;1,43;2,77;3,10;2,37;1,22;-1,54;-2,38;1,35;4,81;7,38;8,69;6,68
01027;Iruraiz-Gauna;6,11;4,22;3,73;6,34;3,81;3,09;3,60;0,88;-4,00;-4,22;5,85;8,49;1,85;6,57;9,80
01901;Iruña Oka/Iruña de Oca;3,10;0,24;0,25;2,12;0,97;1,56;0,80;-0,69;-1,65;-2,15;-0,41;6,25;7,01;7,27;6,90
48049;Ispaster;2,88;1,51;1,51;-0,67;4,04;4,01;-0,83;3,17;2,01;0,17;3,43;5,69;8,27;7,28;8,78
20047;Itsasondo;3,30;1,03;2,91;-0,79;2,03;6,18;0,78;1,80;-0,34;-2,02;-0,89;6,74;8,03;2,28;5,19
48910;Iurreta;0,36;2,59;6,43;4,82;3,31;2,82;3,72;2,57;-1,27;-2,05;0,67;7,29;4,39;5,26;6,62
48050;Izurtza;-25,37;1,19;9,69;4,77;34,69;3,74;1,88;-0,31;3,35;5,99;-1,78;7,73;2,49;10,31;7,81
48022;Karrantza Harana/Valle de Carranza;4,89;2,84;4,42;2,39;1,95;2,78;0,58;3,07;1,80;-0,07;-2,73;3,96;10,44;4,25;5,83
48907;Kortezubi;3,38;2,28;-0,01;4,19;6,49;5,38;2,62;2,51;-0,97;-3,96;2,79;7,33;7,06;6,73;6,26
01019;Kripan;3,13;-6,02;-2,79;7,18;5,30;5,09;8,28;5,21;2,06;3,96;-2,54;9,05;2,06;1,65;3,08
01020;Kuartango;11,07;4,39;-1,57;0,67;-1,13;0,90;1,61;0,07;-0,29;-1,66;1,00;7,77;6,08;5,33;8,97
01028;Labastida/Bastida;3,91;2,27;1,79;4,95;-0,53;1,76;5,61;1,56;-1,28;-1,68;-1,47;4,65;6,18;6,86;6,27
01030;Lagrán;5,27;5,84;1,49;2,77;1,61;-0,40;-1,03;4,96;1,68;-1,79;2,76;5,39;7,48;6,19;11,57
01031;Laguardia;4,81;-0,69;-4,81;4,12;5,94;1,48;3,78;4,40;-1,29;-2,10;-0,50;5,70;5,59;6,64;4,33
01032;Lanciego/Lantziego;3,77;-2,75;-5,07;2,68;6,48;3,83;5,53;7,11;-1,56;-3,65;1,64;3,29;5,70;3,74;0,82
48051;Lanestosa;4,37;-1,53;6,31;13,49;-0,81;-2,83;-18,81;6,73;18,69;-2,19;1,16;1,30;15,62;-4,25;6,88
01902;Lantarón;3,78;3,46;4,39;-1,21;-0,17;7,17;5,72;0,62;-2,51;-3,09;1,48;4,82;6,28;8,10;-2,36
01033;Lapuebla de Labarca;0,79;-4,62;-4,03;3,05;6,11;3,23;2,38;2,58;0,63;1,22;-1,19;-8,92;29,04;1,05;4,20
48052;Larrabetzu;5,32;-0,16;1,74;3,63;2,71;1,14;1,35;1,98;-0,72;-0,80;1,47;5,23;7,18;5,93;5,56
20048;Larraul;6,41;0,74;-0,88;3,48;5,01;1,39;0,89;-2,09;-0,57;2,98;0,91;10,02;10,58;4,52;5,97
20902;Lasarte-Oria;5,95;2,80;2,71;3,67;2,91;2,61;2,22;1,03;-1,06;-1,60;0,88;4,35;7,41;3,76;7,11
01036;Laudio/Llodio;4,93;-0,45;1,35;5,52;2,60;1,07;0,95;1,17;-0,44;-0,82;1,63;6,52;6,35;4,00;7,97
48053;Laukiz;3,20;-0,12;-0,76;7,20;-0,42;-1,29;2,52;3,94;-6,98;-11,69;12,66;-0,68;14,11;-7,47;7,52
20049;Lazkao;3,99;1,46;3,10;2,09;3,21;3,86;2,31;2,07;0,25;-0,18;1,75;5,31;6,74;6,23;7,23
20050;Leaburu;3,02;2,96;5,83;3,29;3,19;1,68;1,17;0,25;-0,26;0,64;-3,99;10,41;4,38;0,23;7,34
20051;Legazpi;4,92;1,48;1,78;3,30;2,02;2,41;3,55;2,29;-0,17;-0,83;0,96;5,31;7,40;4,24;7,56
20052;Legorreta;5,80;1,71;2,47;3,84;1,63;0,45;1,98;3,02;-1,72;-3,72;2,84;7,31;6,05;2,36;6,61
01058;Legutio;6,53;0,46;-0,77;4,98;4,24;1,75;0,66;-0,66;-1,63;-2,79;3,46;6,92;4,24;-1,02;11,87
20068;Leintz-Gatzaga;5,46;-1,08;3,64;0,72;3,42;6,53;3,75;2,80;0,96;1,58;3,99;0,68;5,88;-7,14;12,19
48054;Leioa;5,08;5,33;2,12;3,44;2,89;2,56;1,71;1,18;-0,50;-1,59;0,30;3,43;9,79;3,54;6,46
48057;Lekeitio;6,66;9,96;2,20;3,90;3,00;2,44;2,14;2,41;0,03;-0,90;1,44;4,76;7,08;4,47;6,63
48055;Lemoa;5,84;3,77;2,34;2,39;2,76;3,40;0,90;1,47;0,77;-1,07;-0,80;2,13;9,53;4,22;5,19
48056;Lemoiz;-5,42;-0,97;-0,98;-11,66;16,44;21,66;2,62;1,90;-0,73;-0,15;4,66;2,09;11,01;5,04;7,90
01034;Leza;-6,65;4,96;4,97;-0,91;-11,94;3,38;20,26;-2,58;-0,51;5,82;4,56;0,99;7,62;10,52;4,16
48081;Lezama;6,40;-0,02;0,01;4,99;3,07;1,63;3,02;0,65;-1,81;-0,95;-1,30;3,05;8,46;4,20;9,38
20053;Lezo;5,64;2,22;2,04;3,26;3,28;3,00;3,66;2,99;-1,57;-2,68;1,53;6,03;6,86;3,22;6,51
20054;Lizartza;6,11;1,16;3,16;3,62;3,13;3,53;4,06;1,66;-1,51;-1,62;0,84;7,50;3,21;4,30;5,57
48903;Loiu;7,65;3,21;2,20;0,78;1,12;3,47;-0,52;-2,25;-0,63;-0,15;0,79;-0,93;12,87;8,74;4,48
48058;Mallabia;8,45;2,33;1,34;2,27;1,85;3,34;3,02;2,65;0,06;-1,65;0,83;3,00;6,88;7,75;8,60
48060;Markina-Xemein;6,07;2,73;1,84;1,21;3,10;4,54;3,44;2,04;0,40;0,54;2,52;3,35;6,70;4,80;6,46
48061;Maruri-Jatabe;5,77;2,35;1,09;3,75;3,67;1,81;-0,45;-3,83;-0,55;2,59;0,99;0,79;14,02;5,78;9,41
48059;Mañaria;7,17;-3,94;-3,23;13,80;8,97;0,82;-4,31;-1,74;2,80;1,41;-1,41;11,25;0,27;6,60;6,87
20901;Mendaro;3,98;3,63;0,38;2,14;3,14;4,35;1,84;0,59;-0,38;-1,44;1,69;7,53;5,85;4,72;8,12
48062;Mendata;3,33;0,35;0,59;2,21;0,09;-1,34;3,47;4,84;0,97;1,09;-0,03;5,59;8,44;4,70;6,50
48063;Mendexa;2,86;-3,43;1,64;4,35;4,85;9,36;3,53;-2,38;0,53;4,15;1,93;6,26;2,83;7,28;7,65
48064;Meñaka;0,53;7,34;5,59;4,07;2,99;3,07;1,77;1,02;0,54;-0,08;-0,47;4,25;9,37;5,36;7,06
01039;Moreda de Álava / Moreda Araba;-2,72;-1,14;6,05;6,76;5,74;5,51;3,97;8,84;0,08;-2,18;1,01;2,77;9,86;-3,63;3,51
48066;Morga;7,67;4,99;1,06;1,86;-0,37;-0,16;4,01;2,51;-0,70;-1,78;0,25;0,26;15,32;5,05;9,93
48068;Mundaka;6,98;3,37;-2,95;2,61;3,55;1,99;8,22;2,82;-0,49;-0,12;0,79;4,15;9,96;5,15;7,52
48069;Mungia;7,35;1,37;2,81;5,20;3,14;2,03;1,67;0,48;-0,56;0,01;0,59;3,97;8,10;5,76;5,15
48007;Munitibar-Arbatzegi Gerrikaitz-;9,07;1,70;-1,28;-0,26;-0,19;0,98;4,14;3,02;-1,59;-1,18;1,84;4,36;6,22;4,96;7,94
48908;Murueta;0,77;-1,59;-2,29;1,23;8,52;4,29;-4,47;-4,66;2,25;5,60;3,97;5,19;7,48;5,40;5,41
48071;Muskiz;4,70;2,61;2,54;3,49;3,03;2,85;2,38;0,77;-1,04;-0,99;0,38;5,18;8,55;3,87;5,50
20057;Mutiloa;3,31;-4,03;-2,27;4,88;3,34;3,79;5,95;5,07;1,32;-0,66;-5,03;10,48;8,41;15,60;7,01
20056;Mutriku;4,67;2,97;0,71;2,93;2,90;4,96;3,79;2,73;0,12;-2,95;-0,35;8,47;6,69;5,64;7,24
48067;Muxika;6,95;0,96;3,29;4,88;2,48;1,43;0,26;0,88;0,62;0,70;1,76;3,63;9,05;4,42;7,78
48909;Nabarniz;2,60;-1,12;3,89;3,06;-1,46;4,46;1,32;1,67;2,73;0,58;2,59;6,94;6,72;2,39;11,24
01041;Navaridas;-2,28;-6,22;-9,14;9,56;14,44;0,11;-1,78;6,95;1,09;-4,97;-6,23;-3,51;3,92;4,83;3,45
20063;Oiartzun;6,53;-0,80;2,38;7,43;3,44;3,19;2,91;1,37;-0,69;-1,15;0,58;4,26;8,47;4,66;6,35
01042;Okondo;2,30;2,17;3,67;2,04;3,73;4,95;-0,83;0,25;0,99;-0,13;-2,61;7,46;7,71;5,46;10,95
20058;Olaberria;2,56;3,24;2,78;1,35;2,50;3,62;2,93;2,00;-1,11;-2,01;2,52;2,23;10,61;1,67;6,31
48073;Ondarroa;5,66;12,72;-1,19;1,07;5,85;6,15;3,48;2,38;0,81;-0,15;1,67;4,43;7,38;3,09;4,00
20076;Ordizia;5,48;2,71;2,04;2,89;2,15;2,22;2,14;1,19;0,26;0,42;0,75;4,83;6,92;2,05;7,16
20905;Orendain;5,70;4,57;10,48;3,12;-0,49;0,22;6,38;1,57;-3,99;-3,39;3,13;19,20;2,16;9,11;4,13
20060;Orexa;7,87;1,93;-2,42;0,57;-3,20;2,13;8,25;4,81;-3,32;-4,06;-1,15;6,48;5,24;9,67;9,80
20061;Orio;5,08;2,04;1,41;4,16;4,51;2,26;4,05;3,86;-0,92;-2,05;2,33;5,05;7,21;6,04;7,83
20062;Ormaiztegi;4,38;-4,54;-1,31;2,48;1,29;2,99;3,52;0,70;-0,81;0,91;-0,81;6,69;6,64;7,12;5,68
48075;Orozko;5,93;-0,34;1,96;3,21;1,46;1,27;0,25;0,35;0,94;1,21;-0,10;4,36;10,72;5,09;5,00
48083;Ortuella;5,70;1,25;1,95;4,78;3,30;2,05;1,70;2,32;-0,87;-2,56;0,17;3,80;9,51;4,78;6,14
48072;Otxandio;8,03;1,70;1,56;1,37;-0,05;4,23;3,04;2,00;0,33;-0,52;2,20;4,74;5,94;5,66;5,82
01043;Oyón-Oion;3,26;-0,93;0,36;3,80;1,29;1,86;3,04;3,92;-1,08;-3,58;2,89;-0,20;11,76;-0,19;6,82
20059;Oñati;6,48;1,05;0,34;2,15;4,26;4,48;4,43;2,75;-0,84;-1,03;-0,02;4,45;7,29;2,91;6,52
20064;Pasaia;4,55;2,97;3,49;3,33;2,41;1,68;2,13;2,03;-0,69;-1,54;1,11;4,71;8,41;4,48;5,60
01044;Peñacerrada-Urizaharra;3,81;0,23;-4,43;4,58;3,89;-0,94;-2,30;-0,07;6,07;4,35;-1,27;10,81;8,34;3,53;5,49
48077;Plentzia;6,48;3,84;1,09;4,41;2,51;0,53;0,71;2,02;-1,23;-2,94;-1,61;3,25;6,88;6,09;5,23
48078;Portugalete;5,25;2,05;2,52;3,75;2,47;1,97;1,20;1,05;-0,06;-0,50;0,04;3,87;9,26;3,45;6,26
01047;Ribera Baja/Erribera Beitia;5,34;4,06;0,58;4,45;4,98;-1,54;1,14;5,56;-1,90;-3,84;-2,13;2,52;7,22;8,15;8,59
01051;Salvatierra/Agurain;3,86;0,89;3,31;2,77;1,87;2,30;2,10;1,58;-1,89;-2,81;1,27;7,60;5,55;2,25;7,94
01052;Samaniego;3,26;-4,49;-3,41;4,78;0,02;-1,13;3,63;8,32;3,14;0,47;1,30;-6,61;11,18;7,30;8,71
01053;San Millán/Donemiliaga;3,99;3,86;4,51;2,11;2,12;3,75;2,53;0,07;-2,28;-1,25;4,11;9,23;4,24;4,70;6,71
48082;Santurtzi;5,24;2,17;2,78;3,31;3,28;2,91;1,63;1,49;0,10;-0,32;-0,55;3,20;9,72;3,93;6,80
20070;Segura;-0,48;2,84;4,66;3,20;6,01;3,75;2,86;2,97;1,04;0,65;-0,94;10,34;5,35;2,22;6,88
48084;Sestao;5,26;1,69;2,09;3,25;2,32;1,89;1,26;1,05;-0,45;-1,07;-0,48;2,99;9,61;3,00;6,40
48904;Sondika;13,48;6,65;2,70;3,76;2,69;0,03;1,47;2,36;-0,01;-0,11;-0,15;2,60;10,11;6,52;6,69
48085;Sopela;7,01;0,69;1,41;5,20;3,63;3,86;1,74;1,36;0,27;-0,56;-0,18;4,20;8,55;5,48;5,58
48086;Sopuerta;5,89;2,66;1,50;4,45;3,82;2,26;1,90;0,20;0,04;0,51;-0,84;3,92;10,07;3,05;5,74
20065;Soraluze-Placencia de las Armas;4,08;-0,48;0,66;2,51;3,95;4,13;3,53;2,81;-0,11;-0,34;-0,34;3,41;8,21;2,90;7,42
48076;Sukarrieta;3,53;4,46;2,35;2,57;-1,81;-1,07;2,34;3,23;0,51;1,14;-1,12;2,60;9,00;2,94;5,17
20071;Tolosa;8,15;2,01;2,18;2,02;3,04;3,17;1,57;1,78;-1,15;-2,36;1,98;5,70;7,60;2,97;6,91
48087;Trucios-Turtzioz;10,73;8,63;2,91;3,02;-1,08;1,14;6,00;5,06;-0,23;-2,98;-4,07;4,88;13,15;1,33;5,41
48088;Ubide;5,52;-1,90;0,60;10,15;2,78;-6,00;2,66;4,22;2,01;3,65;-5,23;4,77;6,07;4,02;12,27
48065;Ugao-Miraballes;4,89;2,43;2,34;2,02;3,17;3,25;1,90;1,19;-0,41;-0,47;-0,75;4,09;8,96;3,88;6,02
48089;Urduliz;6,15;3,31;4,35;4,78;1,73;2,28;3,34;2,26;-0,44;-0,96;1,87;4,40;9,62;4,99;6,37
48074;Urduña/Orduña;4,83;0,84;1,86;2,40;1,43;1,95;-0,88;2,97;2,17;-0,59;1,44;1,82;10,69;2,86;5,69
01054;Urkabustaiz;4,75;1,17;2,70;3,46;0,13;0,02;0,33;0,26;-0,65;-0,33;-0,60;4,79;7,87;8,86;8,10
20072;Urnieta;7,08;1,31;2,52;2,85;3,07;2,82;1,78;1,73;-0,67;-1,47;0,69;5,33;8,57;4,06;7,44
20077;Urretxu;5,03;1,72;2,66;2,71;0,72;2,76;5,10;3,63;-1,12;-1,99;0,82;5,96;7,53;4,38;8,23
20073;Usurbil;3,82;-0,81;1,85;4,84;3,85;2,99;2,79;2,41;-0,82;-1,49;-0,14;5,04;8,87;4,20;7,30
01055;Valdegovía/Gaubea;5,48;5,08;1,99;1,40;0,94;1,61;2,64;0,89;-3,22;-4,45;2,34;6,22;6,21;5,47;8,70
48080;Valle de Trápaga-Trapagaran;5,49;1,94;2,83;3,98;2,84;2,39;1,29;1,11;-0,31;-1,07;-0,68;4,15;8,99;3,80;6,28
20075;Villabona;4,62;2,43;1,63;3,87;4,43;2,46;3,01;0,46;-1,52;-1,39;0,79;5,44;6,52;5,24;6,43
01057;Villabuena de Álava/Eskuernaga;0,08;-3,33;0,22;-1,76;-3,48;1,56;6,21;14,90;2,70;-3,00;-8,27;7,20;2,36;5,64;0,96
01059;Vitoria-Gasteiz;4,88;1,13;1,31;3,49;2,80;1,58;1,41;1,02;-1,50;-2,13;1,21;4,32;6,65;2,78;7,09
01060;Yécora/Iekora;3,11;-5,77;-9,01;0,81;10,13;7,14;1,31;5,53;9,97;9,05;-5,27;3,91;5,59;4,31;-1,85
48095;Zaldibar;5,22;-0,20;0,50;3,28;-1,38;2,21;4,35;0,11;0,84;1,66;4,11;4,36;7,51;3,39;7,14
20078;Zaldibia;3,96;0,22;3,53;4,58;1,51;2,61;2,29;1,16;1,21;0,96;2,21;5,24;8,17;1,89;5,07
01061;Zalduondo;-0,38;4,15;4,75;3,25;-2,68;0,06;4,67;1,33;-8,12;-13,31;17,60;4,86;9,59;9,15;4,99
48096;Zalla;4,97;2,25;3,31;4,48;3,51;3,51;2,16;1,17;-0,57;-1,00;-0,55;3,63;8,48;3,47;6,19
01062;Zambrana;5,27;3,94;0,35;4,62;3,04;-1,29;1,20;-2,21;1,01;3,89;-5,11;5,00;11,55;-0,26;7,08
48905;Zamudio;5,78;2,72;2,38;1,41;-0,57;2,97;4,15;0,63;-0,35;0,30;1,39;2,44;8,64;4,14;6,49
48097;Zaratamo;5,26;2,56;1,62;2,01;1,32;3,18;3,49;1,51;-1,85;-2,98;-1,17;5,52;7,72;3,47;5,92
20079;Zarautz;5,57;2,60;3,21;3,96;3,69;3,32;3,75;3,34;-1,06;-2,35;0,67;5,68;7,10;2,68;7,58
48024;Zeanuri;4,92;0,04;3,17;4,15;0,82;3,11;2,19;0,21;1,08;1,81;0,35;5,96;4,29;6,21;7,05
48025;Zeberio;7,17;1,37;1,44;2,65;5,09;3,57;0,83;3,24;1,20;-0,12;-1,33;5,63;6,70;5,42;7,26
20025;Zegama;3,44;0,07;4,45;6,18;2,78;3,31;4,33;2,57;2,40;2,82;-1,48;8,24;6,46;4,34;7,59
20026;Zerain;2,16;-0,56;1,60;4,43;7,03;3,20;1,42;1,62;-0,08;-0,96;0,54;4,95;8,53;3,91;9,68
20027;Zestoa;6,13;3,71;2,14;2,11;2,60;3,20;3,05;1,45;-0,83;-1,40;-0,03;5,37;7,54;4,59;6,95
48913;Zierbena;6,75;3,42;2,52;3,58;4,60;4,18;3,54;2,40;-3,09;-3,67;3,14;5,25;11,85;0,86;4,97
01018;Zigoitia;4,48;2,31;2,66;0,92;2,13;0,53;1,48;2,64;-1,90;-1,69;1,09;2,70;9,20;3,35;8,40
48915;Ziortza-Bolibar;6,46;5,45;-2,73;3,77;5,95;5,35;7,73;4,84;1,49;0,96;-0,51;5,64;;;
20028;Zizurkil;6,31;1,71;3,95;2,91;2,83;3,88;2,93;1,08;0,64;0,48;-0,13;4,80;7,70;3,21;7,94
01063;Zuia;6,42;-1,47;2,17;8,54;3,06;0,79;-1,49;0,65;-0,63;-1,51;2,65;5,80;4,55;9,06;10,43
20081;Zumaia;6,35;2,02;1,79;4,03;5,30;3,82;4,05;4,27;-1,45;-3,28;-1,99;8,53;7,74;3,59;6,72
20080;Zumarraga;4,33;0,86;2,20;3,34;0,50;2,38;4,51;1,42;-1,78;-2,47;3,02;3,73;8,46;5,04;6,81
