Indicadores municipales de sostenibilidad: Tasa de ocupación de las mujeres de 16 y más años (%);;;;;;;;;;;;;
"";;;;;;;;;;;;;
Resumen de datos;;;;;;;;;;;;;
Entidad;;2023;2022;2021;2020;2019;2018;2016;2015;2011;2006;2001;1996
Araba/Álava;;49,78;49,48;47,64;48,67;48,27;47,87;46,74;47,67;45,89;46,46;40,11;28,31
Bizkaia;;48,03;46,54;45,12;45,86;45,12;44,49;43,10;43,49;41,53;41,74;33,37;22,93
CAE;;49,04;47,85;46,27;47,07;46,47;45,89;44,38;44,89;43,01;43,06;35,83;24,69
Gipuzkoa;;50,37;49,25;47,53;48,33;47,87;47,29;45,44;45,97;44,23;43,80;38,24;26,21
"";;;;;;;;;;;;;
Detalle por comarcas;;;;;;;;;;;;;
Código comarca;Comarca;2023;2022;2021;2020;2019;2018;2016;2015;2011;2006;2001;1996
01100;Arabako Ibarrak / Valles Alaveses;50,90;49,48;46,28;47,05;44,42;43,16;43,23;44,75;43,27;40,66;38,69;30,50
01200;Arabako Lautada / Llanada Alavesa;49,98;49,79;47,99;49,26;48,93;48,48;47,46;48,41;46,67;47,59;41,68;29,47
01300;Arabako Mendialdea / Montaña Alavesa;50,85;50,87;48,85;49,01;48,80;48,09;45,82;45,14;41,86;38,50;35,50;29,66
48100;Arratia Nerbioi / Arratia-Nervión;50,21;49,08;47,79;48,78;48,54;47,65;46,91;47,45;45,02;43,26;32,55;23,24
20200;Bidasoa Beherea / Bajo Bidasoa;48,03;47,26;45,52;46,17;45,65;45,23;43,39;44,18;42,76;44,03;38,09;24,67
48200;Bilbo Handia / Gran Bilbao;47,21;45,71;44,31;45,16;44,35;43,69;42,30;42,75;40,79;41,13;32,85;22,76
20100;Deba Beherea / Bajo Deba;47,13;46,16;44,94;45,24;45,30;44,77;42,57;42,98;40,95;40,32;34,12;23,20
20300;Debagoiena / Alto Deba;49,19;48,72;47,25;47,77;47,54;47,20;45,55;46,35;45,86;46,07;41,68;29,51
20400;Donostialdea / Donostia-San Sebastián;50,99;49,55;47,67;48,78;48,40;47,90;46,21;46,72;44,87;44,27;39,60;27,41
48300;Durangaldea / Duranguesado;50,81;49,25;47,95;48,43;48,09;47,41;45,93;45,86;43,78;44,26;35,34;22,07
48400;Enkartazioak / Encartaciones;46,94;45,30;44,24;44,11;43,37;42,59;40,64;41,55;39,97;39,84;27,84;18,77
01400;Errioxa Arabarra / Rioja Alavesa;46,68;45,04;42,90;41,50;41,08;41,62;39,89;41,39;38,60;37,73;32,61;24,55
48500;Gernika-Bermeo;48,32;47,37;45,40;45,71;45,43;45,44;44,05;44,02;42,39;41,28;34,43;23,67
20500;Goierri;48,96;48,10;46,80;47,58;46,47;45,55;43,72;44,23;41,75;40,90;33,22;22,15
01500;Gorbeia Inguruak / Estribaciones del Gorbea;54,75;54,99;53,48;53,91;53,53;54,34;53,34;54,24;52,58;51,83;45,54;34,75
01600;Kantauri Arabarra / Cantábrica Alavesa;47,69;46,98;45,16;45,40;44,85;44,40;42,60;43,31;41,68;41,46;30,80;20,06
48600;Markina-Ondarroa;48,01;46,95;44,84;45,28;44,69;44,16;42,97;43,07;41,24;40,66;37,03;27,00
48700;Plentzia-Mungia;55,37;53,65;52,28;52,74;51,98;51,57;50,38;50,76;49,31;49,91;40,91;28,17
20600;Tolosaldea / Tolosa;52,26;51,33;49,50;50,17;49,52;48,77;47,34;47,53;45,91;44,47;36,94;25,22
20700;Urola-Kostaldea / Urola Costa;53,38;52,37;50,62;50,84;50,17;49,22;46,47;46,92;45,13;44,26;37,51;25,97
"";;;;;;;;;;;;;
Detalle por municipios;;;;;;;;;;;;;
Código municipio;Municipio;2023;2022;2021;2020;2019;2018;2016;2015;2011;2006;2001;1996
48001;Abadiño;52,06;50,91;49,88;50,68;49,67;49,04;47,68;48,26;45,60;46,21;34,96;20,94
20001;Abaltzisketa;57,14;58,97;56,20;59,48;54,31;46,61;46,96;52,68;43,48;42,45;43,00;31,00
48002;Abanto y Ciérvana-Abanto Zierbena;49,76;48,14;47,08;47,64;46,71;45,76;44,15;45,05;42,81;42,89;31,38;17,71
20002;Aduna;68,68;64,25;64,57;62,79;61,71;61,90;58,90;55,21;56,55;47,95;42,25;29,77
20016;Aia;61,07;59,52;58,29;58,93;58,74;55,24;53,65;52,74;49,67;45,43;44,52;22,20
20003;Aizarnazabal;56,60;53,10;50,17;53,63;52,07;53,21;47,50;50,17;52,19;53,47;33,33;26,42
48911;Ajangiz;53,09;51,31;50,79;56,38;59,28;59,79;56,91;52,41;53,44;45,03;43,98;30,67
20004;Albiztur;57,85;55,46;52,94;58,41;58,04;53,85;52,94;61,74;49,58;47,54;40,71;35,34
20005;Alegia;49,58;49,86;47,80;49,32;47,77;47,91;44,30;45,91;43,19;41,88;36,02;21,44
01001;Alegría-Dulantzi;60,24;57,20;55,51;58,00;58,23;58,00;58,14;60,22;57,95;59,11;45,62;31,48
20006;Alkiza;53,73;58,59;51,91;59,20;59,06;61,67;58,68;61,34;55,56;53,51;40,40;35,00
48912;Alonsotegi;48,43;46,55;45,65;45,38;43,59;43,74;41,44;41,82;39,05;39,26;26,78;16,60
20906;Altzaga;55,88;57,75;50,00;45,83;47,89;43,48;50,77;50,79;51,79;55,56;50,00;37,50
20007;Altzo;58,94;55,33;50,33;53,95;57,75;54,79;53,38;50,79;53,72;48,46;34,96;26,23
20008;Amezketa;49,61;53,74;49,19;50,82;47,46;45,96;43,49;44,04;42,44;37,24;37,50;24,75
48003;Amorebieta-Etxano;53,24;51,64;49,46;50,72;50,23;49,73;47,87;48,00;46,13;45,32;35,21;21,77
48004;Amoroto;50,32;47,24;44,64;43,33;45,09;43,50;45,78;47,50;48,73;41,92;48,03;37,91
01002;Amurrio;48,91;47,92;46,79;47,23;46,90;45,82;44,10;44,58;43,49;42,29;32,00;20,19
20009;Andoain;49,61;48,22;46,64;47,70;46,83;45,95;44,53;45,38;43,43;43,73;32,83;21,54
20010;Anoeta;55,15;54,59;52,77;54,56;52,11;52,03;47,18;46,69;45,38;46,00;41,65;23,10
20011;Antzuola;56,23;53,97;52,17;52,98;52,53;51,78;49,49;51,16;47,51;48,22;35,70;24,05
48005;Arakaldo;64,29;62,32;54,55;52,46;57,38;54,69;53,33;45,76;45,45;27,78;32,43;23,26
20012;Arama;64,63;52,27;53,33;55,56;51,72;52,81;51,16;52,33;49,37;32,43;29,58;30,99
01003;Aramaio;54,16;52,91;51,57;50,99;54,32;54,06;51,18;50,83;52,41;51,48;50,50;38,63
48006;Arantzazu;53,61;51,45;48,84;48,34;51,68;47,95;49,35;49,35;47,71;40,15;32,35;23,13
48093;Areatza;51,83;50,55;47,49;48,98;50,85;49,33;47,25;47,76;46,42;40,29;26,65;23,03
20013;Aretxabaleta;51,75;50,58;49,78;50,17;50,24;49,72;50,09;50,31;50,20;51,29;47,41;35,23
01006;Armiñón;55,91;62,77;53,85;53,12;56,84;59,09;58,33;55,17;45,78;45,28;44,44;42,86
01037;Arraia-Maeztu;56,13;56,91;55,03;56,77;55,27;53,38;50,73;49,08;50,34;40,59;37,34;30,17
48009;Arrankudiaga;55,74;55,37;54,01;54,82;52,84;54,52;51,76;48,08;48,52;38,86;28,81;22,59
20055;Arrasate/Mondragón;45,72;45,51;44,17;44,29;43,74;44,09;42,55;43,23;43,84;44,49;41,09;29,17
48914;Arratzu;56,83;52,41;49,16;51,70;49,71;51,43;48,86;51,43;47,59;42,95;38,22;29,76
01008;Arratzua-Ubarrundia;57,24;54,32;51,63;54,17;53,88;52,68;56,58;52,33;51,55;53,93;46,18;33,44
48010;Arrieta;53,31;56,78;54,47;52,08;52,36;50,86;49,57;48,28;53,15;43,83;31,88;33,33
48011;Arrigorriaga;53,04;51,29;49,41;50,16;49,31;48,27;46,91;46,82;45,00;46,58;38,32;23,65
48023;Artea;52,80;50,00;48,24;51,37;51,34;49,16;45,83;48,73;46,48;47,47;39,80;28,87
48008;Artzentales;46,58;40,74;41,55;43,90;41,81;42,01;38,51;41,95;40,28;33,33;24,12;15,12
01004;Artziniega;51,91;50,69;48,99;47,89;47,82;48,13;45,63;47,56;42,34;48,71;35,57;24,82
01009;Asparrena;51,93;47,41;45,82;48,15;47,54;48,76;47,30;45,37;44,57;41,55;32,66;33,97
20014;Asteasu;58,87;54,56;53,60;54,79;54,34;53,26;52,24;54,20;52,23;50,46;43,98;30,15
20903;Astigarraga;68,01;66,46;64,91;66,69;64,80;63,29;61,41;61,61;56,99;51,95;48,20;27,49
20015;Ataun;51,20;51,64;49,02;49,92;49,32;48,49;48,92;49,00;45,37;42,68;34,47;23,93
48091;Atxondo;50,93;48,99;50,34;45,74;50,25;48,03;45,90;43,81;43,95;42,33;34,00;18,62
48070;Aulesti;47,70;46,13;45,65;44,79;45,64;47,40;46,43;43,12;41,22;41,34;36,86;25,36
01010;Ayala/Aiara;55,80;55,27;52,39;53,72;52,25;53,21;51,16;51,12;46,96;46,88;36,22;23,64
20017;Azkoitia;51,85;50,33;49,09;49,70;47,79;46,80;44,15;44,59;42,67;41,74;31,28;21,66
20018;Azpeitia;51,62;50,08;48,77;48,96;48,57;47,70;44,96;45,64;44,91;43,18;35,94;24,79
01049;Añana;55,00;46,03;46,88;47,89;43,66;40,79;36,11;31,88;29,33;28,21;28,75;22,83
48012;Bakio;56,35;56,10;53,95;53,64;53,85;52,99;52,13;53,06;51,88;53,16;39,15;22,41
20904;Baliarrain;76,00;57,41;57,14;55,17;57,41;58,18;56,36;50,00;52,94;48,72;51,16;28,57
48090;Balmaseda;43,73;42,19;41,30;41,59;41,14;40,29;39,18;40,12;39,43;37,93;25,98;18,03
48013;Barakaldo;48,11;46,53;44,70;45,85;44,84;43,93;42,59;43,09;40,75;40,00;29,29;19,65
48014;Barrika;49,78;50,15;48,50;45,93;44,74;44,11;44,43;45,56;46,85;47,12;39,37;28,91
01013;Barrundia;55,30;54,12;52,01;50,96;56,66;57,71;57,06;55,75;54,90;56,76;52,08;41,96
48015;Basauri;43,18;41,84;40,99;41,68;40,96;40,70;39,20;39,48;37,75;38,71;30,30;20,25
01011;Baños de Ebro/Mañueta;41,32;38,10;39,37;39,02;36,80;41,46;36,00;39,20;33,86;26,52;14,50;12,12
20019;Beasain;48,33;48,34;47,67;48,17;47,08;46,62;44,27;45,05;43,67;41,94;32,72;22,00
48092;Bedia;51,81;49,59;45,59;47,47;48,00;43,32;45,39;47,37;43,13;43,09;30,28;15,68
20020;Beizama;61,54;62,07;56,25;55,56;33,33;44,44;45,45;54,05;34,09;52,54;51,61;28,79
20021;Belauntza;53,15;42,48;42,98;44,55;38,83;53,40;47,96;52,48;50,94;51,28;35,59;15,18
48016;Berango;53,31;51,88;50,58;51,55;50,43;50,17;48,35;49,51;49,46;49,62;37,94;23,60
01014;Berantevilla;49,25;47,00;43,20;39,70;39,06;41,36;34,69;38,54;40,72;36,08;38,35;25,28
20022;Berastegi;55,61;56,19;52,66;52,80;52,45;50,24;45,85;51,24;47,06;40,22;28,80;20,62
20074;Bergara;48,89;48,86;46,90;47,59;47,18;46,11;43,77;44,98;44,60;43,91;37,74;27,56
48017;Bermeo;47,13;45,74;43,42;43,41;42,85;43,85;42,41;42,69;41,69;40,29;33,39;22,36
01016;Bernedo;52,50;51,40;49,25;46,23;48,42;47,67;46,81;47,69;44,81;42,47;48,58;35,59
48018;Berriatua;53,39;50,64;50,42;50,11;49,57;48,01;50,21;47,37;44,99;49,28;36,92;34,32
48019;Berriz;46,50;46,34;46,64;47,98;47,58;46,81;45,47;46,39;43,03;47,31;35,05;22,74
20023;Berrobi;57,38;52,02;50,00;49,59;51,03;51,05;46,96;47,19;37,39;42,01;32,55;20,47
20024;Bidania-Goiatz;62,86;63,24;60,87;61,99;64,35;65,87;61,66;60,00;51,47;36,52;33,12;16,99
48020;Bilbao;46,61;44,88;43,52;44,49;43,64;42,89;41,42;41,88;39,94;40,65;34,01;24,82
48021;Busturia;45,53;44,58;41,21;42,19;42,96;40,77;40,88;40,73;41,15;39,71;31,00;20,38
01017;Campezo/Kanpezu;48,99;49,13;46,42;47,85;48,46;47,61;45,13;42,86;37,50;37,81;31,28;23,95
20029;Deba;50,10;50,02;47,79;47,60;49,81;47,94;46,88;46,43;45,91;45,16;35,33;26,78
48901;Derio;57,00;55,12;53,96;55,25;54,24;52,94;52,47;50,92;46,95;46,08;41,40;26,33
48026;Dima;57,61;58,04;53,85;56,98;56,37;53,92;51,93;53,21;50,09;48,16;32,53;28,66
20069;Donostia / San Sebastián;49,90;48,33;46,45;47,69;47,57;47,28;45,83;46,49;44,61;43,95;40,53;30,01
48027;Durango;53,06;51,39;50,38;50,68;50,38;49,30;47,94;47,83;45,09;45,99;37,04;25,39
48028;Ea;41,83;41,23;41,13;40,29;41,81;36,41;37,70;39,41;37,63;33,50;26,81;21,20
20030;Eibar;45,51;44,59;43,63;43,68;43,56;43,11;40,63;41,02;39,16;38,60;34,40;23,08
48031;Elantxobe;41,61;39,02;37,50;39,24;31,71;32,34;33,14;37,78;29,73;31,56;22,37;11,07
01021;Elburgo/Burgelu;64,82;61,18;60,38;61,54;58,23;63,93;62,35;63,79;58,54;54,41;55,97;46,15
01022;Elciego;45,76;46,92;40,09;38,81;40,32;40,00;38,76;40,84;36,62;37,21;26,10;19,80
20031;Elduain;61,86;58,59;55,67;58,33;57,29;59,14;53,26;53,26;48,31;39,56;24,72;23,96
20033;Elgeta;54,59;54,24;53,36;56,85;55,84;53,29;53,08;50,11;51,00;43,93;39,86;31,39
20032;Elgoibar;47,51;46,13;45,48;46,00;45,68;45,09;43,20;43,97;41,55;40,77;32,36;23,04
48032;Elorrio;50,06;47,67;47,45;46,81;46,58;46,92;45,09;44,92;42,15;43,26;38,56;24,19
01023;Elvillar/Bilar;53,79;50,66;44,44;45,16;45,22;41,36;41,33;40,40;38,10;38,19;41,72;32,87
48902;Erandio;49,87;48,22;46,59;48,05;46,97;46,70;44,52;44,71;41,06;42,62;30,01;19,38
48033;Ereño;49,11;49,52;48,57;42,61;47,75;47,32;44,14;46,49;40,98;43,44;31,93;31,15
48034;Ermua;44,13;42,61;41,53;42,15;42,19;41,75;40,27;39,75;39,70;40,60;31,76;18,34
20067;Errenteria;49,53;48,27;46,66;47,36;46,87;46,40;44,09;44,70;43,46;42,93;37,16;22,12
20066;Errezil;59,82;60,95;57,92;60,52;55,70;53,42;53,70;47,35;43,75;40,17;30,38;20,58
01046;Erriberagoitia/Ribera Alta;65,69;60,86;57,48;58,31;53,27;51,34;50,82;49,52;49,84;45,65;39,20;36,60
48079;Errigoiti;50,53;49,21;50,81;50,00;48,91;50,26;46,28;45,21;35,50;38,60;27,64;25,39
20034;Eskoriatza;51,90;50,64;49,20;49,36;50,00;49,35;46,85;48,68;47,67;49,27;45,70;29,70
48029;Etxebarri;58,72;58,35;56,28;57,37;56,75;55,74;54,95;55,58;53,35;49,50;36,42;19,25
48030;Etxebarria;52,43;55,44;51,70;51,41;52,92;53,99;51,28;51,13;45,11;50,15;38,75;37,11
20035;Ezkio-Itsaso;57,09;54,05;52,94;58,37;55,02;52,59;53,41;53,60;51,85;42,31;39,29;30,63
48906;Forua;50,24;45,61;45,32;44,55;46,02;44,17;42,21;42,61;44,15;41,46;40,90;30,86
48035;Fruiz;56,90;57,21;58,85;56,83;55,00;56,95;55,66;58,33;61,26;48,59;39,87;31,65
20038;Gabiria;60,50;59,30;54,12;53,48;54,10;51,65;52,54;50,00;51,41;43,40;36,81;32,94
20037;Gaintza;63,64;62,22;60,00;54,05;60,53;56,41;61,54;55,26;39,13;40,43;33,33;22,92
48036;Galdakao;50,29;49,35;48,53;49,32;48,63;48,05;46,53;46,39;45,39;45,24;36,64;25,15
48037;Galdames;45,40;43,95;43,79;42,12;42,57;44,61;42,68;42,04;36,94;39,17;29,97;22,44
48038;Gamiz-Fika;54,15;52,23;50,17;50,08;48,30;46,09;45,03;45,90;44,46;46,38;40,16;28,95
48039;Garai;58,14;59,06;54,47;55,64;58,46;57,36;50,42;52,99;50,38;55,28;39,81;31,07
48040;Gatika;52,63;51,68;52,25;52,65;51,64;51,99;51,26;51,33;51,65;50,34;44,74;29,64
48041;Gautegiz Arteaga;52,51;52,60;50,40;50,41;48,64;48,92;46,92;45,21;42,13;43,65;36,24;26,30
20907;Gaztelu;66,67;57,63;53,45;52,63;53,57;51,79;56,00;62,96;50,00;63,64;27,12;23,53
48046;Gernika-Lumo;48,44;48,03;46,24;47,14;47,22;46,50;45,03;44,74;42,81;42,43;35,75;24,40
20039;Getaria;57,62;55,77;53,45;53,46;53,55;52,26;48,53;49,60;46,11;45,97;40,72;29,74
48044;Getxo;46,32;44,95;44,11;44,57;44,09;44,15;43,31;44,03;42,39;43,93;36,45;26,85
48047;Gizaburuaga;63,01;59,21;53,16;48,72;51,95;54,55;55,41;54,32;50,60;47,89;38,33;47,37
48042;Gordexola;54,11;53,12;51,03;48,16;48,07;47,98;46,31;47,38;42,86;40,62;31,92;20,52
48043;Gorliz;52,26;50,71;50,25;51,22;50,32;49,02;48,42;49,13;48,56;48,44;41,61;29,60
48045;Güeñes;50,42;48,83;48,70;48,48;46,90;45,79;43,35;44,65;41,74;41,22;26,59;17,27
01056;Harana/Valle de Arana;39,56;37,89;37,76;34,74;34,38;38,54;34,74;38,78;34,55;31,58;33,33;39,60
20040;Hernani;53,69;52,63;50,57;52,34;50,87;50,48;47,57;47,59;45,40;44,97;40,40;24,62
20041;Hernialde;52,17;48,57;46,38;50,00;55,04;58,46;56,59;62,04;61,59;54,26;36,44;32,17
20036;Hondarribia;49,61;49,14;47,41;48,15;47,26;46,92;45,63;46,47;45,40;46,10;41,53;30,42
20042;Ibarra;49,33;48,23;46,01;46,29;44,94;45,70;44,66;45,52;42,77;46,32;39,15;25,65
48048;Ibarrangelu;45,42;49,67;44,67;44,89;45,42;48,34;44,60;46,76;42,11;42,07;31,03;25,87
20043;Idiazabal;48,16;48,09;47,62;47,98;48,23;46,52;47,12;46,00;43,70;44,72;34,14;20,81
48094;Igorre;47,65;46,21;45,95;46,74;46,18;45,46;47,49;46,84;42,50;43,64;32,94;21,45
20044;Ikaztegieta;45,64;46,32;41,97;46,15;40,67;42,71;41,58;43,68;42,93;44,51;42,68;27,74
20045;Irun;47,59;46,73;44,99;45,62;45,21;44,76;42,76;43,54;42,07;43,50;37,22;23,20
20046;Irura;62,16;60,88;60,48;60,90;58,55;60,67;59,08;58,25;59,90;61,98;43,78;25,47
01027;Iruraiz-Gauna;60,53;62,72;58,15;60,09;62,21;59,35;58,88;56,46;53,00;50,75;52,72;47,06
01901;Iruña Oka/Iruña de Oca;61,25;60,80;57,91;60,47;60,51;58,20;58,04;58,36;56,64;54,65;43,47;24,80
48049;Ispaster;51,35;49,83;48,47;48,40;47,69;47,10;50,18;47,60;42,86;41,57;28,14;20,97
20047;Itsasondo;55,38;53,82;50,38;54,39;49,64;47,92;43,89;45,86;44,78;43,50;31,50;20,80
48910;Iurreta;45,98;45,81;43,65;44,11;42,37;42,09;41,36;40,80;38,63;40,87;34,00;19,12
48050;Izurtza;58,67;51,85;52,87;46,24;48,42;51,58;45,65;50,00;42,73;37,72;32,00;21,55
48022;Karrantza Harana/Valle de Carranza;42,88;40,13;38,46;37,58;35,84;35,88;34,09;36,15;36,00;36,05;25,74;18,96
48907;Kortezubi;56,76;58,10;56,52;53,85;53,98;53,98;53,67;48,37;46,29;45,88;32,05;20,39
01019;Kripan;48,10;50,00;41,77;41,77;37,18;36,84;41,33;43,24;40,54;32,43;27,85;31,03
01020;Kuartango;53,68;53,69;45,77;50,72;47,33;45,19;53,68;50,37;44,70;42,07;37,25;33,33
01028;Labastida/Bastida;50,55;47,96;44,29;43,86;44,48;44,08;41,40;41,96;40,81;42,70;38,21;26,06
01030;Lagrán;40,28;40,54;36,49;40,54;38,03;34,29;33,33;37,66;38,82;39,77;30,23;21,18
01031;Laguardia;50,96;50,71;48,79;50,32;49,06;48,85;47,20;46,73;44,87;42,18;35,03;25,13
01032;Lanciego/Lantziego;40,48;38,95;39,11;36,40;34,56;35,51;32,85;35,74;30,71;28,12;28,30;27,61
48051;Lanestosa;42,99;42,37;35,90;34,51;33,33;33,04;28,95;33,90;31,62;30,99;10,40;17,89
01902;Lantarón;39,16;39,27;37,00;39,46;41,55;38,21;38,03;38,10;36,46;36,57;35,94;29,62
01033;Lapuebla de Labarca;46,63;44,72;41,46;43,06;42,18;42,74;42,86;41,26;36,89;39,39;28,69;26,67
48052;Larrabetzu;56,92;55,34;53,67;54,99;55,72;55,90;56,36;56,65;53,91;50,07;38,18;29,67
20048;Larraul;57,45;61,54;57,78;61,45;60,00;62,96;56,63;56,63;54,76;55,88;35,19;23,91
20902;Lasarte-Oria;50,57;49,30;47,44;47,88;47,52;46,52;44,33;44,78;43,81;43,58;39,63;23,88
01036;Laudio/Llodio;44,85;44,34;42,23;42,61;42,04;41,70;39,99;40,72;39,56;39,29;29,23;19,26
48053;Laukiz;55,03;49,81;48,17;49,71;50,20;47,29;47,89;49,48;46,85;52,81;38,37;28,57
20049;Lazkao;52,55;51,70;49,62;50,46;49,20;48,40;46,16;45,58;41,71;40,81;35,58;22,06
20050;Leaburu;51,32;50,68;46,15;46,36;45,99;46,48;41,38;39,44;42,11;40,41;30,20;25,17
20051;Legazpi;46,35;44,76;43,91;44,21;44,29;42,96;41,27;41,83;39,65;40,04;32,94;21,68
20052;Legorreta;50,57;50,50;49,34;48,67;49,83;47,39;46,52;46,04;45,47;45,69;33,39;28,04
01058;Legutio;51,80;54,37;50,71;52,08;51,72;54,34;51,56;51,57;50,67;49,68;36,11;29,14
20068;Leintz-Gatzaga;52,17;47,30;48,05;50,57;52,75;50,57;51,16;51,69;52,63;42,11;44,57;39,13
48054;Leioa;52,65;51,40;50,12;50,52;50,19;49,75;48,04;48,72;47,31;48,00;38,92;25,51
48057;Lekeitio;46,61;44,68;44,17;43,48;42,99;42,07;40,52;41,32;39,66;39,18;33,97;24,40
48055;Lemoa;55,09;52,42;51,33;50,33;49,73;48,38;47,94;47,59;45,18;41,35;33,96;19,65
48056;Lemoiz;58,69;57,38;57,03;58,13;55,25;55,91;54,94;55,44;46,93;46,56;35,97;21,57
01034;Leza;35,16;40,23;43,18;41,94;40,00;39,77;33,70;41,94;40,91;31,87;26,83;24,05
48081;Lezama;54,60;53,75;51,15;52,04;52,11;51,68;51,92;51,90;49,30;50,70;42,67;29,09
20053;Lezo;54,85;55,66;53,48;54,27;53,69;53,34;51,97;51,77;50,39;49,68;41,41;26,72
20054;Lizartza;51,22;50,00;46,28;46,75;45,68;47,50;48,94;46,50;40,96;45,49;32,40;20,58
48903;Loiu;53,68;51,06;46,56;48,86;48,71;48,21;48,02;47,59;45,32;46,58;44,83;25,85
48058;Mallabia;53,68;50,19;47,61;49,40;48,46;50,51;48,58;48,92;47,21;50,72;42,30;26,24
48060;Markina-Xemein;51,55;50,34;49,01;50,34;49,85;50,10;48,41;49,60;47,03;44,96;38,83;27,62
48061;Maruri-Jatabe;54,32;53,23;51,59;53,21;53,37;52,99;50,65;50,78;53,64;50,71;47,65;30,53
48059;Mañaria;57,14;55,24;52,34;54,91;51,38;49,29;52,17;50,71;45,59;41,05;39,39;21,13
20901;Mendaro;53,43;52,45;50,00;50,65;50,06;49,70;48,44;48,57;46,64;45,18;35,55;21,16
48062;Mendata;52,05;53,85;52,63;51,27;48,43;51,28;56,13;52,32;47,40;45,51;41,67;27,07
48063;Mendexa;59,32;51,09;50,00;51,74;51,22;50,00;50,25;51,28;46,52;45,03;36,55;18,24
48064;Meñaka;54,75;54,05;55,41;53,33;55,09;57,95;52,56;54,98;47,49;49,47;40,27;34,65
01039;Moreda de Álava / Moreda Araba;50,96;50,00;49,09;41,18;42,06;37,90;36,52;33,04;29,17;26,15;25,23;17,86
48066;Morga;48,90;51,04;46,03;47,40;46,78;43,89;45,36;45,30;33,71;39,51;33,73;25,47
48068;Mundaka;48,96;47,11;45,86;44,86;43,52;44,14;41,79;42,61;42,97;39,88;33,64;19,33
48069;Mungia;54,72;53,13;52,14;52,24;51,28;51,47;49,92;50,90;48,67;50,51;41,43;28,33
48007;Munitibar-Arbatzegi Gerrikaitz-;46,56;45,13;41,09;42,86;41,01;44,26;40,44;44,97;42,53;39,35;32,69;32,93
48908;Murueta;58,45;55,07;53,33;55,40;56,93;55,22;57,48;56,80;53,72;50,00;42,00;41,38
48071;Muskiz;49,64;48,63;46,30;46,99;45,80;44,96;43,67;44,03;42,11;40,62;29,43;17,94
20057;Mutiloa;57,89;48,96;46,15;52,13;50,55;48,31;52,94;48,35;46,59;40,00;19,72;15,79
20056;Mutriku;51,28;51,25;48,30;48,83;49,44;50,14;47,55;47,58;45,00;44,69;37,14;26,47
48067;Muxika;55,28;54,00;52,95;51,72;49,34;49,00;46,62;46,42;46,60;44,22;36,06;29,24
48909;Nabarniz;53,51;55,17;52,50;55,66;60,38;60,00;60,55;55,88;54,90;48,94;41,35;28,83
01041;Navaridas;51,22;50,59;44,32;42,86;43,06;50,67;41,25;40,51;36,90;28,74;18,60;14,94
20063;Oiartzun;55,13;54,02;52,77;53,63;53,11;52,63;51,65;51,62;50,28;49,19;46,05;31,97
01042;Okondo;57,79;56,61;55,70;51,72;50,86;50,00;47,43;50,11;47,83;48,35;31,87;21,86
20058;Olaberria;45,60;46,86;45,11;43,20;41,38;42,09;38,06;38,10;41,56;38,94;30,51;19,05
48073;Ondarroa;44,73;45,05;40,93;42,14;41,01;40,25;39,01;38,22;37,75;37,15;38,74;27,17
20076;Ordizia;48,42;47,30;46,10;47,13;46,20;45,45;43,01;44,31;40,41;40,69;35,18;24,12
20905;Orendain;63,16;63,04;62,65;59,52;56,79;62,67;61,43;57,14;58,33;41,54;27,78;29,82
20060;Orexa;58,33;50,00;52,63;59,46;59,46;72,97;70,27;60,00;63,41;67,65;61,29;47,22
20061;Orio;57,48;56,83;54,26;54,40;54,50;54,13;51,46;52,26;49,30;48,85;40,89;28,60
20062;Ormaiztegi;47,90;48,25;47,41;50,10;49,44;46,98;48,01;49,24;42,72;45,37;35,45;24,25
48075;Orozko;50,94;49,24;48,14;48,45;49,07;47,67;45,56;47,94;46,14;46,15;30,74;21,30
48083;Ortuella;46,15;44,49;42,92;44,55;43,10;43,40;41,63;41,92;40,52;40,32;29,26;16,58
48072;Otxandio;50,96;48,31;47,59;47,09;48,71;50,28;49,33;50,98;48,52;45,13;36,36;25,39
01043;Oyón-Oion;45,29;43,04;42,51;39,22;38,07;39,18;37,13;41,24;38,15;39,75;37,59;24,20
20059;Oñati;52,04;51,60;50,07;51,08;51,37;51,15;49,27;49,91;47,52;48,04;44,99;30,64
20064;Pasaia;51,90;49,99;47,05;48,37;47,59;46,15;44,13;44,22;41,34;41,88;33,10;21,31
01044;Peñacerrada-Urizaharra;56,76;57,85;58,47;58,10;54,05;55,05;53,40;50,96;41,38;34,91;28,57;34,69
48077;Plentzia;52,04;49,80;49,33;49,26;49,01;48,63;47,10;47,15;45,91;47,42;43,51;29,66
48078;Portugalete;43,09;42,16;40,76;41,46;40,84;40,28;39,33;39,57;37,50;36,73;28,89;18,92
01047;Ribera Baja/Erribera Beitia;54,58;52,73;49,92;50,00;42,29;42,37;42,86;47,67;49,61;48,49;42,59;33,15
01051;Salvatierra/Agurain;51,44;49,71;46,92;48,29;46,65;47,77;47,46;49,05;47,62;49,08;39,16;28,07
01052;Samaniego;43,20;38,17;40,31;37,61;39,00;45,36;46,15;48,18;49,17;38,28;36,22;34,38
01053;San Millán/Donemiliaga;53,54;52,07;52,94;52,40;53,70;53,58;49,81;50,73;46,76;42,03;41,99;39,64
48082;Santurtzi;45,52;43,85;42,42;43,15;42,34;41,43;39,82;40,30;38,87;39,23;29,28;18,27
20070;Segura;57,21;56,21;55,35;53,38;53,42;52,19;50,94;51,93;45,83;41,82;30,35;23,96
48084;Sestao;43,39;42,60;40,52;41,28;39,87;39,01;37,14;38,32;36,41;36,54;26,14;17,74
48904;Sondika;51,01;49,70;48,53;49,26;47,87;47,36;45,55;45,94;45,02;44,70;35,25;25,97
48085;Sopela;58,09;55,58;53,12;55,35;54,45;54,05;52,88;52,33;51,22;52,69;41,90;28,91
48086;Sopuerta;49,02;48,41;47,17;47,58;45,22;45,08;42,70;40,60;40,56;40,62;31,48;22,43
20065;Soraluze-Placencia de las Armas;44,46;41,96;41,73;43,48;42,67;42,02;39,53;40,95;38,12;38,28;31,27;17,69
48076;Sukarrieta;46,54;41,29;41,22;40,54;38,93;47,33;44,87;46,25;45,89;43,14;44,90;32,86
20071;Tolosa;50,58;50,24;48,76;49,07;48,97;47,46;46,74;46,45;45,07;42,55;36,27;25,76
48087;Trucios-Turtzioz;42,73;41,85;36,28;36,24;36,12;33,48;35,81;41,26;35,77;32,79;20,92;15,29
48088;Ubide;57,33;54,41;48,48;46,48;47,89;43,42;48,65;44,16;38,82;36,23;35,21;17,57
48065;Ugao-Miraballes;49,15;48,00;48,19;49,05;48,32;47,18;45,49;46,96;44,91;40,49;33,09;22,87
48089;Urduliz;59,32;57,68;55,56;54,35;54,22;52,99;52,24;51,46;50,00;43,86;33,93;22,30
48074;Urduña/Orduña;44,50;44,11;43,11;44,32;42,66;41,70;40,53;42,00;41,20;41,34;30,88;21,09
01054;Urkabustaiz;60,71;59,86;57,56;58,58;57,75;56,11;56,45;57,35;49,39;49,89;41,43;30,97
20072;Urnieta;54,52;54,36;52,56;53,04;52,70;52,21;50,81;50,22;50,52;50,11;39,12;28,06
20077;Urretxu;49,59;48,67;46,80;47,35;46,31;45,52;44,02;43,29;42,03;42,12;35,06;23,71
20073;Usurbil;55,16;52,74;51,46;52,23;53,18;52,28;50,80;51,75;49,63;48,12;41,57;26,20
01055;Valdegovía/Gaubea;47,96;44,79;41,59;43,26;44,58;44,71;43,03;47,04;41,96;38,11;40,95;28,69
48080;Valle de Trápaga-Trapagaran;45,96;45,60;44,22;44,19;43,34;42,28;40,82;41,00;38,77;39,49;30,59;19,39
20075;Villabona;50,12;48,67;47,36;49,19;47,71;46,14;45,33;45,75;44,86;46,11;38,92;25,22
01057;Villabuena de Álava/Eskuernaga;46,83;44,96;41,41;39,20;39,71;40,30;38,64;35,56;33,33;31,65;25,17;20,13
01059;Vitoria-Gasteiz;49,55;49,48;47,71;48,96;48,63;48,16;47,09;48,07;46,36;47,38;41,66;29,36
01060;Yécora/Iekora;38,46;29,25;31,86;27,27;32,04;34,62;39,29;35,85;38,26;35,71;34,51;29,57
48095;Zaldibar;50,24;49,68;46,20;46,95;47,04;46,99;44,02;43,75;42,88;41,25;37,58;22,64
20078;Zaldibia;49,93;47,73;46,64;49,70;46,68;47,31;46,84;46,96;41,76;40,71;37,80;29,19
01061;Zalduondo;75,29;61,80;58,62;56,96;56,41;51,90;57,14;59,26;42,68;44,19;38,89;30,19
48096;Zalla;46,95;45,32;44,12;44,30;44,63;43,31;40,91;41,56;40,49;42,82;30,53;19,40
01062;Zambrana;40,96;45,14;43,10;43,96;39,08;31,98;39,16;37,36;37,14;36,84;36,60;29,37
48905;Zamudio;48,67;47,20;46,41;47,95;48,09;47,13;48,05;50,26;47,24;46,37;38,72;30,47
48097;Zaratamo;49,65;48,76;48,36;46,61;47,78;47,72;46,05;46,95;42,76;43,33;36,19;24,25
20079;Zarautz;52,79;52,32;50,84;50,74;50,34;49,48;47,01;47,27;45,53;45,34;39,80;28,71
48024;Zeanuri;54,02;54,51;51,81;53,95;53,09;53,48;54,11;52,27;50,00;48,29;35,92;31,72
48025;Zeberio;55,03;53,35;50,67;51,39;53,41;52,51;53,78;52,84;46,58;47,96;36,50;24,81
20025;Zegama;53,48;52,25;51,59;53,14;51,72;49,32;45,84;47,91;39,81;43,29;29,80;15,02
20026;Zerain;52,46;58,82;48,72;47,79;47,32;50,91;50,45;48,21;46,49;43,12;31,25;29,00
20027;Zestoa;54,48;53,15;49,67;48,04;46,69;46,80;44,84;44,84;43,80;42,46;34,84;26,51
48913;Zierbena;56,18;50,72;49,28;50,72;49,92;46,76;48,52;46,73;47,59;42,67;28,12;20,20
01018;Zigoitia;55,08;54,38;54,46;53,32;53,32;55,75;55,79;58,38;54,72;51,80;51,19;41,15
48915;Ziortza-Bolibar;56,33;54,09;53,37;52,63;51,93;47,37;44,04;49,74;42,02;48,07;38,83;27,62
20028;Zizurkil;54,39;51,74;48,97;47,65;47,73;47,03;45,48;45,21;45,72;41,99;32,51;21,50
01063;Zuia;53,95;54,45;53,88;54,83;52,14;52,60;52,55;53,73;54,20;54,51;46,86;33,92
20081;Zumaia;53,06;52,50;50,14;51,21;50,78;49,25;45,43;46,19;44,19;43,36;39,59;25,22
20080;Zumarraga;46,14;44,83;43,53;44,78;42,54;41,48;39,22;40,40;39,07;37,54;29,62;18,67
