Indicadores municipales de sostenibilidad: Tasa de afiliación a la Seguridad Social por municipio de residencia: Mujeres (% mujeres de 16 y más años);;;;;;;;;;;;;;;
"";;;;;;;;;;;;;;;
Resumen de datos;;;;;;;;;;;;;;;
Entidad;;2022;2021;2020;2019;2018;2017;2016;2015;2014;2013;2012;2011;2010;2009
Araba/Álava;;50,15;47,00;45,90;47,06;46,49;45,99;45,33;44,87;43,94;43,44;43,56;43,76;43,05;42,82
Bizkaia;;47,66;45,32;44,19;44,66;43,77;43,00;42,25;41,65;40,74;39,86;40,07;39,72;38,62;38,21
CAE;;49,09;46,69;45,60;46,12;45,26;44,52;43,69;43,06;42,09;41,30;41,41;41,37;40,31;40,01
Gipuzkoa;;50,96;48,78;47,76;48,08;47,14;46,33;45,33;44,58;43,48;42,74;42,69;43,06;41,93;41,79
"";;;;;;;;;;;;;;;
Detalle por comarcas;;;;;;;;;;;;;;;
Código comarca;Comarca;2022;2021;2020;2019;2018;2017;2016;2015;2014;2013;2012;2011;2010;2009
01100;Arabako Ibarrak / Valles Alaveses;39,34;30,54;29,35;34,54;33,09;32,10;31,05;29,94;29,07;28,79;29,03;30,21;28,78;27,94
01200;Arabako Lautada / Llanada Alavesa;50,82;48,11;46,98;47,90;47,41;46,87;46,28;46,04;45,12;44,62;44,76;44,71;44,33;44,11
01300;Arabako Mendialdea / Montaña Alavesa;41,67;36,20;36,97;41,90;38,70;39,09;37,42;36,36;36,19;34,66;34,32;34,08;33,25;34,02
48100;Arratia Nerbioi / Arratia-Nervión;48,51;47,27;46,16;47,11;46,41;44,93;44,02;43,16;42,13;40,82;41,19;41,68;39,34;39,11
20200;Bidasoa Beherea / Bajo Bidasoa;49,02;46,34;44,93;44,70;44,00;42,95;42,07;41,31;40,27;39,55;39,21;39,49;38,76;38,47
48200;Bilbo Handia / Gran Bilbao;47,33;44,85;43,63;44,12;43,19;42,42;41,75;41,17;40,35;39,51;39,77;39,15;38,18;37,85
20100;Deba Beherea / Bajo Deba;47,97;46,50;45,60;45,84;45,26;44,44;43,03;41,94;40,99;39,85;39,98;41,04;39,81;39,58
20300;Debagoiena / Alto Deba;49,79;48,66;47,79;48,31;47,68;47,23;46,67;46,06;45,47;45,49;45,62;47,16;46,71;46,25
20400;Donostialdea / Donostia-San Sebastián;51,59;48,94;47,86;48,40;47,55;46,89;46,00;45,45;44,35;43,65;43,66;43,35;42,46;42,52
48300;Durangaldea / Duranguesado;49,57;47,74;47,02;47,68;47,09;46,44;45,56;44,92;43,49;42,54;42,89;43,68;42,43;41,49
48400;Enkartazioak / Encartaciones;45,00;42,53;41,52;41,81;40,46;39,70;38,41;37,41;36,63;35,51;35,44;36,29;35,20;34,66
01400;Errioxa Arabarra / Rioja Alavesa;45,85;31,68;31,12;32,57;32,27;32,16;32,47;31,26;30,41;29,79;30,24;34,72;33,21;33,03
48500;Gernika-Bermeo;45,59;44,16;43,84;44,17;43,96;43,44;42,28;41,35;40,35;39,61;39,78;40,52;38,47;37,88
20500;Goierri;51,15;49,45;48,63;48,70;46,81;45,88;44,56;43,36;42,20;41,18;40,74;42,09;40,01;39,47
01500;Gorbeia Inguruak / Estribaciones del Gorbea;51,06;49,00;48,97;50,01;49,40;50,22;48,88;48,97;47,89;47,32;46,73;45,40;43,06;41,50
01600;Kantauri Arabarra / Cantábrica Alavesa;48,40;46,38;44,93;46,37;45,44;44,92;43,88;42,14;41,09;40,72;40,86;41,84;39,52;39,61
48600;Markina-Ondarroa;46,33;45,59;44,43;44,50;43,68;43,27;42,06;42,08;41,51;39,63;39,01;40,71;38,68;38,73
48700;Plentzia-Mungia;52,92;50,06;49,11;49,22;48,02;47,09;46,11;45,81;44,25;43,39;43,18;42,33;41,17;40,34
20600;Tolosaldea / Tolosa;53,47;51,70;50,67;50,71;49,84;48,76;47,92;47,11;45,58;44,68;44,45;45,42;44,22;43,98
20700;Urola-Kostaldea / Urola Costa;51,43;49,88;49,19;49,45;48,09;46,89;45,40;44,23;42,93;41,93;42,13;42,96;40,70;40,52
"";;;;;;;;;;;;;;;
Detalle por municipios;;;;;;;;;;;;;;;
Código municipio;Municipio;2022;2021;2020;2019;2018;2017;2016;2015;2014;2013;2012;2011;2010;2009
48001;Abadiño;49,33;48,17;48,67;49,87;48,84;47,91;47,01;46,17;45,27;44,21;44,85;45,61;43,93;42,61
20001;Abaltzisketa;68,91;68,38;62,81;65,83;57,85;54,47;50,40;54,62;48,74;49,59;52,50;59,32;53,45;50,83
48002;Abanto y Ciérvana-Abanto Zierbena;49,16;47,04;45,68;46,32;46,23;44,64;44,12;42,84;41,98;40,15;39,63;40,44;39,83;36,45
20002;Aduna;65,38;60,89;60,57;63,10;57,99;60,98;60,37;55,28;50,31;48,45;45,68;52,83;52,41;54,43
20016;Aia;20,44;21,05;21,89;21,42;21,68;21,11;20,84;20,98;19,69;19,95;20,47;19,74;19,71;20,30
20003;Aizarnazabal;53,82;47,59;47,14;51,53;51,35;50,00;50,70;49,66;48,28;50,51;49,31;47,42;46,04;49,27
48911;Ajangiz;47,42;47,12;46,56;46,84;45,64;46,03;44,39;45,21;44,68;41,49;42,33;43,39;37,37;37,82
20004;Albiztur;57,02;60,50;59,66;64,91;66,07;61,54;58,54;56,56;57,38;56,00;53,28;59,35;56,80;51,61
20005;Alegia;51,94;49,44;48,90;50,21;50,87;51,52;50,51;49,13;46,97;45,13;45,44;42,22;39,83;39,61
01001;Alegría-Dulantzi;54,61;50,08;48,08;54,02;53,17;51,96;51,52;52,29;52,29;50,87;49,44;48,44;44,02;41,44
20006;Alkiza;57,46;57,81;54,20;53,19;51,82;57,35;59,85;57,14;61,11;48,87;48,87;47,69;48,00;44,35
48912;Alonsotegi;44,30;44,49;41,98;41,28;41,09;40,55;38,21;37,80;36,28;35,26;36,52;35,10;33,57;32,10
20906;Altzaga;61,76;54,93;47,14;41,43;47,06;48,48;50,79;50,82;47,54;48,28;47,37;42,86;39,29;46,30
20007;Altzo;62,25;60,00;58,94;55,75;56,44;49,08;42,94;41,72;40,40;41,50;42,86;43,36;40,71;37,23
20008;Amezketa;54,86;55,35;53,78;54,42;51,85;50,42;48,00;44,29;42,90;42,71;40,99;41,51;36,48;35,96
48003;Amorebieta-Etxano;51,89;49,98;48,62;49,18;48,43;48,36;46,85;46,05;44,93;43,02;43,51;44,31;42,66;41,95
48004;Amoroto;51,59;46,01;44,64;42,61;40,59;41,62;41,95;43,98;40,36;40,00;40,74;47,80;45,06;40,61
01002;Amurrio;48,96;46,82;45,67;47,68;46,34;45,78;44,97;43,38;41,97;42,17;42,92;43,59;41,84;41,81
20009;Andoain;50,30;49,06;47,26;49,21;48,00;46,53;45,55;44,45;44,38;42,97;42,80;43,14;41,69;41,04
20010;Anoeta;54,80;52,12;52,41;54,53;50,24;50,06;46,71;47,39;45,48;43,42;45,59;47,24;44,96;45,55
20011;Antzuola;55,18;53,05;53,20;55,33;53,12;52,73;50,93;47,79;47,79;45,62;43,46;43,71;40,62;39,44
48005;Arakaldo;41,43;40,58;37,88;38,98;44,64;33,33;31,03;34,55;21,82;30,61;30,95;31,71;22,73;17,07
20012;Arama;56,10;51,14;47,78;52,27;48,84;45,35;44,58;44,44;40,74;43,90;40,00;48,68;42,50;38,27
01003;Aramaio;51,95;51,08;50,74;51,54;54,10;50,94;49,83;50,17;48,46;51,31;50,09;48,64;46,35;45,52
48006;Arantzazu;44,58;42,20;41,86;37,28;38,79;36,81;31,74;38,36;34,59;36,08;34,62;31,85;29,11;31,25
48093;Areatza;48,35;46,52;43,19;44,69;46,23;44,91;45,30;44,08;42,33;42,13;40,60;37,69;35,77;36,58
20013;Aretxabaleta;50,15;49,29;48,42;49,36;49,01;49,42;50,00;51,55;50,78;50,38;49,42;51,65;51,47;49,30
01006;Armiñón;50,54;43,62;43,96;43,48;41,76;40,00;30,85;31,63;34,69;30,30;25,00;27,37;22,68;27,37
01037;Arraia-Maeztu;43,87;39,14;39,60;47,94;38,83;37,45;36,63;38,15;40,37;40,88;40,21;38,83;37,72;38,30
48009;Arrankudiaga;49,41;47,20;44,58;50,12;47,04;46,32;45,65;42,23;41,02;37,90;36,17;40,53;35,24;35,91
20055;Arrasate/Mondragón;47,10;46,47;45,51;45,62;44,78;44,40;44,06;43,12;43,10;44,39;45,08;47,69;47,28;47,17
48914;Arratzu;42,08;39,04;40,78;40,45;40,91;40,00;40,12;38,73;37,57;39,88;40,88;39,63;39,76;35,80
01008;Arratzua-Ubarrundia;53,92;45,45;42,56;50,38;50,89;50,00;45,22;48,96;47,41;45,76;46,61;46,94;45,12;45,60
48010;Arrieta;51,65;50,42;51,06;47,39;45,04;45,99;44,87;46,32;39,39;40,60;44,64;46,82;42,53;35,06
48011;Arrigorriaga;48,07;46,21;44,71;44,21;43,91;42,56;41,35;40,20;39,38;38,07;38,43;36,89;36,10;35,14
48023;Artea;47,52;42,81;42,17;44,70;46,95;42,68;39,01;36,53;39,01;37,89;38,34;35,45;35,93;34,53
48008;Artzentales;42,12;37,71;39,19;39,93;38,91;39,52;39,93;38,67;35,67;33,33;31,00;35,12;34,97;32,38
01004;Artziniega;48,98;45,28;44,30;47,21;45,25;45,91;44,14;40,31;40,70;39,61;39,11;40,49;37,37;35,37
01009;Asparrena;43,37;38,46;39,29;42,28;43,66;43,05;41,57;42,07;40,30;39,79;38,17;38,10;39,89;38,52
20014;Asteasu;61,53;57,38;56,78;54,63;51,08;51,53;53,83;53,11;54,88;54,97;53,10;51,72;48,28;47,08
20903;Astigarraga;57,18;55,53;54,11;55,20;54,09;53,82;54,31;52,74;49,51;46,57;46,55;46,47;44,30;43,46
20015;Ataun;100,30;95,07;91,13;95,08;89,97;89,01;86,36;81,54;78,46;72,12;71,76;69,28;65,91;66,41
48091;Atxondo;49,58;49,66;53,04;52,30;52,41;51,20;49,31;49,41;47,71;47,47;46,67;45,65;44,54;43,86
48070;Aulesti;16,61;16,20;16,67;15,44;15,14;14,23;12,41;13,26;11,83;11,83;11,91;12,50;11,66;10,10
01010;Ayala/Aiara;54,64;51,92;50,46;49,75;49,83;50,30;49,36;47,01;46,50;43,68;42,23;43,00;37,84;38,30
20017;Azkoitia;51,97;50,66;49,92;50,42;48,02;46,30;45,24;43,58;42,03;40,82;40,32;42,13;38,94;38,27
20018;Azpeitia;52,88;50,82;50,35;50,51;49,94;49,14;47,41;46,33;44,05;42,90;43,54;46,09;43,71;43,57
01049;Añana;31,67;33,33;26,56;38,89;41,82;40,68;32,26;34,38;39,06;28,36;34,38;33,33;28,38;26,32
48012;Bakio;43,32;41,21;40,22;41,84;41,47;40,06;38,12;38,64;37,51;36,19;33,30;32,19;31,03;30,92
20904;Baliarrain;64,00;55,56;53,57;53,85;56,86;53,06;34,00;43,64;40,00;44,90;50,00;54,00;45,10;51,02
48090;Balmaseda;43,33;40,56;39,31;39,89;39,68;38,49;37,62;36,34;35,09;33,42;33,51;34,48;33,62;32,83
48013;Barakaldo;47,65;45,39;43,84;43,71;42,49;41,91;41,38;40,62;39,80;38,98;38,85;38,54;37,28;36,85
48014;Barrika;45,80;40,21;40,84;40,36;39,40;37,13;37,91;39,36;38,15;36,97;37,81;38,45;36,73;34,34
01013;Barrundia;50,43;46,98;47,13;46,78;48,65;48,33;46,83;46,22;47,13;42,30;42,64;47,40;46,63;43,56
48015;Basauri;43,66;41,73;40,89;42,00;41,37;40,57;39,93;39,23;38,69;38,45;38,68;38,96;38,40;38,14
01011;Baños de Ebro/Mañueta;42,15;25,40;24,41;26,72;29,82;29,82;30,08;25,00;26,61;22,05;28,00;65,00;57,60;59,23
20019;Beasain;49,97;49,42;48,19;48,62;47,05;46,33;44,86;43,36;42,16;41,56;41,24;41,47;40,60;39,31
48092;Bedia;49,40;44,11;43,28;43,47;44,47;40,31;39,52;38,90;37,58;36,82;35,68;39,36;34,27;33,73
20020;Beizama;103,85;93,10;75,00;56,25;45,83;47,06;39,22;33,33;46,30;40,00;34,43;33,90;30,36;28,07
20021;Belauntza;54,95;53,98;50,88;69,15;60,42;61,05;60,40;54,46;51,49;55,77;51,43;58,72;57,94;52,17
48016;Berango;50,59;48,61;47,54;50,05;48,32;47,02;46,40;46,24;45,34;44,27;43,14;42,57;41,53;40,64
01014;Berantevilla;48,76;35,50;32,52;34,57;34,25;37,99;32,42;28,87;29,90;31,47;33,85;35,18;37,13;36,54
20022;Berastegi;57,94;52,06;50,81;50,24;50,24;44,52;43,53;44,88;43,41;43,10;42,36;42,00;40,55;39,30
20074;Bergara;49,66;48,58;47,55;48,16;47,19;45,94;44,80;44,35;43,68;42,94;43,58;44,67;44,39;44,23
48017;Bermeo;44,90;43,02;42,85;42,69;42,60;42,92;41,33;40,48;40,06;39,10;39,32;40,87;38,92;38,10
01016;Bernedo;39,00;35,98;36,68;34,57;35,75;36,96;36,31;36,98;35,94;36,68;40,49;36,79;35,89;35,32
48018;Berriatua;47,25;47,64;46,19;46,87;44,57;44,14;43,07;43,76;42,92;43,79;44,00;44,93;42,53;41,77
48019;Berriz;47,64;48,43;49,44;50,24;49,71;47,26;46,75;45,76;44,59;43,90;43,36;42,62;43,01;40,88
20023;Berrobi;57,81;47,58;47,95;51,07;49,15;47,81;47,75;45,05;45,50;39,64;39,09;41,36;40,36;43,89
20024;Bidania-Goiatz;54,76;59,31;58,45;58,59;61,05;63,24;61,50;53,50;50,50;49,75;47,34;43,13;41,18;38,81
48020;Bilbao;46,77;44,10;42,84;43,31;42,36;41,64;41,01;40,48;39,64;39,05;39,45;38,63;37,63;37,50
48021;Busturia;40,22;39,09;35,99;37,54;36,87;37,79;38,28;37,33;36,07;35,11;34,69;38,89;34,88;32,90
01017;Campezo/Kanpezu;46,09;40,00;41,11;46,49;45,32;44,93;40,87;36,98;35,12;32,65;31,26;32,46;31,88;33,48
20029;Deba;47,44;46,51;45,45;45,74;46,47;44,89;44,05;43,41;41,27;41,03;42,01;42,81;41,32;41,01
48901;Derio;51,60;50,25;48,00;51,26;49,80;47,84;47,72;48,03;46,01;44,83;44,64;44,88;45,31;44,64
48026;Dima;46,60;48,09;45,34;48,90;50,34;46,51;45,50;44,39;43,37;43,23;40,31;41,53;36,45;36,31
20069;Donostia / San Sebastián;51,10;47,77;47,03;46,80;46,16;45,54;44,84;44,22;43,40;42,81;42,77;42,41;41,70;41,84
48027;Durango;51,23;48,69;47,59;48,38;47,65;46,46;45,87;45,97;44,27;43,62;43,97;43,95;42,45;41,02
48028;Ea;36,84;37,60;36,62;37,91;38,33;34,63;34,06;32,16;31,89;29,14;31,48;30,65;26,77;25,57
20030;Eibar;47,65;45,74;44,81;45,27;44,75;43,86;42,17;41,43;40,52;39,08;39,39;40,63;39,62;39,67
48031;Elantxobe;36,02;31,10;35,00;38,46;33,75;33,12;31,18;27,78;28,89;23,28;22,96;29,06;23,50;23,42
01021;Elburgo/Burgelu;61,26;51,37;51,15;51,88;55,41;55,04;50,83;52,14;50,85;50,42;51,29;48,10;42,92;46,29
01022;Elciego;40,19;33,65;32,08;32,93;32,86;30,54;31,25;30,07;29,61;28,86;28,51;31,78;31,19;29,37
20031;Elduain;56,70;58,59;54,64;58,76;50,52;52,69;51,09;50,00;43,48;43,82;47,19;43,18;44,94;40,00
20033;Elgeta;58,17;54,24;55,83;53,93;52,54;50,44;52,06;49,89;46,80;49,67;46,32;44,78;43,86;41,48
20032;Elgoibar;48,83;47,62;46,90;46,58;45,36;45,11;44,06;42,87;41,86;41,11;40,81;41,51;40,64;40,15
48032;Elorrio;51,76;49,84;49,63;50,43;50,02;51,17;51,21;51,07;51,59;51,62;53,39;55,62;55,79;58,17
01023;Elvillar/Bilar;55,17;44,08;43,14;43,06;40,00;40,40;42,00;35,95;39,87;42,57;44,22;46,62;48,32;46,05
48902;Erandio;51,75;49,40;47,96;48,22;47,01;46,50;45,05;44,18;43,43;41,98;42,17;39,69;39,06;38,58
48033;Ereño;32,14;30,48;32,38;33,01;38,14;38,78;37,62;35,14;30,63;34,23;35,40;37,61;35,29;33,88
48034;Ermua;44,03;42,80;42,33;42,53;42,25;42,10;41,19;39,98;37,94;36,89;37,09;39,79;39,04;37,65
20067;Errenteria;50,06;48,18;46,90;48,38;47,91;47,11;46,03;45,73;44,67;44,00;44,32;43,43;42,93;42,92
20066;Errezil;64,38;68,57;61,54;61,50;53,25;52,42;53,39;52,56;49,57;49,57;48,67;48,48;46,72;43,78
01046;Erriberagoitia/Ribera Alta;40,20;36,70;33,72;41,11;37,54;36,92;40,77;36,13;36,86;38,11;37,36;34,60;34,16;33,96
48079;Errigoiti;43,62;41,88;40,54;40,96;42,86;46,81;38,74;35,03;33,50;33,01;30,19;31,05;25,00;26,99
20034;Eskoriatza;49,61;47,00;47,43;48,17;49,35;48,38;48,98;46,53;46,71;47,07;47,62;49,61;48,40;45,76
48029;Etxebarri;52,47;51,04;50,27;50,44;49,38;48,21;46,43;45,47;43,50;41,17;40,71;38,97;36,66;35,68
48030;Etxebarria;92,71;92,18;88,78;80,86;83,03;86,10;82,66;81,74;79,34;77,25;75,89;78,93;77,22;78,53
20035;Ezkio-Itsaso;57,09;54,83;51,76;57,85;52,82;49,37;48,98;45,67;41,34;41,60;41,20;40,32;36,00;35,74
48906;Forua;45,61;42,44;43,35;44,31;45,32;42,82;40,84;38,67;40,15;38,40;40,84;42,46;40,10;40,86
48035;Fruiz;56,47;54,59;53,10;52,94;51,87;47,51;48,62;46,85;47,75;46,61;46,85;44,55;46,60;42,62
20038;Gabiria;56,50;52,26;52,06;51,78;50,78;49,48;47,85;46,81;46,28;42,63;39,06;37,97;37,50;36,02
20037;Gaintza;54,55;53,33;55,56;50,00;48,89;48,89;54,55;63,16;55,26;53,85;42,11;43,90;30,43;39,13
48036;Galdakao;50,14;47,89;47,10;48,61;47,62;46,65;45,74;45,50;44,07;43,06;43,32;43,44;42,80;42,08
48037;Galdames;39,76;36,28;36,69;36,83;37,08;37,65;34,27;32,44;31,25;31,64;31,27;29,18;27,78;28,97
48038;Gamiz-Fika;53,65;49,09;49,00;48,49;46,78;43,31;44,52;43,79;40,52;39,51;40,21;41,94;36,11;38,22
48039;Garai;55,04;51,18;52,85;48,46;46,88;43,31;42,28;39,17;35,83;34,75;31,20;27,48;24,06;21,80
48040;Gatika;51,90;50,81;50,80;52,27;50,15;47,66;44,38;45,91;44,87;44,24;43,38;44,36;42,39;40,75
48041;Gautegiz Arteaga;46,98;45,05;44,06;46,76;45,53;47,85;42,82;40,36;40,10;41,42;40,69;37,70;35,00;34,14
20907;Gaztelu;56,14;47,46;39,66;44,64;49,09;50,91;45,28;41,51;47,17;40,68;37,93;39,66;36,07;39,66
48046;Gernika-Lumo;49,05;47,95;47,35;47,19;47,33;46,22;45,79;45,00;43,46;42,75;42,65;42,52;41,33;40,87
20039;Getaria;56,12;53,03;51,51;52,59;51,67;50,13;47,51;48,82;46,54;46,41;47,64;45,69;46,45;46,07
48044;Getxo;49,86;45,70;44,67;44,92;44,50;43,93;43,40;42,93;42,43;41,38;41,80;41,02;40,06;39,75
48047;Gizaburuaga;49,32;47,37;51,90;46,84;46,84;51,90;48,68;48,78;45,12;50,00;47,06;44,58;39,29;35,71
48042;Gordexola;50,71;48,68;47,73;44,97;43,62;42,03;42,33;40,90;40,77;36,92;37,62;37,60;34,44;33,86
48043;Gorliz;45,81;42,67;42,09;44,52;43,36;42,85;41,55;42,01;41,21;38,91;38,89;37,36;37,26;35,67
48045;Güeñes;48,46;47,10;46,16;45,40;43,19;41,97;40,43;40,28;39,62;37,89;37,49;38,56;38,28;36,67
01056;Harana/Valle de Arana;39,56;33,68;35,71;37,36;36,96;41,94;43,01;41,67;40,62;36,00;31,37;35,45;33,94;34,78
20040;Hernani;55,03;53,76;51,54;52,84;50,35;49,91;47,78;48,56;46,79;45,30;45,70;45,11;44,05;44,44
20041;Hernialde;55,80;47,86;53,62;59,52;68,80;66,94;63,28;58,99;62,59;62,94;57,75;53,10;47,22;48,91
20036;Hondarribia;47,68;44,92;44,44;46,20;45,13;44,24;42,99;42,08;41,29;40,65;40,12;40,52;39,84;39,90
20042;Ibarra;52,95;50,31;49,25;49,26;48,63;49,75;49,52;48,54;46,52;46,14;46,00;46,42;45,36;46,39
48048;Ibarrangelu;29,41;31,05;31,00;35,21;35,36;33,09;30,18;30,71;28,93;30,07;29,75;25,87;25,70;28,78
20043;Idiazabal;48,68;47,03;47,52;46,77;46,44;43,82;42,76;42,07;42,49;40,17;40,39;42,03;39,60;38,74
48094;Igorre;51,40;51,00;51,03;49,05;49,45;48,26;48,09;48,14;46,51;43,89;44,97;45,71;42,95;42,43
20044;Ikaztegieta;45,64;42,63;40,41;43,81;36,54;41,41;44,44;40,31;40,31;43,24;43,24;47,57;46,81;50,00
20045;Irun;49,40;46,74;45,07;44,30;43,70;42,61;41,82;41,10;40,00;39,26;38,97;39,22;38,48;38,10
20046;Irura;59,32;58,82;57,65;55,60;54,80;53,88;53,48;54,71;50,97;51,48;49,43;47,61;46,17;45,48
01027;Iruraiz-Gauna;49,12;50,00;47,14;50,93;50,48;50,24;50,00;53,50;50,00;47,50;45,50;44,93;41,75;42,71
01901;Iruña Oka/Iruña de Oca;57,68;53,31;51,82;53,33;51,16;51,47;51,90;51,50;48,50;44,61;43,63;44,01;44,52;41,19
48049;Ispaster;48,65;45,99;45,08;44,96;43,42;42,60;44,12;46,44;43,45;41,48;38,13;36,24;34,05;31,67
20047;Itsasondo;51,92;50,00;48,50;50,80;47,56;46,85;42,64;39,18;38,81;36,57;35,04;34,43;34,59;35,82
48910;Iurreta;47,77;45,13;44,09;45,32;44,79;43,81;43,53;40,92;40,18;40,02;40,37;38,82;36,72;35,68
48050;Izurtza;50,67;48,15;51,72;55,95;51,16;53,41;53,49;49,49;49,49;50,52;48,45;43,00;42,86;46,30
48022;Karrantza Harana/Valle de Carranza;40,75;36,26;34,72;35,29;33,86;33,45;34,30;31,75;33,00;32,82;32,20;33,25;32,70;33,25
48907;Kortezubi;50,27;50,84;49,46;50,00;49,72;49,44;50,28;46,07;44,50;45,26;45,90;45,56;40,00;39,55
01019;Kripan;53,16;37,50;34,18;38,96;35,53;33,78;32,00;32,43;29,73;27,40;24,05;39,47;33,33;27,03
01020;Kuartango;39,71;36,24;36,62;42,25;42,75;36,17;38,57;40,85;32,39;31,47;31,25;39,01;32,39;30,07
01028;Labastida/Bastida;42,97;30,25;31,11;31,22;32,17;32,74;30,57;30,05;29,53;29,57;29,48;32,30;33,45;35,03
01030;Lagrán;23,61;20,27;16,22;12,31;13,85;14,06;17,39;22,22;25,00;26,03;25,64;26,51;25,61;33,33
01031;Laguardia;55,57;46,92;46,53;49,68;47,81;46,36;50,64;45,74;45,43;43,97;42,55;45,84;41,05;39,15
01032;Lanciego/Lantziego;39,79;25,96;25,09;27,63;31,78;30,15;28,09;25,19;24,07;22,46;21,51;28,31;29,30;29,71
48051;Lanestosa;34,58;27,12;30,77;31,13;24,76;27,52;24,79;26,27;27,12;26,32;25,21;28,45;23,93;21,31
01902;Lantarón;32,90;23,30;22,52;26,88;26,76;27,19;25,99;24,93;21,74;23,45;24,38;23,78;23,20;20,91
01033;Lapuebla de Labarca;44,66;32,78;31,65;32,40;32,77;32,39;33,81;34,76;33,33;31,82;31,29;38,20;39,24;42,12
48052;Larrabetzu;52,46;51,41;48,55;52,98;54,64;54,28;54,59;53,08;50,64;48,40;47,16;48,25;46,21;43,37
20048;Larraul;68,09;62,64;61,11;59,77;53,49;51,16;50,00;45,78;40,96;44,05;45,24;35,37;37,35;32,94
20902;Lasarte-Oria;50,30;47,99;46,49;48,18;47,66;47,04;46,26;45,83;44,49;44,57;44,29;44,92;43,29;42,91
01036;Laudio/Llodio;46,73;44,99;43,39;44,99;44,22;43,51;42,34;40,84;39,81;39,68;39,87;41,00;39,03;39,27
48053;Laukiz;49,53;44,44;43,41;45,79;47,67;47,28;45,84;45,32;44,04;48,16;45,63;43,80;44,69;43,15
20049;Lazkao;51,03;49,57;48,36;48,79;47,13;46,80;45,80;45,36;43,04;41,68;41,34;42,01;39,65;39,93
20050;Leaburu;58,55;60,81;54,55;53,29;60,28;50,68;46,85;44,68;40,43;41,78;40,82;40,65;35,29;36,13
20051;Legazpi;47,70;46,50;45,28;45,72;44,27;43,11;41,93;41,03;40,22;39,32;38,86;40,70;39,39;39,16
20052;Legorreta;50,08;49,50;48,34;51,46;51,98;50,52;47,22;45,95;44,79;43,36;42,83;44,72;44,07;44,92
01058;Legutio;43,99;45,12;44,42;44,89;43,56;46,90;46,59;47,68;45,73;43,99;44,04;42,65;41,42;41,10
20068;Leintz-Gatzaga;63,77;63,51;64,94;55,00;52,94;53,66;50,59;54,44;47,78;51,72;46,88;48,98;46,88;45,74
48054;Leioa;52,97;50,38;48,84;49,19;48,21;47,36;46,69;46,95;46,00;45,38;45,66;43,79;42,81;41,89
48057;Lekeitio;44,82;43,68;43,14;42,61;41,94;41,66;40,05;40,19;39,74;38,19;37,95;38,32;37,07;35,69
48055;Lemoa;48,86;48,12;47,86;47,65;46,21;44,79;43,17;43,09;40,15;38,08;38,08;37,78;35,47;34,43
48056;Lemoiz;50,47;46,92;47,59;50,81;48,87;45,40;42,11;42,15;37,85;37,61;36,99;39,18;38,15;37,50
01034;Leza;36,26;33,33;36,36;36,05;33,33;35,80;33,73;30,77;35,16;34,94;34,12;31,11;34,48;37,08
48081;Lezama;56,03;54,61;51,81;55,12;54,40;53,38;52,33;52,69;52,49;50,29;50,43;47,67;43,66;41,59
20053;Lezo;54,02;53,56;51,86;54,13;52,85;52,44;51,35;51,17;48,24;47,01;46,83;48,05;45,71;45,03
20054;Lizartza;57,72;51,61;51,24;52,79;50,21;49,34;51,79;46,98;50,43;45,00;48,95;50,85;48,97;44,53
48903;Loiu;52,72;50,32;50,05;46,19;44,16;42,83;43,04;41,87;38,69;38,98;39,83;37,68;34,60;32,80
48058;Mallabia;48,91;45,17;44,22;46,01;47,92;48,05;48,67;47,63;45,26;46,84;46,18;48,62;47,51;46,00
48060;Markina-Xemein;51,65;51,02;49,83;48,95;48,20;48,77;47,25;47,21;46,82;45,86;43,13;44,12;42,99;44,34
48061;Maruri-Jatabe;46,82;44,01;45,23;45,61;47,93;48,41;47,38;48,21;47,19;45,22;43,97;42,04;45,00;42,86
48059;Mañaria;50,95;45,71;48,13;47,98;47,47;49,05;46,54;48,40;42,92;42,99;44,02;44,71;46,48;43,54
20901;Mendaro;53,43;51,94;51,52;52,87;51,15;48,06;47,58;45,83;45,05;42,45;43,40;42,71;40,08;39,84
48062;Mendata;42,11;40,66;42,69;47,10;45,16;43,14;39,24;47,22;45,14;43,84;45,52;46,00;37,75;40,26
48063;Mendexa;48,59;47,28;44,68;43,82;46,70;44,75;43,92;40,53;42,11;35,42;35,11;36,81;32,22;36,72
48064;Meñaka;50,49;50,34;50,34;49,00;43,67;45,45;43,33;42,81;42,81;38,74;38,11;35,09;33,99;33,67
01039;Moreda de Álava / Moreda Araba;50,00;27,68;27,27;31,31;29,52;28,04;27,10;26,17;21,50;23,36;21,10;23,36;18,35;21,62
48066;Morga;41,21;40,10;38,62;43,86;40,59;41,57;36,61;37,64;36,52;34,44;32,97;29,55;24,72;26,26
48068;Mundaka;42,27;40,85;40,26;42,46;40,96;38,18;37,21;37,01;36,08;35,94;35,99;37,80;35,43;36,45
48069;Mungia;56,49;54,35;53,17;52,92;51,00;50,36;49,35;48,65;47,60;47,00;47,06;45,52;43,63;43,68
48007;Munitibar-Arbatzegi Gerrikaitz-;43,39;40,00;37,13;37,57;35,29;36,13;37,50;38,02;36,46;32,99;34,95;33,14;29,55;33,53
48908;Murueta;20,42;18,12;15,56;16,42;14,39;12,98;12,10;12,00;12,00;11,90;13,11;12,40;12,70;12,70
48071;Muskiz;49,17;45,18;44,90;45,03;43,84;42,76;41,26;40,77;38,83;37,95;38,11;38,35;37,88;36,74
20057;Mutiloa;50,53;40,62;43,96;46,81;38,46;42,22;39,33;33,67;34,69;37,37;41,05;45,05;39,78;44,57
20056;Mutriku;46,72;46,42;45,98;45,83;46,09;46,17;43,86;42,06;41,56;39,64;39,08;39,73;38,94;38,92
48067;Muxika;51,65;51,33;54,30;53,14;50,08;49,39;48,96;44,96;42,81;43,38;44,61;45,11;43,32;40,29
48909;Nabarniz;39,47;39,66;35,83;40,00;41,90;40,00;38,53;41,24;37,11;37,76;42,55;46,24;40,82;38,54
01041;Navaridas;48,78;38,82;31,82;39,13;34,67;35,44;35,44;44,59;36,49;39,19;38,16;40,00;48,78;39,08
20063;Oiartzun;54,86;52,77;52,37;53,06;51,63;52,11;50,91;50,46;48,13;48,04;48,17;47,90;47,20;47,08
01042;Okondo;54,98;54,19;51,75;47,86;47,12;46,07;45,95;43,83;42,07;39,25;38,22;39,34;34,35;34,90
20058;Olaberria;50,00;49,48;45,61;43,03;40,60;39,65;38,56;37,21;33,59;34,33;37,72;39,95;36,78;36,02
48073;Ondarroa;43,01;42,88;41,38;43,06;41,86;40,67;39,94;39,83;39,54;36,55;35,76;39,40;36,61;38,21
20076;Ordizia;50,22;48,15;48,39;46,83;44,55;43,94;42,86;42,39;41,22;40,44;39,79;40,91;39,92;38,90
20905;Orendain;52,63;44,57;45,78;40,70;43,37;48,68;47,22;51,43;47,14;45,71;51,43;59,09;44,44;45,07
20060;Orexa;69,44;62,50;60,53;58,14;60,47;65,91;62,79;59,57;55,32;54,35;59,09;60,87;48,89;58,14
20061;Orio;52,06;51,52;49,92;49,44;49,16;48,45;47,15;46,09;45,88;43,83;45,43;45,75;43,30;43,49
20062;Ormaiztegi;56,09;52,33;51,63;54,72;53,17;53,08;51,63;47,83;47,08;45,22;44,61;45,33;39,63;42,59
48075;Orozko;48,37;46,55;43,73;46,33;46,09;44,23;42,04;42,02;39,04;38,94;41,03;42,14;40,49;39,76
48083;Ortuella;46,20;44,01;43,34;44,11;42,19;40,82;41,07;40,32;38,67;38,22;38,91;39,76;39,32;39,26
48072;Otxandio;49,23;46,07;44,63;43,31;43,79;46,82;45,37;42,75;40,78;38,39;39,19;39,00;36,33;36,52
01043;Oyón-Oion;45,50;23,93;23,37;24,36;23,25;23,56;23,15;23,03;21,39;21,05;22,30;23,40;21,27;21,50
20059;Oñati;53,18;51,78;50,38;51,43;51,21;51,46;50,17;49,99;48,42;47,09;46,74;46,73;46,68;47,22
20064;Pasaia;51,66;49,21;46,87;50,35;48,56;47,17;45,98;44,98;43,28;42,51;42,77;42,13;40,88;41,72
01044;Peñacerrada-Urizaharra;36,04;26,45;29,66;44,09;33,67;36,46;35,79;32,63;33,68;27,08;27,96;26,73;27,10;22,52
48077;Plentzia;49,17;45,95;45,31;46,50;46,07;44,68;44,17;42,69;40,73;40,97;40,61;40,26;39,21;38,40
48078;Portugalete;44,02;42,09;40,91;41,93;41,21;40,38;40,03;39,38;38,57;37,54;37,80;37,28;36,81;36,57
01047;Ribera Baja/Erribera Beitia;44,07;31,03;28,87;34,47;30,41;29,73;27,50;26,85;26,85;26,85;27,80;29,71;28,30;24,95
01051;Salvatierra/Agurain;49,63;46,61;44,77;49,01;46,82;46,36;46,05;46,32;44,69;44,15;42,14;42,20;44,20;42,46
01052;Samaniego;46,40;38,17;37,98;34,44;39,01;38,03;40,71;43,09;45,53;45,38;51,64;73,98;61,60;60,00
01053;San Millán/Donemiliaga;47,47;46,55;47,75;54,01;54,78;55,39;55,47;53,73;49,25;50,74;45,99;49,64;44,65;47,97
48082;Santurtzi;43,39;41,84;40,80;41,47;40,67;40,01;39,20;38,49;38,02;36,77;36,98;37,34;36,29;36,25
20070;Segura;55,37;52,52;54,33;52,43;50,52;50,35;51,13;49,15;47,80;43,93;41,81;42,64;37,89;36,61
48084;Sestao;44,69;43,56;42,66;42,61;41,18;40,21;39,60;38,72;38,42;37,26;37,19;36,98;36,25;35,93
48904;Sondika;47,03;45,49;44,70;46,23;45,39;44,14;42,73;42,71;41,30;39,20;40,59;40,16;38,61;37,65
48085;Sopela;57,97;54,03;52,93;50,68;49,43;48,42;48,01;47,26;45,31;44,33;44,14;43,66;43,25;41,44
48086;Sopuerta;43,65;41,20;41,08;43,42;40,70;40,18;36,97;36,55;34,45;35,60;35,95;36,22;33,78;32,58
20065;Soraluze-Placencia de las Armas;47,50;46,22;44,38;44,61;43,04;42,19;41,59;39,06;38,89;39,33;38,84;41,14;37,83;36,22
48076;Sukarrieta;32,70;30,97;33,11;31,72;29,66;29,41;31,01;31,55;29,76;30,43;32,30;33,12;32,03;28,48
20071;Tolosa;51,60;50,32;49,45;49,03;48,35;46,74;46,30;45,76;44,31;43,48;43,21;45,08;44,55;43,80
48087;Trucios-Turtzioz;32,73;33,48;30,97;31,48;27,57;26,51;27,10;30,29;32,69;29,55;30,17;30,57;29,36;28,75
48088;Ubide;52,00;52,94;48,48;45,59;43,28;40,54;36,84;35,90;41,03;36,71;32,50;33,33;32,56;29,27
48065;Ugao-Miraballes;48,81;47,48;48,42;49,43;47,48;46,17;45,89;44,88;44,03;42,82;42,14;42,43;40,19;40,55
48089;Urduliz;49,96;48,37;45,85;46,76;46,88;47,01;45,36;46,35;43,94;42,60;42,73;42,08;40,32;41,41
48074;Urduña/Orduña;44,44;43,58;42,00;44,48;41,04;39,70;38,08;36,53;37,44;35,71;38,16;39,22;37,44;36,13
01054;Urkabustaiz;55,04;52,15;51,00;53,58;52,76;53,35;51,32;51,06;50,00;49,67;46,22;42,86;40,24;37,95
20072;Urnieta;56,06;54,93;54,01;54,59;53,32;53,90;52,20;51,34;48,82;48,81;47,73;47,49;46,39;45,94
20077;Urretxu;49,52;46,86;46,39;46,36;45,17;43,83;42,60;41,34;40,28;40,28;40,78;41,66;39,66;38,02
20073;Usurbil;54,35;53,40;53,14;53,80;53,50;52,42;51,49;50,86;49,30;48,62;48,65;49,86;47,78;47,71
01055;Valdegovía/Gaubea;33,48;26,88;28,32;34,09;34,69;33,25;33,42;32,25;32,00;31,13;30,60;30,79;29,17;30,23
48080;Valle de Trápaga-Trapagaran;46,44;44,29;43,55;44,24;42,93;41,41;40,27;39,72;38,62;37,92;38,43;39,11;37,50;36,83
20075;Villabona;50,68;50,52;49,50;49,52;49,29;47,27;45,31;46,39;44,78;43,97;44,13;44,75;43,56;43,81
01057;Villabuena de Álava/Eskuernaga;43,65;38,76;38,28;42,15;37,69;42,31;41,48;38,35;33,83;32,35;34,81;42,75;44,76;42,45
01059;Vitoria-Gasteiz;50,75;48,14;47,02;47,76;47,29;46,75;46,16;45,89;45,01;44,58;44,81;44,75;44,37;44,23
01060;Yécora/Iekora;42,31;21,70;23,89;23,53;23,01;26,32;29,91;31,53;32,43;35,19;38,18;33,05;27,59;29,31
48095;Zaldibar;47,67;46,97;43,54;44,87;45,21;45,00;42,98;40,91;39,21;38,64;38,15;39,44;38,44;37,89
20078;Zaldibia;50,22;50,00;48,62;49,31;46,38;47,97;44,41;45,30;43,70;43,02;41,50;42,02;39,97;41,43
01061;Zalduondo;40,00;30,34;28,74;37,68;41,79;34,78;34,29;32,00;34,67;33,33;36,62;35,21;32,00;31,58
48096;Zalla;46,24;43,96;42,65;43,21;42,08;41,74;39,86;38,69;37,85;37,38;37,53;38,37;37,23;37,64
01062;Zambrana;36,14;24,57;23,56;27,54;25,62;21,38;23,03;23,03;20,00;19,41;18,13;24,14;22,81;24,84
48905;Zamudio;50,25;49,02;48,08;48,37;47,78;47,56;48,05;46,36;47,88;47,20;48,81;47,21;45,49;46,45
48097;Zaratamo;46,25;44,49;43,56;44,95;45,04;44,29;46,00;45,17;45,74;43,43;46,37;42,54;40,47;37,84
20079;Zarautz;51,14;49,51;49,12;49,67;48,62;46,98;45,75;44,45;43,34;42,71;42,95;43,27;41,45;40,91
48024;Zeanuri;51,21;50,75;51,43;50,19;48,76;46,57;48,29;49,62;48,66;49,23;48,58;49,72;48,15;46,97
48025;Zeberio;52,25;49,89;47,54;47,57;49,44;47,86;47,90;44,71;43,63;41,94;41,16;40,94;39,34;42,35
20025;Zegama;57,05;54,92;55,61;56,45;51,40;49,59;46,82;43,13;45,23;42,95;39,49;39,68;36,14;37,85
20026;Zerain;45,90;47,06;42,74;48,18;46,73;51,92;50,00;47,75;49,55;52,68;43,86;41,88;34,21;33,04
20027;Zestoa;52,82;51,87;50,93;50,70;46,96;46,48;43,63;42,48;41,25;40,14;39,46;40,14;35,14;35,38
48913;Zierbena;43,82;39,81;37,68;38,94;37,09;37,38;35,06;34,86;32,08;27,78;26,52;27,35;23,26;38,99
01018;Zigoitia;52,47;46,85;47,77;49,20;47,38;50,66;48,30;48,89;48,44;47,68;47,94;48,29;43,79;41,30
48915;Ziortza-Bolibar;40,51;40,25;36,81;37,82;38,18;30,99;29,24;24,16;25,84;24,72;42,78;44,63;39,18;20,59
20028;Zizurkil;56,73;53,65;51,28;49,56;48,95;48,33;48,99;45,13;43,20;41,79;41,07;41,09;41,30;42,86
01063;Zuia;53,15;50,65;51,22;51,71;50,58;50,26;49,10;48,14;47,61;45,84;46,03;44,66;43,12;41,19
20081;Zumaia;52,03;50,26;49,40;49,19;47,26;46,69;44,78;43,29;42,80;41,30;41,11;41,18;38,83;39,50
20080;Zumarraga;48,06;46,24;45,56;45,58;43,64;42,07;40,80;39,86;38,82;37,74;37,61;42,02;38,49;38,12
