Indicadores municipales de sostenibilidad: Variación interanual en la cifra de empleo (%);;;;;;;;;;;;;;;;;;;;;;
"";;;;;;;;;;;;;;;;;;;;;;
Resumen de datos;;;;;;;;;;;;;;;;;;;;;;
Entidad;;2023;2022;2021;2020;2019;2018;2017;2016;2015;2014;2013;2012;2011;2010;2009;2008;2007;2006;2005;2004;2003
Araba/Álava;;2,05;0,73;-1,56;0,66;2,80;2,14;3,34;1,56;-0,26;0,54;-2,80;-1,83;-1,35;-3,71;1,05;3,77;3,97;1,80;4,32;2,48;1,61
Bizkaia;;1,71;-0,06;-1,38;1,25;2,59;1,51;2,38;1,08;-0,95;-1,24;-2,15;-2,29;-1,60;-5,35;1,63;3,43;4,33;3,83;4,07;1,84;2,63
CAE;;1,80;0,24;-1,31;1,13;2,41;1,79;2,36;1,22;-0,65;-0,67;-2,06;-1,91;-1,76;-4,88;1,06;2,51;4,47;3,06;4,12;1,71;2,23
Gipuzkoa;;1,80;0,45;-1,09;1,17;1,94;2,02;1,83;1,26;-0,40;-0,39;-1,57;-1,36;-2,21;-4,72;0,22;2,55;4,94;2,53;4,10;1,16;1,93
"";;;;;;;;;;;;;;;;;;;;;;
Detalle por comarcas;;;;;;;;;;;;;;;;;;;;;;
Código comarca;Comarca;2023;2022;2021;2020;2019;2018;2017;2016;2015;2014;2013;2012;2011;2010;2009;2008;2007;2006;2005;2004;2003
01100;Arabako Ibarrak / Valles Alaveses;3,10;-2,28;2,59;-0,82;-1,53;0,27;2,46;-1,04;5,48;2,24;-4,74;8,23;15,83;-7,40;3,33;3,92;2,99;;;;
01200;Arabako Lautada / Llanada Alavesa;2,21;1,21;-1,80;0,37;4,12;2,20;3,47;1,60;-0,11;1,55;-3,05;-2,64;-2,06;-3,30;1,07;2,91;3,95;;;;
01300;Arabako Mendialdea / Montaña Alavesa;1,12;-3,26;2,51;2,64;-2,78;-1,71;3,61;-7,82;7,80;1,28;-0,07;8,66;-2,78;-0,15;5,54;5,78;-0,91;;;;
48100;Arratia Nerbioi / Arratia-Nervión;1,31;-3,20;-2,81;1,76;1,85;0,57;3,58;-3,90;-0,34;-3,19;-1,96;-0,78;-3,65;-5,63;-1,49;0,11;5,70;;;;
20200;Bidasoa Beherea / Bajo Bidasoa;1,16;-1,39;-2,95;0,34;1,17;4,10;2,14;0,96;0,01;-1,23;-1,05;-0,80;-3,73;-6,49;-2,63;3,15;4,93;;;;
48200;Bilbo Handia / Gran Bilbao;1,93;-0,06;-1,26;1,06;2,75;1,35;2,51;0,65;-0,90;-1,11;-2,46;-3,19;-2,07;-5,34;2,14;2,91;4,71;;;;
20100;Deba Beherea / Bajo Deba;-0,54;-0,59;-1,93;-0,14;5,15;0,58;1,75;0,97;-0,60;0,37;-1,96;0,66;-1,78;-5,63;-0,94;1,02;1,89;;;;
20300;Debagoiena / Alto Deba;3,35;0,87;-1,73;1,02;-0,34;2,69;1,74;-0,57;-4,68;2,05;1,93;-3,43;-1,07;-3,50;-1,90;-1,31;1,25;;;;
20400;Donostialdea / Donostia-San Sebastián;1,80;0,49;-1,03;1,60;2,25;1,73;2,44;1,90;0,32;-0,75;-1,98;-2,38;-2,51;-3,96;1,11;1,67;6,19;;;;
48300;Durangaldea / Duranguesado;1,58;-1,84;-2,79;2,14;2,57;2,19;2,84;3,72;-1,92;-0,40;-0,40;0,90;0,12;-7,91;0,56;4,10;2,40;;;;
48400;Enkartazioak / Encartaciones;1,67;0,86;-1,89;2,15;0,46;1,83;1,76;-1,49;0,03;-4,12;-2,01;-1,05;5,03;-2,76;-1,67;3,66;4,50;;;;
01400;Errioxa Arabarra / Rioja Alavesa;2,45;-2,30;-1,85;3,25;0,66;4,28;5,59;5,83;1,18;-2,41;2,66;13,08;-1,09;-4,65;-1,03;2,64;5,26;;;;
48500;Gernika-Bermeo;0,15;0,26;-1,43;-0,22;2,00;0,82;2,89;1,69;0,32;-2,37;-2,23;6,60;-1,33;-6,84;-0,50;4,56;0,82;;;;
20500;Goierri;1,35;1,14;-1,50;1,65;3,20;1,87;-1,05;-0,22;1,57;-0,30;-1,82;0,34;-1,56;-8,13;1,11;4,64;4,68;;;;
01500;Gorbeia Inguruak / Estribaciones del Gorbea;0,58;2,27;-2,61;2,45;0,93;1,87;3,39;0,44;-5,08;-3,69;-4,28;-1,52;-2,92;-7,98;-0,75;-2,63;-0,10;;;;
01600;Kantauri Arabarra / Cantábrica Alavesa;0,07;-2,77;-2,46;1,23;-2,34;0,60;-0,24;1,45;-3,94;-2,92;-1,90;2,26;-0,09;-5,89;2,00;-2,75;5,70;;;;
48600;Markina-Ondarroa;-1,45;-0,18;-1,48;-2,73;-2,85;1,86;1,33;1,22;2,16;-2,30;1,37;7,44;0,99;-6,93;-1,97;2,65;3,06;;;;
48700;Plentzia-Mungia;2,03;2,33;-0,68;4,31;4,85;3,15;-2,01;8,85;-7,83;2,69;-2,56;-0,26;-0,95;0,55;2,16;3,61;6,16;;;;
20600;Tolosaldea / Tolosa;1,34;0,20;1,14;1,64;2,16;1,76;0,54;1,44;-0,54;-0,96;-2,21;1,52;-2,34;-4,64;2,51;3,50;5,06;;;;
20700;Urola-Kostaldea / Urola Costa;1,56;1,66;-0,50;-0,15;1,69;1,25;1,65;1,90;0,28;-1,51;-2,79;2,12;-3,29;-3,93;-0,74;3,16;5,59;;;;
"";;;;;;;;;;;;;;;;;;;;;;
Detalle por municipios;;;;;;;;;;;;;;;;;;;;;;
Código municipio;Municipio;2023;2022;2021;2020;2019;2018;2017;2016;2015;2014;2013;2012;2011;2010;2009;2008;2007;2006;2005;2004;2003
48001;Abadiño;1,51;-1,26;-5,54;0,19;1,11;2,60;1,78;10,22;-0,67;-2,00;-1,73;2,93;-0,92;-7,10;-1,20;3,34;1,04;1,37;2,81;5,03;6,50
20001;Abaltzisketa;-5,43;-17,83;-11,30;33,08;0,00;17,70;20,21;-31,88;9,52;-11,89;-14,37;17,61;-8,97;-6,59;14,38;22,69;10,19;54,29;32,08;35,90;-54,65
48002;Abanto y Ciérvana-Abanto Zierbena;0,10;1,64;-4,93;0,79;3,79;1,64;-1,85;-1,80;0,24;-4,33;-7,45;1,29;-7,10;-6,25;0,04;3,30;5,95;6,42;-0,83;5,47;11,06
20002;Aduna;8,01;5,43;31,86;10,74;6,09;1,18;-1,29;-0,39;-6,39;5,47;-9,86;2,35;0,00;-8,58;1,53;1,89;-2,38;10,54;-3,58;1,76;-4,38
20016;Aia;-1,46;4,68;-8,47;2,24;1,34;-0,21;2,54;1,50;-0,53;-6,39;-7,06;12,19;-2,24;-9,41;-0,46;1,40;-2,72;5,65;13,71;4,31;9,71
20003;Aizarnazabal;2,66;40,44;2,02;6,95;-4,79;13,77;1,32;0,80;-0,79;-7,77;-12,71;-5,41;-1,96;-7,12;4,38;1,35;-4,43;7,97;3,08;4,28;-0,85
48911;Ajangiz;-2,99;-1,67;-17,46;1,81;-2,02;6,35;0,34;7,29;1,03;2,78;-3,16;11,72;6,17;-10,98;-8,77;9,07;-0,39;-13,67;18,37;6,11;0,74
20004;Albiztur;1,46;0,74;6,25;4,07;2,50;0,00;0,00;46,34;-38,35;-6,34;-5,96;4,86;-8,86;2,60;-0,65;4,03;3,47;29,73;6,73;0,97;3,00
20005;Alegia;-4,49;11,90;12,79;5,07;5,58;-2,71;-7,34;4,38;-2,77;3,52;1,79;19,89;0,54;-2,89;-6,16;2,27;-8,53;7,69;0,50;-4,07;0,97
01001;Alegría-Dulantzi;2,06;7,86;-1,85;-2,13;6,28;-16,23;-2,01;-2,51;-1,38;-0,41;-4,95;-5,19;-7,54;1,16;3,47;11,76;-0,40;13,79;10,18;-3,70;13,30
20006;Alkiza;8,93;-1,75;-13,64;-1,49;-5,63;-4,05;0,00;-7,50;5,26;1,33;4,17;26,32;-1,72;3,57;5,66;8,16;19,51;5,13;-7,14;7,69;0,00
48912;Alonsotegi;4,39;-0,12;3,21;7,97;8,51;-5,03;-3,33;-0,64;-3,56;4,89;-6,39;-8,29;-12,48;-11,32;7,66;2,46;-1,03;-4,56;10,79;-10,38;4,06
20906;Altzaga;-4,76;-19,23;-7,14;12,00;-3,85;0,00;0,00;8,33;9,09;-21,43;12,00;31,58;-9,52;10,53;5,56;0,00;5,88;-51,43;-2,78;140,00;-16,67
20007;Altzo;7,60;-0,60;6,77;14,39;-4,91;-1,72;-1,02;-3,30;6,69;-1,73;2,85;-5,70;3,11;-2,03;-13,49;8,60;34,19;7,34;4,81;-12,97;10,65
20008;Amezketa;3,23;4,49;2,59;2,97;-5,07;0,57;-4,08;0,00;-3,66;3,24;3,93;12,30;-2,76;-0,31;0,93;3,18;7,90;1,04;-1,03;0,00;-1,36
48003;Amorebieta-Etxano;2,05;-2,30;-1,90;5,09;3,16;3,03;4,30;7,67;-2,26;-2,93;6,27;5,34;-0,65;-2,52;10,63;9,86;6,71;1,41;6,58;6,34;6,60
48004;Amoroto;11,90;1,45;-7,59;9,80;7,94;-6,44;-1,94;-2,83;6,53;-20,72;8,66;14,36;3,06;-14,41;-2,97;19,80;4,23;-4,55;-1,49;-10,67;17,19
01002;Amurrio;0,18;-2,33;-3,52;-2,08;0,46;-0,98;-1,61;6,37;-1,12;-6,30;0,24;3,21;2,55;-4,13;4,02;3,35;1,63;2,26;1,03;5,92;1,95
20009;Andoain;2,09;0,02;-2,27;0,59;-0,04;1,25;0,92;-0,34;-1,91;1,04;-6,35;-1,70;-2,32;-6,53;0,23;0,59;4,64;4,78;6,01;-0,08;0,71
20010;Anoeta;1,37;1,01;-0,88;0,88;5,87;1,35;2,50;-1,90;-1,47;-2,99;0,00;9,08;-3,56;-0,95;5,58;2,49;1,19;21,88;1,10;3,21;-0,38
20011;Antzuola;-0,25;0,25;-0,75;-1,72;-4,92;1,07;1,44;1,96;2,90;-5,25;-8,32;4,34;0,92;-8,54;5,56;0,56;-0,78;-3,94;2,74;-0,11;-1,83
48005;Arakaldo;-11,90;-16,00;-9,09;-16,67;3,12;10,34;0,00;-39,58;-15,79;-8,80;-11,97;-5,33;-3,23;-2,52;-2,45;-2,40;10,60;1,34;4,93;-10,13;12,06
20012;Arama;0,52;16,77;-12,77;20,13;1,29;4,75;112,23;-0,71;-23,08;7,06;-1,16;-0,58;-19,91;-24,21;61,93;4,76;-25,66;8,13;226,56;20,75;253,33
01003;Aramaio;0,84;7,21;-7,50;2,13;0,00;-0,84;-12,87;2,64;-3,64;-2,14;2,55;64,07;-2,91;-4,97;-8,12;-2,48;-0,98;9,09;-35,74;2,83;7,20
48006;Arantzazu;-6,90;9,43;-18,46;-1,52;4,76;-11,27;5,97;26,42;8,16;-2,00;0,00;13,64;4,76;5,00;-11,11;-39,19;111,43;0,00;-14,63;-21,15;-11,86
48093;Areatza;4,44;2,74;9,50;6,95;-2,09;5,52;6,47;-1,16;-2,27;-5,38;2,76;-2,16;-18,50;0,44;-2,16;8,96;4,95;2,54;1,03;20,37;-2,99
20013;Aretxabaleta;-13,33;3,74;0,27;4,48;-2,13;1,24;-0,24;0,52;-1,46;7,11;-1,58;2,30;1,08;-11,31;-12,94;3,37;2,54;-1,66;0,59;-2,55;-0,30
01006;Armiñón;-4,08;-3,92;-4,37;-5,88;9,68;20,16;0,78;-7,25;3,76;-3,62;1,47;0,74;0,00;-6,90;3,57;2,19;5,38;-15,03;-7,83;-13,54;0,52
01037;Arraia-Maeztu;7,49;-6,03;-0,50;4,71;0,00;-7,28;-5,50;-6,03;11,54;0,48;1,47;17,92;2,37;-4,52;-2,21;0,00;-2,16;-0,54;6,29;-2,23;5,29
48009;Arrankudiaga;0,81;0,00;1,31;-9,19;6,30;4,44;-3,18;5,72;-6,31;-6,21;0,45;-1,90;-2,14;-11,60;-4,34;-13,19;4,26;7,76;-3,63;-1,12;6,32
20055;Arrasate/Mondragón;8,33;0,80;0,13;0,65;-1,49;1,99;3,06;0,43;-10,81;3,64;6,88;-9,03;-2,77;5,13;-0,39;-6,67;1,28;-3,44;7,75;-2,90;1,90
48914;Arratzu;16,67;3,94;-7,30;4,58;0,00;-3,68;17,24;-18,88;-3,38;9,63;4,65;5,74;-2,40;5,93;-1,67;1,69;4,42;-1,74;-0,86;1,75;-2,56
01008;Arratzua-Ubarrundia;1,28;-1,88;-4,58;6,13;2,60;12,71;2,00;0,50;-1,97;0,00;-1,45;15,69;-1,11;1,40;3,49;-10,65;2,39;5,62;3,79;-1,72;19,93
48010;Arrieta;-16,22;19,35;-8,82;9,68;26,53;-14,04;-3,39;-36,56;47,62;-3,08;-1,52;60,98;2,50;-13,04;0,00;24,32;-2,63;-5,00;5,26;26,67;7,14
48011;Arrigorriaga;-6,68;1,53;-10,96;1,52;12,18;1,55;4,09;-0,48;-1,66;-5,51;-5,08;-4,80;-2,01;-4,61;-9,73;-1,05;3,10;5,24;6,33;6,59;9,10
48023;Artea;6,51;7,85;-4,91;0,99;2,44;-3,72;12,80;-7,93;3,36;-5,18;2,24;0,20;1,03;48,77;48,18;6,80;45,07;47,92;2,13;5,62;2,30
48008;Artzentales;4,50;-11,20;-6,72;-4,29;-3,45;14,17;0,00;-5,93;-4,26;-5,37;10,37;23,85;-11,38;-8,89;-10,60;32,46;4,59;65,15;24,53;1,92;18,18
01004;Artziniega;13,73;-0,52;-2,27;1,53;-11,94;-0,89;2,28;1,62;2,86;-6,89;-1,96;-8,93;1,20;-7,95;1,12;-3,95;6,10;2,14;-1,34;2,76;-3,61
01009;Asparrena;1,92;6,00;-2,82;-11,27;21,87;-15,98;8,43;11,70;-2,23;-1,30;-10,70;-4,27;17,69;-3,40;-10,67;5,20;5,49;-8,38;5,49;-3,59;3,82
20014;Asteasu;-3,62;-2,48;-0,24;-0,16;4,42;0,33;4,73;2,70;-1,07;-4,66;1,73;0,17;1,76;-8,60;0,40;9,65;0,18;-0,09;15,56;4,27;5,52
20903;Astigarraga;2,18;2,33;1,49;-0,32;3,30;-2,57;-2,81;13,45;-8,28;4,62;-4,42;-5,55;-2,69;-5,91;4,35;0,62;6,31;3,98;3,35;2,72;6,16
20015;Ataun;20,35;-2,16;0,43;-1,29;-1,27;3,06;-2,97;0,43;-0,42;1,72;8,41;29,70;-5,71;1,16;-1,70;-3,30;7,69;7,64;2,61;2,68;0,68
48091;Atxondo;-1,42;8,08;-0,89;-0,13;-3,55;3,29;2,46;2,66;4,74;-5,15;-1,82;-5,05;1,12;-7,70;-4,50;-1,41;2,44;2,04;0,80;-1,35;1,14
48070;Aulesti;-1,35;-0,67;-0,67;3,45;0,69;4,35;-2,82;-4,70;0,68;-3,27;-14,04;7,88;12,24;-3,29;2,01;9,56;-8,11;14,73;2,38;-2,33;-1,53
01010;Ayala/Aiara;-0,23;0,92;-5,32;-2,02;2,40;-0,11;-1,71;-5,46;-15,40;5,60;-10,51;18,71;-3,79;-6,15;5,48;-4,87;-1,96;-0,59;4,80;-0,35;-3,67
20017;Azkoitia;0,56;0,51;0,47;-4,64;3,50;0,61;4,33;2,77;5,15;1,28;-0,77;0,75;-5,53;1,17;-2,48;4,35;9,25;5,02;4,83;-1,38;0,56
20018;Azpeitia;2,04;1,93;-1,02;2,10;2,64;1,17;0,86;1,65;-1,91;-4,82;-8,15;-3,15;-2,24;-4,83;-4,66;0,89;3,84;4,24;1,31;-0,24;1,22
01049;Añana;-8,64;20,90;13,56;0,00;-7,81;8,47;43,90;-14,58;9,09;18,92;8,82;13,33;3,45;0,00;-9,38;6,67;-6,25;6,67;-23,08;0,00;-4,88
48012;Bakio;0,80;0,81;-2,37;-12,89;4,30;-3,63;1,22;6,72;7,85;-2,74;2,82;3,11;15,04;0,48;4,77;6,13;16,10;9,86;5,76;5,70;0,38
20904;Baliarrain;-19,61;27,50;2,56;2,63;-2,56;14,71;3,03;22,22;3,85;-10,34;-3,33;50,00;33,33;-16,67;-18,18;-4,35;15,00;33,33;7,14;16,67;0,00
48090;Balmaseda;-0,52;2,30;-1,32;-3,22;-1,01;3,02;-1,08;3,91;-0,32;-2,95;-0,67;1,15;6,54;-1,90;-4,52;8,39;4,90;7,08;-1,31;0,69;4,40
48013;Barakaldo;0,51;-0,67;-0,10;0,21;1,59;0,62;2,88;0,71;-0,06;0,77;6,05;-4,33;-0,37;-4,55;1,97;4,86;6,45;2,73;5,34;4,75;1,64
48014;Barrika;-0,33;3,74;2,44;-4,97;7,09;4,44;7,14;-6,32;-1,82;1,86;3,86;5,71;-4,67;-3,75;3,49;1,98;7,66;3,07;3,64;1,38;-0,46
01013;Barrundia;-0,90;2,31;-10,74;0,00;9,50;-3,49;2,69;0,90;8,33;7,94;-13,70;65,91;-2,22;-6,25;34,58;22,99;1,16;10,26;4,00;5,63;0,00
48015;Basauri;5,23;-2,55;-3,40;1,55;1,17;1,94;0,85;-1,51;-1,68;-4,05;-6,60;-2,04;3,32;-9,07;0,24;3,28;3,18;3,04;3,46;4,35;1,00
01011;Baños de Ebro/Mañueta;5,26;-1,04;-6,80;6,74;10,29;0,00;15,13;-9,52;34,40;-25,15;-7,22;127,85;-14,13;2,22;-12,62;-8,85;6,60;-2,75;2,83;-5,36;-4,27
20019;Beasain;2,28;1,05;-3,68;3,21;5,26;2,30;-0,19;-2,52;3,06;0,46;-0,54;-3,32;1,64;-3,27;6,10;4,92;6,44;1,00;4,59;7,56;3,34
48092;Bedia;2,74;-3,28;-3,75;7,94;7,12;3,60;6,11;-1,13;-11,07;-9,97;-9,93;-4,67;-8,65;-13,44;-0,20;5,74;6,70;15,01;-13,75;-2,24;4,20
20020;Beizama;-7,50;0,00;-6,98;-2,27;-10,20;8,89;-6,25;4,35;2,22;2,27;0,00;57,14;7,69;-21,21;-13,16;-9,52;75,00;-11,11;3,85;13,04;27,78
20021;Belauntza;-0,54;0,27;1,94;4,35;2,37;5,97;-6,19;1,80;-1,77;11,15;-10,29;-15,00;-8,26;-15,18;5,98;8,74;4,45;7,02;-6,12;-7,21;5,53
48016;Berango;-2,39;7,28;-7,03;-3,08;7,68;5,17;2,84;0,75;-4,33;3,28;-5,36;2,68;-2,13;-8,26;-1,09;5,85;8,98;1,28;-1,33;5,39;1,99
01014;Berantevilla;0,91;-9,13;-3,90;1,71;-1,16;-0,88;-4,31;-5,89;4,06;1,94;-1,17;2,65;59,56;-14,98;-2,71;3,39;2,27;-1,06;7,50;7,51;9,25
20022;Berastegi;-4,41;2,08;1,05;0,70;-7,19;-0,33;0,66;2,35;-1,97;2,01;2,41;13,67;-0,78;-7,19;-2,80;1,06;0,71;3,69;0,37;2,66;-0,75
20074;Bergara;1,96;0,46;-2,54;1,24;2,59;3,58;0,56;-6,16;1,80;0,82;-1,39;-2,04;-3,10;-6,28;-1,70;-0,36;1,17;0,66;-0,55;-1,04;3,40
48017;Bermeo;-0,66;-0,95;1,28;0,13;4,55;0,47;-0,58;0,40;-1,53;-4,44;4,37;17,32;-5,11;-4,10;0,78;-1,59;6,87;-2,67;3,70;2,53;-5,77
01016;Bernedo;-5,47;-3,31;-0,79;2,56;0,00;-1,72;8,93;-6,72;5,98;2,93;1,04;1,35;0,00;1,52;6,67;13,05;-1,98;1,46;3,40;0,76;2,74
48018;Berriatua;-3,78;-3,14;-6,37;-8,45;-6,04;2,52;2,66;4,64;3,11;3,55;3,95;6,01;-3,94;-11,19;1,26;-0,08;1,92;0,24;-9,45;-0,22;1,92
48019;Berriz;2,10;-3,18;-3,52;-2,88;1,24;1,20;6,73;0,54;-2,82;-2,34;-5,94;0,63;-5,52;-12,03;0,32;-0,52;1,96;7,55;6,40;-0,93;2,27
20023;Berrobi;0,00;10,75;-7,00;-4,76;5,00;-1,96;6,25;2,13;-36,91;-3,87;1,97;4,83;-1,36;-3,92;-2,55;0,00;3,29;9,35;6,92;-5,80;-0,72
20024;Bidania-Goiatz;3,73;2,29;-10,27;4,29;1,45;1,47;3,03;-7,69;-4,67;-1,96;4,79;18,70;-6,82;-0,75;3,91;-0,78;3,20;2,46;10,91;0,92;-0,91
48020;Bilbao;1,33;-0,09;0,14;0,01;2,79;1,79;2,52;-0,55;-0,18;-1,34;-3,03;-3,37;-2,49;-6,89;2,80;2,86;4,20;1,72;3,14;0,80;1,33
48021;Busturia;3,38;-2,21;-1,45;-2,82;5,19;8,43;1,22;-7,52;0,38;0,76;-1,87;0,37;9,43;-4,69;7,11;11,16;7,50;13,64;-4,35;3,37;-2,73
01017;Campezo/Kanpezu;7,98;-1,05;16,21;1,24;-11,51;2,53;0,85;-3,02;2,54;-2,47;-1,89;5,70;-3,31;-2,16;0,27;-0,80;1,08;8,85;0,59;-7,16;11,69
20029;Deba;2,91;-2,19;-2,00;3,55;1,71;-0,59;4,41;1,08;1,78;-1,25;-2,25;0,41;-8,25;-8,39;-2,39;4,47;3,23;2,38;4,10;-0,77;2,08
48901;Derio;1,43;-2,67;-0,11;1,95;10,83;-1,20;1,26;9,78;-10,62;-0,09;9,92;1,96;-2,84;5,38;10,23;7,46;1,84;26,55;17,53;11,14;20,17
48026;Dima;4,92;-1,93;-4,60;1,56;6,29;-2,89;3,32;-3,83;-0,32;-5,42;-8,03;8,41;22,43;1,87;-13,87;36,56;-4,62;9,68;6,37;-3,32;-1,86
20069;Donostia / San Sebastián;2,24;0,19;-1,29;1,56;2,44;1,53;3,16;1,57;0,83;-0,73;-0,68;-3,17;-1,87;-3,14;1,76;2,10;7,45;3,18;4,54;0,95;2,36
48027;Durango;-0,01;-8,70;-3,63;3,10;3,53;1,71;2,92;-0,33;0,03;3,08;-0,40;1,44;-0,94;-8,27;-1,37;10,14;4,67;0,11;9,57;0,82;3,97
48028;Ea;-5,74;20,11;4,82;4,40;-4,79;6,37;3,29;-1,30;2,67;0,00;1,35;13,85;-0,76;1,55;14,16;0,89;-0,88;0,89;3,70;3,85;7,22
20030;Eibar;-2,28;-1,29;-1,21;-0,03;4,98;-0,28;1,95;1,72;-0,18;0,21;-4,99;-1,67;-0,08;-4,13;-0,89;-2,11;0,77;2,09;1,56;-0,14;-2,05
48031;Elantxobe;-2,38;2,44;0,00;10,81;12,12;0,00;10,00;15,38;8,33;-4,00;-21,88;23,08;4,00;-37,50;42,86;0,00;-9,68;-3,12;-5,88;3,03;13,79
01021;Elburgo/Burgelu;3,78;-1,07;-8,78;-2,38;-4,11;6,83;7,89;3,26;-5,64;15,38;-16,34;74,14;-3,33;5,26;-29,19;7,33;16,28;8,40;12,26;-0,93;15,05
01022;Elciego;3,33;2,77;-5,97;2,67;-4,79;1,37;8,39;8,38;-0,36;-2,76;0,87;9,13;-1,13;-1,12;8,69;2,91;18,77;-16,67;12,50;6,14;-2,16
20031;Elduain;-7,23;2,47;3,85;0,00;2,63;-2,56;4,00;-7,41;0,00;1,25;2,56;4,00;1,35;-13,95;-3,37;27,14;9,38;10,34;7,41;8,00;-1,96
20033;Elgeta;-5,93;4,86;-1,20;2,93;1,25;1,59;0,96;-2,65;-5,18;1,35;-8,76;5,33;-1,98;-5,35;-5,67;-4,23;0,85;-1,08;7,24;0,26;3,62
20032;Elgoibar;-0,28;-0,74;-2,98;-1,49;5,53;1,18;0,59;-0,23;-0,59;-0,59;1,00;2,40;-1,80;-5,90;-0,25;3,28;0,85;-0,70;0,90;-0,05;2,79
48032;Elorrio;-1,72;-4,05;-3,82;3,37;0,65;6,18;-1,40;0,18;-6,18;8,66;-2,89;1,04;26,11;-10,17;-12,48;-3,55;-7,76;12,01;0,86;-0,65;0,79
01023;Elvillar/Bilar;0,00;-14,71;-3,77;7,61;5,35;14,02;-0,61;24,06;1,53;-10,88;4,26;76,25;-3,61;-1,19;-3,45;12,99;0,00;-1,28;-3,70;6,58;10,14
48902;Erandio;6,09;0,70;-6,78;4,91;6,61;-1,58;-3,57;3,31;-2,42;-4,49;-1,99;-2,78;-0,49;4,24;1,37;5,76;1,41;12,54;13,64;1,75;8,79
48033;Ereño;8,33;2,86;12,90;-3,12;-38,46;6,12;48,48;-13,16;-17,39;-6,12;0,00;22,50;0,00;-2,44;0,00;10,81;-7,50;-2,44;20,59;30,77;13,04
48034;Ermua;1,45;-0,55;-5,53;2,47;-0,48;-3,87;3,45;4,58;-0,03;-1,78;-4,21;-6,11;-2,29;-5,39;0,19;4,52;4,98;1,49;2,58;1,72;-0,30
20067;Errenteria;-0,91;-0,03;2,77;0,18;0,40;1,96;1,97;1,26;1,05;-0,22;-1,43;-0,79;-4,55;-4,36;-0,86;1,23;7,04;0,94;3,18;0,17;5,49
20066;Errezil;17,91;10,56;-1,30;-0,97;-0,96;-2,19;-7,51;4,85;-2,94;1,49;5,68;17,84;7,60;-6,37;-2,91;1,48;11,98;5,22;5,99;7,96;9,84
01046;Erriberagoitia/Ribera Alta;8,28;0,60;-3,45;1,75;-6,04;2,82;4,12;-4,49;16,34;-2,55;-3,68;30,40;0,81;3,33;0,00;6,19;8,65;2,97;3,06;7,69;10,98
48079;Errigoiti;37,50;12,00;-10,71;3,70;14,89;-12,96;22,73;-13,73;4,08;-16,95;-18,06;10,77;14,04;-17,39;56,82;-10,20;-7,55;-1,85;-1,82;19,57;15,00
20034;Eskoriatza;12,49;-1,61;-9,07;-2,84;-7,57;-2,21;-3,42;5,17;-7,75;5,38;0,25;-6,78;10,42;-15,34;0,62;9,63;0,69;-8,18;6,50;8,57;9,75
48029;Etxebarri;2,95;-2,60;5,79;0,56;1,10;0,62;7,85;-5,12;12,05;-3,52;-6,51;-5,22;-0,65;-4,41;-0,14;10,74;8,55;-4,25;-3,71;1,42;6,62
48030;Etxebarria;-3,70;5,67;1,32;-4,45;-5,01;3,35;6,27;-2,57;3,52;-1,61;2,12;6,97;13,11;-6,73;-6,69;2,54;1,20;-2,18;4,93;7,17;8,05
20035;Ezkio-Itsaso;-2,08;-9,28;-4,75;-0,33;-0,49;-0,96;0,32;-6,49;5,91;2,79;-1,30;0,00;-6,80;-12,20;-2,20;5,62;0,55;13,26;-0,77;8,57;4,94
48906;Forua;-4,40;-5,92;-6,63;-6,70;0,00;5,43;-4,66;-2,03;-4,37;-15,23;-1,62;-3,52;-3,03;-1,49;1,90;8,23;2,53;-8,14;-4,44;3,05;1,95
48035;Fruiz;-1,25;17,65;19,30;-17,39;2,99;28,85;13,04;-4,17;0,00;14,29;-6,67;18,42;2,70;37,04;-28,95;0,00;0,00;8,57;16,67;15,38;0,00
20038;Gabiria;-17,47;11,41;-3,87;12,32;-9,21;-1,30;-6,10;-1,20;-8,29;13,84;-2,45;11,64;-8,75;-8,05;-7,45;-1,05;8,57;8,70;15,83;-0,71;-1,41
20037;Gaintza;0,00;-6,25;-5,88;0,00;0,00;-10,53;-5,00;-16,67;0,00;-27,27;3,12;113,33;-28,57;10,53;5,56;0,00;0,00;5,88;30,77;0,00;8,33
48036;Galdakao;0,75;2,72;-0,95;0,43;-1,40;0,18;3,88;1,89;-0,07;2,73;-4,36;-1,87;-5,04;-7,71;1,02;3,10;7,82;2,24;4,21;1,75;1,91
48037;Galdames;2,58;9,27;-3,12;6,22;-0,41;2,11;-0,42;-12,18;-14,78;1,60;0,32;-0,95;1,29;-9,86;1,77;16,49;-0,34;3,91;10,63;3,67;17,22
48038;Gamiz-Fika;-1,24;-4,37;-10,00;2,94;14,77;3,49;5,05;16,58;-2,60;1,05;-3,55;15,88;-0,58;-12,76;3,70;18,12;3,23;-5,49;6,49;-15,38;4,00
48039;Garai;-13,43;13,56;7,27;17,02;-4,08;2,08;17,07;-6,82;-4,35;21,05;8,57;20,69;11,54;-3,70;0,00;12,50;4,35;0,00;0,00;0,00;21,05
48040;Gatika;11,08;-6,96;-2,45;0,00;-0,81;-1,33;3,30;0,28;-4,97;-1,04;-7,88;6,35;-22,90;-7,43;4,15;11,11;5,76;1,58;-3,48;1,77;8,65
48041;Gautegiz Arteaga;-3,12;-0,78;2,38;7,69;-6,40;0,81;2,48;0,00;-11,03;0,00;-6,21;4,32;-4,14;4,32;0,00;13,01;2,50;4,35;32,18;7,41;-4,71
20907;Gaztelu;15,79;-9,52;-22,22;3,85;-10,34;20,83;0,00;-4,00;13,64;-33,33;10,00;150,00;-7,69;-7,14;-50,00;0,00;0,00;16,67;-7,69;-18,75;190,91
48046;Gernika-Lumo;0,60;1,04;-0,49;0,26;1,52;0,35;5,60;3,71;3,95;-2,02;-5,60;-2,82;-0,88;-10,37;0,56;6,55;-2,44;4,98;3,58;1,70;-0,12
20039;Getaria;0,00;1,48;-3,34;-1,49;2,66;3,93;3,82;-0,09;2,13;-1,57;3,43;43,34;1,71;-5,94;1,00;-2,20;15,54;-3,28;0,69;-2,94;-2,35
48044;Getxo;0,87;1,09;-2,90;0,66;1,64;2,19;1,62;-0,94;-1,79;-0,33;-4,55;-2,04;-3,69;-3,81;-0,51;1,71;3,38;4,75;4,95;0,22;3,31
48047;Gizaburuaga;-2,47;2,53;-2,07;-2,02;-9,19;12,40;1,26;3,02;-11,79;0,38;-8,71;-3,37;-2,94;-20,52;-2,53;15,16;5,86;1,89;0,00;8,16;-3,92
48042;Gordexola;9,76;0,16;1,66;6,71;-1,22;6,31;18,72;10,73;-2,38;-0,24;-1,17;5,19;9,76;-4,65;8,40;-9,39;30,03;16,99;3,60;1,63;-6,11
48043;Gorliz;2,17;3,69;-1,43;11,28;1,07;2,84;2,73;3,51;1,08;0,40;-2,32;-0,77;3,06;12,93;-0,33;6,51;6,42;1,15;0,38;3,58;4,28
48045;Güeñes;1,76;0,66;0,59;4,05;1,32;-1,03;3,12;-7,24;3,69;-4,31;-6,25;-15,61;22,08;-6,10;-3,98;4,64;3,38;1,63;11,04;0,35;8,88
01056;Harana/Valle de Arana;5,77;-10,34;-6,45;0,00;1,64;-4,69;-4,48;-1,47;3,03;8,20;-4,69;68,42;-9,52;-20,75;1,92;6,12;-5,77;8,33;9,09;-45,68;0,00
20040;Hernani;1,18;4,25;-0,27;3,82;3,34;3,04;-0,47;2,25;2,09;1,15;-2,96;1,67;-1,56;-4,48;0,07;-0,23;3,29;8,78;6,63;2,48;1,73
20041;Hernialde;1,82;22,22;-8,16;8,89;15,38;-2,50;0,00;-16,67;-2,04;4,26;14,63;17,14;-10,26;0,00;2,63;-29,63;63,64;3,12;18,52;8,00;31,58
20036;Hondarribia;1,87;3,19;-5,41;2,09;7,50;2,12;0,57;1,29;-0,48;-2,01;1,89;13,02;1,07;-1,64;-3,25;3,84;9,81;7,87;4,03;3,75;0,73
20042;Ibarra;0,54;-3,04;1,55;3,00;3,22;3,74;-0,26;5,09;8,66;9,75;2,01;-1,89;-12,68;-7,98;11,63;11,12;113,44;-6,37;-2,39;-5,71;-2,21
48048;Ibarrangelu;0,00;-8,53;9,32;2,61;16,16;6,45;0,00;-7,00;4,17;10,34;16,00;0,00;7,14;-2,78;16,13;-1,59;14,55;5,77;6,12;-7,55;-3,64
20043;Idiazabal;1,14;0,93;1,98;2,09;-3,33;0,00;3,83;2,38;2,76;-2,09;-2,85;-2,13;-5,49;-11,50;1,75;11,98;9,01;5,82;5,37;7,21;8,52
48094;Igorre;0,70;-7,63;-1,59;1,91;-0,22;0,47;5,46;2,63;-1,81;-4,87;-1,90;-1,17;-6,78;-10,83;-3,67;-1,23;9,26;3,46;-1,44;-2,35;4,97
20044;Ikaztegieta;0,00;-4,53;-16,67;4,95;10,99;-2,15;2,20;3,41;-17,76;-6,96;7,14;10,27;32,13;-3,49;-3,38;5,33;19,05;-1,56;-4,48;-15,19;4,87
20045;Irun;1,00;-2,39;-2,40;-0,05;-0,12;4,51;2,48;0,89;0,12;-1,06;-1,67;-3,25;-4,53;-7,26;-2,53;3,04;4,19;2,26;5,10;3,77;2,40
20046;Irura;-0,11;-21,03;-0,68;1,73;5,46;5,68;2,26;0,99;-0,59;5,86;2,14;1,85;-4,96;1,68;6,73;8,13;12,26;-3,04;-3,07;0,26;-3,71
01027;Iruraiz-Gauna;0,84;0,00;0,00;-3,25;4,24;14,56;3,00;-16,67;26,32;6,74;-1,11;50,00;-3,23;-10,14;18,97;28,89;0,00;18,42;0,00;22,58;3,33
01901;Iruña Oka/Iruña de Oca;3,23;9,08;11,04;-2,95;2,82;4,77;3,33;11,23;2,63;-0,53;-4,43;-5,21;5,66;3,92;6,49;2,07;-0,57;12,15;-5,35;3,79;2,66
48049;Ispaster;3,53;-14,14;0,00;5,32;-32,86;3,70;-1,46;-16,97;-3,51;0,59;4,29;8,67;-1,96;-25,00;4,62;11,43;4,79;15,97;-10,00;-3,61;-1,19
20047;Itsasondo;6,90;3,24;-3,44;1,91;4,32;0,00;4,15;-7,96;1,95;-0,65;-9,36;3,32;0,91;-20,19;1,23;18,37;3,63;0,30;2,17;0,94;0,63
48910;Iurreta;1,52;7,06;3,12;1,55;5,46;0,87;4,36;-2,63;0,93;0,00;-3,77;-1,04;-5,84;-14,38;-0,48;-2,93;5,65;2,15;4,67;-1,45;-3,16
48050;Izurtza;7,02;-2,84;-5,38;-4,37;-6,27;-0,48;-4,14;4,07;-1,42;-7,22;-0,87;-4,75;2,98;-14,39;1,48;-1,10;0,18;-8,70;15,67;2,38;1,41
48022;Karrantza Harana/Valle de Carranza;6,38;-0,53;-7,01;-0,49;3,94;-0,76;-1,61;-1,71;4,33;-6,77;-3,66;35,50;-2,86;6,75;5,07;-1,66;3,61;10,46;2,33;14,22;-4,46
48907;Kortezubi;4,21;5,56;7,14;-10,64;-10,48;0,00;6,06;5,32;-12,15;0,94;10,42;65,52;-13,43;6,35;26,00;21,95;-4,65;10,26;-39,06;16,36;-8,33
01019;Kripan;2,63;-24,00;-15,25;20,41;-2,00;21,95;2,50;11,11;-2,70;-11,90;-4,55;193,33;-11,76;6,25;14,29;0,00;-12,50;-5,88;0,00;0,00;41,67
01020;Kuartango;1,67;25,00;-7,69;-25,71;-15,66;0,00;2,47;-1,22;34,43;15,09;3,92;75,86;16,00;-16,67;3,45;0,00;-12,12;-8,33;5,88;-24,44;-39,19
01028;Labastida/Bastida;1,21;-6,58;2,11;1,96;2,00;2,45;-0,61;5,35;-6,22;-8,29;-0,55;19,74;-2,36;-7,34;-6,32;5,91;13,39;10,07;-0,97;0,24;4,86
01030;Lagrán;3,33;-16,67;-7,69;25,81;-13,89;-2,70;15,62;-56,76;51,02;6,52;-4,17;26,32;-35,59;11,32;130,43;4,55;15,79;-9,52;5,00;5,26;5,56
01031;Laguardia;1,56;-2,15;-5,50;0,64;-0,72;2,96;7,29;3,68;0,98;3,65;0,61;6,75;-1,55;-2,71;2,08;2,79;6,16;5,84;13,07;4,28;1,92
01032;Lanciego/Lantziego;1,14;-0,23;-2,23;9,80;12,40;0,83;18,42;-1,30;-4,05;14,64;0,72;27,52;0,93;-14,96;3,67;8,41;15,90;-1,02;36,81;9,09;-5,71
48051;Lanestosa;-1,82;-8,33;3,45;7,41;1,89;3,92;-5,56;-10,00;-1,64;-4,69;3,23;34,78;53,33;7,14;12,00;-13,79;7,41;17,39;21,05;18,75;-5,88
01902;Lantarón;3,31;-1,80;3,97;-6,13;5,67;1,65;5,59;4,82;-0,26;-6,33;-4,97;8,26;-4,20;-11,56;10,42;4,27;7,20;4,95;7,53;3,52;-1,21
01033;Lapuebla de Labarca;5,90;-5,06;-3,32;4,00;3,19;-1,30;9,09;-0,20;2,69;0,42;4,34;20,37;-3,04;2,86;-5,42;-0,49;0,99;1,76;1,79;4,00;3,88
48052;Larrabetzu;1,99;7,61;2,19;4,93;17,11;10,44;-0,33;12,86;2,02;1,93;8,51;2,14;3,54;-2,31;9,12;6,00;-0,83;-4,42;-11,47;44,44;7,38
20048;Larraul;-36,05;-18,10;-17,32;14,41;-4,31;11,54;22,35;-10,53;86,27;-1,92;4,00;78,57;12,00;19,05;10,53;5,56;0,00;5,88;-26,09;-11,54;-7,14
20902;Lasarte-Oria;2,26;-0,31;-2,57;4,00;1,26;1,97;0,71;-2,70;-1,02;-0,23;-2,52;11,02;-3,87;-0,19;1,77;-0,37;4,53;5,20;4,30;-0,42;0,73
01036;Laudio/Llodio;-0,51;-3,95;-1,26;4,01;-4,61;2,18;0,84;-1,04;-4,42;-1,77;-1,64;-0,55;-0,95;-6,87;0,35;-5,95;9,00;6,80;-6,49;9,57;-0,34
48053;Laukiz;7,58;-14,29;-2,53;11,79;-4,50;20,65;2,79;-0,56;1,12;2,30;-0,57;13,64;-23,38;1,52;4,76;8,62;4,19;9,15;10,07;2,96;4,65
20049;Lazkao;1,59;0,36;-0,50;2,66;0,37;2,91;-0,68;0,61;-2,60;-1,18;0,15;-3,89;-7,59;-9,85;-4,29;9,11;9,66;1,16;3,83;-0,21;-1,19
20050;Leaburu;-6,91;-3,59;-1,02;3,14;3,80;3,37;0,00;5,33;1,81;8,50;2,68;3,47;-12,73;3,12;34,45;2,59;-9,38;4,92;4,27;8,33;13,68
20051;Legazpi;1,44;0,14;-2,22;-0,63;0,92;1,14;-6,82;0,33;2,85;-3,19;-3,59;3,62;-7,21;-13,42;-0,50;1,67;3,12;-0,55;3,67;-0,46;2,10
20052;Legorreta;-2,93;9,01;4,51;-0,20;3,86;3,14;4,38;0,66;1,34;-5,88;-18,63;-0,34;-4,55;17,14;0,77;-2,25;-0,93;-15,94;0,79;5,83;8,30
01058;Legutio;0,21;3,86;-1,89;2,27;1,44;5,08;5,71;-0,50;-4,28;-9,87;-3,14;-6,95;-5,58;-8,27;-0,36;-3,25;0,63;-2,71;5,61;-1,87;7,04
20068;Leintz-Gatzaga;-28,57;6,06;-8,33;-12,20;-2,38;-6,67;2,27;0,00;15,79;-9,52;7,69;11,43;-12,50;5,26;8,57;-2,78;16,13;-11,43;-35,19;5,88;-3,77
48054;Leioa;6,06;2,83;-3,11;2,37;2,28;-0,33;2,52;-0,43;2,69;0,50;-3,87;-3,97;4,21;-1,76;4,55;-5,19;15,50;6,89;-0,23;4,13;0,57
48057;Lekeitio;-2,73;0,79;0,40;0,00;-0,24;-0,70;-2,44;4,89;2,38;-0,73;-2,38;5,10;-4,39;-3,02;-6,31;3,07;5,03;-0,47;4,15;1,24;-4,94
48055;Lemoa;3,50;-1,39;-3,03;-3,90;4,62;4,07;-1,01;8,57;-7,84;-2,57;1,22;-0,49;0,33;-7,78;3,31;-0,37;-4,60;17,97;11,79;1,13;5,26
48056;Lemoiz;7,23;-2,35;8,97;-0,64;12,14;-2,78;7,46;-5,63;-2,74;0,69;3,57;29,63;3,85;0,00;9,47;13,10;3,70;8,00;-8,54;7,89;11,76
01034;Leza;17,24;-4,92;3,39;11,32;-15,87;-1,56;0,00;16,36;7,84;2,00;8,70;27,78;0,00;-2,70;-7,50;5,26;2,70;2,78;2,86;2,94;3,03
48081;Lezama;2,94;-0,17;11,80;9,76;6,46;-2,77;-1,47;8,41;1,27;-4,19;-9,03;15,13;-11,27;-3,08;-1,66;4,70;-1,01;10,89;-3,47;6,95;18,71
20053;Lezo;2,41;0,03;-2,35;1,79;0,58;-1,80;6,34;6,57;0,61;-6,60;-6,32;-4,23;-7,26;-4,21;-1,70;2,45;0,43;4,73;3,63;0,62;3,96
20054;Lizartza;14,58;-6,61;4,47;-1,99;-1,18;7,17;1,28;-1,68;-1,65;1,26;-9,81;-1,49;0,37;-9,15;0,34;21,99;28,19;20,51;-1,27;-4,24;-1,79
48903;Loiu;2,81;5,33;-2,39;-2,04;3,08;-3,44;10,96;-1,65;-1,77;-1,21;-1,84;-3,92;-0,70;-5,10;0,86;6,27;-1,06;-5,13;31,04;5,56;7,85
48058;Mallabia;10,86;10,17;4,83;-1,54;8,08;4,83;0,14;0,14;-2,80;-1,74;-2,29;1,46;-4,57;-14,25;4,85;5,16;1,52;-1,79;-5,00;-3,24;0,66
48060;Markina-Xemein;2,58;1,21;-5,03;-0,42;2,09;4,50;3,60;3,45;-0,14;-2,29;-0,13;-1,65;4,42;-7,88;3,15;4,88;1,82;1,56;8,32;7,18;4,67
48061;Maruri-Jatabe;6,10;1,86;2,55;0,00;0,00;2,61;2,00;18,11;6,72;0,85;-9,23;9,24;0,85;-11,28;9,92;9,01;7,77;9,57;25,33;2,74;4,29
48059;Mañaria;-0,57;10,83;-1,26;-4,79;3,09;-2,41;-5,68;1,73;-4,42;-4,23;-1,56;3,23;-7,46;-2,43;-7,62;-2,62;-8,76;13,57;21,43;-12,08;16,95
20901;Mendaro;1,04;2,88;-3,75;2,15;14,26;3,22;-0,19;2,53;-5,50;5,49;3,53;6,84;2,50;-3,98;1,11;11,98;13,20;-0,61;17,23;10,29;9,81
48062;Mendata;-5,56;12,50;10,34;16,00;-3,85;-7,14;-12,50;-11,11;-16,28;-2,27;-12,00;61,29;-6,06;0,00;32,00;4,17;0,00;20,00;0,00;5,26;-38,71
48063;Mendexa;0,95;-3,67;7,92;-7,34;15,96;4,44;20,00;-2,60;-4,94;-1,22;-1,20;10,67;0,00;5,63;-4,05;10,45;3,08;1,56;8,47;3,51;5,56
48064;Meñaka;2,44;6,03;3,57;-5,08;6,31;0,00;-4,31;5,45;6,80;-5,50;-9,92;5,22;-0,86;5,45;11,11;-2,94;4,08;6,52;4,55;4,76;5,00
01039;Moreda de Álava / Moreda Araba;3,30;-2,15;-3,12;2,13;11,90;5,00;-8,05;55,36;-15,15;-13,16;13,43;81,08;0,00;5,71;29,63;17,39;4,55;0,00;10,00;5,26;0,00
48066;Morga;8,93;1,82;-25,68;0,00;5,71;32,08;-5,36;-6,67;0,00;-1,64;3,39;31,11;15,38;-2,50;14,29;-12,50;-14,89;-4,08;2,08;4,35;2,22
48068;Mundaka;4,10;0,43;4,77;-11,82;1,01;-8,69;6,08;0,00;-6,08;0,37;-0,55;8,80;0,00;1,42;0,20;14,15;-4,01;6,65;-1,86;4,38;45,23
48069;Mungia;2,40;0,23;-0,39;2,13;4,16;0,53;-6,16;14,40;-14,86;6,15;-1,27;-2,87;-0,94;0,20;1,86;1,91;4,23;4,07;3,49;0,61;1,82
48007;Munitibar-Arbatzegi Gerrikaitz-;10,66;-7,58;1,54;4,84;-1,59;13,51;4,72;41,33;0,00;22,95;-6,15;14,04;-9,52;85,29;-2,86;-7,89;-2,56;-13,33;2,27;29,41;3,03
48908;Murueta;4,11;7,35;-8,11;-3,90;0,00;2,67;-1,32;0,00;0,00;-10,59;-36,57;3,88;2,38;3,28;-0,81;-4,65;6,61;-6,20;-17,83;0,00;-8,72
48071;Muskiz;2,07;-6,35;6,61;3,40;3,25;1,84;2,51;2,95;-3,54;-0,38;-8,62;-1,62;13,95;-0,74;6,59;2,81;3,96;6,84;7,44;2,30;4,06
20057;Mutiloa;12,12;-48,44;-4,48;-5,63;36,54;6,12;2,08;23,08;-15,22;-20,69;-22,67;63,04;-2,13;4,44;12,50;48,15;-10,00;3,45;-14,71;0,00;9,68
20056;Mutriku;3,46;4,49;2,25;-3,90;6,75;3,44;3,67;2,33;0,31;3,36;-0,94;2,45;-2,09;-8,16;-3,25;-2,89;1,84;-3,46;2,73;0,18;3,01
48067;Muxika;-3,85;-0,80;-3,68;0,78;-1,54;5,05;8,08;0,88;-2,99;-6,02;-15,88;1,02;3,53;-12,79;-4,98;6,89;-1,24;2,05;3,09;10,41;10,30
48909;Nabarniz;2,70;-2,63;0,00;-7,32;2,50;5,26;-2,56;-4,88;2,50;-6,98;7,50;14,29;0,00;2,94;-8,11;8,82;0,00;9,68;121,43;-22,22;12,50
01041;Navaridas;-1,92;-2,80;0,00;3,88;17,05;-7,37;3,26;31,43;-14,63;-14,58;1,05;55,74;-6,15;0,00;-8,45;47,92;-2,04;-3,92;4,08;-3,92;-1,92
20063;Oiartzun;-0,78;0,22;-1,37;3,26;4,09;3,85;0,92;4,36;2,13;-3,02;-4,40;-3,71;-2,18;-5,92;0,15;3,07;5,49;4,68;5,53;0,61;1,94
01042;Okondo;-5,03;1,70;-3,30;5,20;2,06;-3,14;0,29;1,75;-2,28;1,15;-6,97;13,72;-8,38;-5,29;1,07;0,27;13,37;6,13;7,27;12,45;-0,39
20058;Olaberria;-1,00;0,95;-0,42;4,82;5,06;2,14;-1,75;2,51;0,54;5,06;2,39;-3,07;2,25;-1,45;1,93;5,72;-3,74;11,15;3,55;0,61;0,77
48073;Ondarroa;-3,47;-2,74;1,14;-3,76;-4,19;-1,08;-1,55;-1,18;4,63;-6,20;4,45;17,91;-1,87;-3,17;-2,69;-2,30;4,76;0,71;0,76;-1,50;0,25
20076;Ordizia;-1,34;3,05;2,70;-0,58;2,45;3,69;-4,24;1,27;-0,15;-1,54;-4,05;3,84;2,97;-10,99;-2,58;7,06;2,62;2,88;1,08;2,33;-0,94
20905;Orendain;0,00;5,17;-6,45;12,73;17,02;0,00;11,90;-2,33;19,44;9,09;-15,38;129,41;0,00;6,25;6,67;-6,25;6,67;7,14;27,27;0,00;0,00
20060;Orexa;-3,33;20,00;4,17;-4,00;4,17;9,09;-12,00;-3,85;-3,70;-18,18;-2,94;30,77;-23,53;0,00;-2,86;12,90;14,81;12,50;-11,11;28,57;16,67
20061;Orio;-2,66;2,28;1,33;-1,75;3,80;0,55;-4,77;3,41;0,36;3,54;-1,29;17,01;-1,59;-2,18;3,21;6,25;10,97;1,28;1,56;3,63;2,62
20062;Ormaiztegi;7,05;-4,09;-2,36;-1,37;4,36;3,20;1,85;4,42;0,46;-4,08;-5,93;0,67;-5,85;-3,14;1,95;0,23;3,07;10,53;1,26;1,10;1,48
48075;Orozko;-4,66;-4,74;-6,46;10,06;0,31;-0,51;7,64;0,11;-0,22;-2,86;-2,98;7,16;0,78;15,81;-18,53;10,66;7,20;0,88;4,31;5,08;-0,95
48083;Ortuella;-1,66;-3,06;1,83;-1,43;-2,39;2,04;14,23;-1,22;-0,86;0,94;-6,71;-10,67;-18,08;-2,82;2,32;14,48;7,65;11,67;-1,29;5,68;48,19
48072;Otxandio;-3,55;-5,69;-1,97;-4,69;0,63;2,25;4,01;-6,27;-7,54;3,92;-0,90;0,90;-0,90;-18,49;-3,97;-1,38;5,85;3,80;0,51;5,36;1,36
01043;Oyón-Oion;2,74;0,53;2,22;2,61;1,95;9,06;1,36;6,54;0,51;-1,88;3,19;-2,44;0,00;-7,26;-5,41;1,13;0,94;1,41;0,61;-1,15;6,80
20059;Oñati;1,18;0,45;-3,56;1,48;2,64;5,88;2,85;0,49;1,76;-2,20;-0,19;4,88;0,41;-10,19;-1,57;4,30;1,14;3,90;3,32;3,15;1,15
20064;Pasaia;1,75;4,33;0,73;-1,95;0,09;0,28;1,10;3,08;-4,67;-0,65;-12,85;4,56;-9,00;-5,54;-0,57;1,61;3,14;-6,08;12,45;1,10;-5,40
01044;Peñacerrada-Urizaharra;16,33;11,36;-6,38;-6,00;13,64;-4,35;-8,00;-3,85;20,93;-4,44;2,27;57,14;-12,50;39,13;4,55;-12,00;0,00;-3,85;13,04;9,52;23,53
48077;Plentzia;1,76;-1,16;-2,82;0,71;1,88;3,28;0,30;0,91;2,80;-2,13;-2,81;3,68;-0,61;-7,85;-3,65;6,17;0,87;11,27;-1,43;1,61;2,14
48078;Portugalete;0,90;0,00;-2,07;0,77;1,81;0,64;1,63;1,19;-0,54;-2,12;-4,86;-2,30;-1,85;-5,05;0,46;4,62;6,87;6,49;3,12;3,66;0,00
01047;Ribera Baja/Erribera Beitia;4,15;0,41;9,22;11,11;-5,15;-2,73;1,86;5,12;7,75;11,75;-4,35;11,42;8,12;6,49;-0,72;19,19;13,56;-2,13;-2,54;5,10;2,23
01051;Salvatierra/Agurain;3,49;0,87;-2,44;4,04;-0,67;7,11;0,89;-0,28;1,35;8,08;4,11;-11,28;-6,46;-2,16;0,46;3,14;1,13;1,81;2,87;4,05;-2,85
01052;Samaniego;0,40;-4,17;0,76;4,38;6,36;14,01;2,48;9,78;5,75;-18,69;-2,28;52,08;-1,37;5,80;3,76;0,76;-0,75;5,56;0,80;17,92;-15,87
01053;San Millán/Donemiliaga;8,66;7,72;-3,12;9,18;-4,55;2,67;-4,76;-13,93;7,65;29,77;-4,73;36,14;23,17;-15,90;12,72;1,76;-17,87;5,08;12,57;9,38;19,40
48082;Santurtzi;1,86;2,14;0,59;-0,93;2,16;1,20;3,65;0,69;0,15;2,85;0,47;-3,26;-1,04;-2,68;1,47;3,01;3,91;2,02;3,54;0,50;1,86
20070;Segura;8,75;-1,66;-3,82;3,97;-4,13;1,61;5,44;2,44;15,73;-4,98;-4,04;-2,16;1,09;-8,64;-14,97;7,60;19,20;14,05;11,01;1,40;0,00
48084;Sestao;4,89;2,52;2,77;-4,50;-0,98;-4,16;4,57;3,67;-1,70;-2,59;-3,41;-3,50;-5,27;-6,72;7,88;0,87;4,02;-4,47;0,60;-0,09;0,34
48904;Sondika;1,68;-0,77;1,87;0,58;-1,38;-4,39;-0,42;2,77;-5,19;-12,17;-2,28;-6,62;-2,99;-7,45;2,02;2,81;3,29;0,10;-7,18;2,01;2,54
48085;Sopela;2,55;-1,39;-0,58;3,21;1,61;-0,04;2,01;5,28;0,43;2,22;-3,06;7,70;-7,63;7,56;2,02;-2,97;9,11;8,42;4,45;1,66;4,24
48086;Sopuerta;12,82;2,07;0,87;3,23;3,91;0,37;-1,65;-4,56;1,06;-5,05;-2,62;0,00;0,16;2,35;3,12;3,96;3,74;4,70;5,36;2,75;1,29
20065;Soraluze-Placencia de las Armas;-3,83;-1,93;-3,22;-2,63;-3,61;0,29;1,39;-2,51;-2,27;0,00;-1,12;1,52;-4,70;-8,81;-1,54;-1,36;1,87;-2,23;2,95;0,74;0,83
48076;Sukarrieta;4,40;6,71;4,20;-8,92;12,95;-21,91;4,09;7,55;6,00;28,21;-20,95;8,82;-6,21;43,56;-51,44;36,84;-16,94;3,39;12,74;-0,63;-11,24
20071;Tolosa;2,92;2,87;-0,79;-1,71;1,61;0,60;0,62;1,87;0,33;-2,59;-3,06;-0,95;-0,79;-5,35;2,65;0,35;-2,72;-0,10;2,21;0,69;0,87
48087;Trucios-Turtzioz;0,00;-3,92;-2,86;1,94;-25,36;2,22;0,75;-8,84;8,89;0,75;3,08;23,81;-10,26;-18,18;12,60;0,00;0,00;0,79;11,50;3,67;7,92
48088;Ubide;0,00;-5,00;0,00;0,00;-13,04;15,00;-13,04;21,05;-9,52;-8,70;9,52;16,67;28,57;-36,36;0,00;15,79;5,56;5,88;6,25;-5,88;0,00
48065;Ugao-Miraballes;3,85;0,10;-2,93;-1,10;4,71;-1,14;-2,72;-23,48;7,80;0,84;-1,24;-6,27;-9,21;-13,35;19,61;-1,65;-3,93;34,82;-0,19;-0,74;6,78
48089;Urduliz;-0,18;16,88;-0,47;20,07;16,41;25,62;1,67;5,87;-8,12;-6,36;-8,83;-10,29;11,76;-4,81;5,12;13,90;14,05;-2,80;-5,79;7,35;12,85
48074;Urduña/Orduña;5,18;-0,68;-4,28;7,53;5,29;3,18;0,00;-1,64;-1,76;0,59;-4,77;-7,16;-1,29;-3,95;-9,70;0,00;2,40;-3,31;0,89;-17,31;-1,18
01054;Urkabustaiz;-4,74;-1,30;-3,99;-0,74;1,00;-3,61;1,22;-0,24;-1,67;6,36;-2,24;2,03;0,25;-3,91;1,74;-1,71;-3,76;-1,62;0,93;-0,23;2,88
20072;Urnieta;3,69;-4,09;0,06;-0,23;5,58;5,80;2,68;4,63;-3,71;-5,46;-1,02;6,10;-1,25;-6,30;-2,94;9,19;1,18;-1,53;3,11;4,14;0,59
20077;Urretxu;0,43;5,44;0,10;-1,60;1,22;2,34;2,72;-2,04;5,28;-0,87;-1,45;-3,47;6,93;-13,85;-1,37;0,24;4,90;2,64;1,18;-0,05;-2,21
20073;Usurbil;1,07;0,50;-4,70;1,39;-1,34;4,91;4,31;-3,28;-0,03;-2,81;-3,95;-15,12;-4,54;-10,35;-0,75;-4,32;1,86;7,34;1,43;-0,79;3,00
01055;Valdegovía/Gaubea;12,45;2,63;8,57;-20,20;-7,53;-1,78;12,67;-5,06;9,72;7,06;-8,19;6,55;7,00;7,08;13,21;-22,06;-15,00;-2,74;5,45;7,22;13,67
48080;Valle de Trápaga-Trapagaran;0,00;-6,01;-15,82;16,37;1,21;4,36;-0,28;7,75;-8,47;-2,22;-5,05;-2,00;-6,19;-8,07;-2,01;2,79;6,25;7,65;8,95;1,71;-2,09
20075;Villabona;3,01;-0,21;-2,10;5,94;2,43;0,00;-2,45;4,50;-0,77;2,69;-2,76;-3,05;-6,22;-4,72;0,80;2,83;5,69;-0,58;-2,82;1,65;-2,24
01057;Villabuena de Álava/Eskuernaga;4,07;-8,39;8,42;7,61;-19,77;1,18;11,84;5,19;19,42;-20,66;38,64;18,92;7,56;-18,87;13,98;-2,11;0,00;0,00;3,83;12,27;1,88
01059;Vitoria-Gasteiz;2,15;0,96;-1,98;0,47;4,10;2,33;3,53;1,47;-0,20;1,41;-2,99;-2,75;-2,30;-3,46;1,07;2,85;4,13;1,26;5,63;1,84;0,47
01060;Yécora/Iekora;-0,80;-8,76;-6,16;12,31;-0,76;2,34;8,47;20,41;0,00;4,26;1,08;82,35;4,08;2,08;-9,43;3,92;15,91;0,00;100,00;-15,38;4,00
48095;Zaldibar;2,29;1,98;-3,93;-1,07;4,34;3,03;7,94;1,18;-3,35;-0,45;-0,30;-3,29;-2,70;-8,64;-2,96;3,46;2,00;2,66;3,46;0,50;3,99
20078;Zaldibia;2,35;-2,52;-1,13;2,08;3,10;-1,64;1,43;7,40;0,77;-2,75;-3,15;10,13;-8,54;-11,64;-1,28;2,17;3,37;2,53;2,60;-35,12;-6,59
01061;Zalduondo;0,00;-13,04;-14,81;8,00;-3,85;13,04;-4,17;-22,58;-18,42;31,03;7,41;92,86;0,00;7,69;0,00;0,00;-7,14;16,67;20,00;0,00;0,00
48096;Zalla;-3,46;0,32;-3,49;5,10;1,55;2,07;2,61;-1,17;-1,63;-5,49;-0,94;-5,23;-3,13;-2,33;-2,74;0,55;2,96;9,35;7,43;3,19;4,04
01062;Zambrana;-3,03;-2,94;15,25;7,27;-15,38;0,00;25,00;-1,89;1,92;0,00;-52,73;19,57;-20,00;-21,23;5,04;4,51;-6,34;9,23;-5,11;9,60;-8,76
48905;Zamudio;5,33;-1,59;-1,55;2,68;1,26;8,36;7,22;5,01;0,24;3,89;-4,04;-5,99;-0,26;-3,67;2,59;-2,09;3,98;12,54;2,62;-0,71;-0,45
48097;Zaratamo;1,78;6,58;-5,46;-1,68;2,93;-5,23;-2,24;-1,18;-5,31;-7,92;-5,35;-13,19;-10,44;-13,62;-0,61;1,91;-2,21;0,22;8,95;-2,27;11,85
20079;Zarautz;2,54;0,29;0,66;-0,46;-0,96;1,66;0,20;1,44;0,27;-0,62;-2,04;-0,20;-4,01;-2,66;1,93;3,02;4,85;6,10;2,18;-0,82;1,23
48024;Zeanuri;3,81;-6,67;-3,85;2,18;-4,98;3,88;9,95;-4,09;-0,45;-2,21;-4,24;13,46;10,05;0,53;-7,39;10,33;1,66;8,38;-2,34;1,18;-11,05
48025;Zeberio;0,00;3,57;-3,92;4,08;4,81;0,54;-3,63;4,32;6,94;-6,99;2,76;-3,21;-3,11;-6,76;1,47;6,25;-1,54;0,52;0,52;6,04;10,30
20025;Zegama;-2,19;-1,84;-3,26;4,98;-3,02;4,75;4,29;2,36;-1,66;4,51;2,49;20,09;-4,49;-11,55;-2,81;9,62;14,54;2,25;1,37;4,29;5,00
20026;Zerain;-5,75;-1,14;0,00;-2,22;2,27;6,02;-9,78;3,37;3,49;-1,15;1,16;36,51;-1,56;1,59;1,61;5,08;-1,67;7,14;1,82;5,77;6,12
20027;Zestoa;3,93;-8,86;0,85;4,35;3,02;6,50;9,30;-1,36;-6,38;1,17;0,24;4,36;-7,02;-6,56;12,48;18,58;9,00;11,31;11,78;3,08;6,46
48913;Zierbena;11,27;2,55;5,50;9,23;18,49;5,46;12,70;5,08;-1,56;-3,81;7,67;3,70;-6,39;11,45;12,34;6,72;10,87;31,43;7,69;-11,13;36,53
01018;Zigoitia;5,13;1,74;-6,50;2,78;0,11;-3,86;1,41;4,19;-11,70;6,38;-9,88;-2,89;1,42;-5,45;-4,52;-4,71;-4,87;5,63;-6,06;-3,26;99,11
48915;Ziortza-Bolibar;4,76;-12,50;9,09;-2,22;12,50;-4,76;-4,55;-2,22;-8,16;25,64;11,43;2,94;17,24;3,57;0,00;-3,45;0,00;1,56;8,32;7,18;4,67
20028;Zizurkil;-1,01;2,64;-1,12;-1,38;-3,97;5,69;-0,28;-1,65;-1,89;-12,56;-1,70;1,97;0,39;-4,81;0,23;2,31;1,09;3,55;-0,88;1,79;4,16
01063;Zuia;-0,86;-2,65;2,14;4,78;0,30;2,14;6,00;-1,75;-0,63;1,61;-4,45;8,14;1,86;-13,85;4,57;4,46;9,03;3,41;6,50;-2,61;8,48
20081;Zumaia;0,03;4,61;-1,26;-0,39;2,79;-2,66;1,33;3,83;1,83;-1,80;1,34;0,51;-2,23;-6,50;-4,05;2,26;5,57;-0,11;-1,32;3,51;3,05
20080;Zumarraga;0,61;2,81;0,90;0,22;8,67;-0,32;-7,50;0,60;-1,30;1,47;-1,96;3,45;-3,97;-6,12;-1,03;2,09;6,67;-4,69;2,18;2,22;-4,12
